date,fed_funds,yield_spread,credit_spread,stl_fsi,oil_price,treasury_10y,treasury_2y,vix_fred,consumer_sentiment,nber_recession
1990-01-01,8.23,,,,,,,,93.0,0.0
1990-01-02,,0.07,,,22.88,7.94,7.87,17.24,,
1990-01-03,,0.05,,,23.81,7.99,7.94,18.19,,
1990-01-04,,0.06,,,23.41,7.98,7.92,19.22,,
1990-01-05,,0.09,,,23.07,7.99,7.9,20.11,,
1990-01-08,,0.12,,,21.64,8.02,7.9,20.26,,
1990-01-09,,0.11,,,22.25,8.02,7.91,22.2,,
1990-01-10,,0.12,,,22.9,8.03,7.91,22.44,,
1990-01-11,,0.13,,,23.15,8.04,7.91,20.05,,
1990-01-12,,0.17,,,23.17,8.1,7.93,24.64,,
1990-01-15,,,,,22.36,,,26.34,,
1990-01-16,,0.1,,,22.61,8.2,8.1,24.18,,
1990-01-17,,0.1,,,22.11,8.19,8.09,24.16,,
1990-01-18,,0.07,,,22.78,8.32,8.25,24.34,,
1990-01-19,,0.06,,,23.7,8.26,8.2,22.5,,
1990-01-22,,0.09,,,22.57,8.27,8.18,26.7,,
1990-01-23,,0.08,,,22.34,8.26,8.18,24.72,,
1990-01-24,,0.18,,,23.43,8.38,8.2,25.39,,
1990-01-25,,0.18,,,24.48,8.42,8.24,25.63,,
1990-01-26,,0.21,,,22.56,8.49,8.28,26.28,,
1990-01-29,,0.2,,,22.79,8.5,8.3,26.44,,
1990-01-30,,0.21,,,22.29,8.51,8.3,27.25,,
1990-01-31,,0.15,,,22.69,8.43,8.28,25.36,,
1990-02-01,8.24,0.14,,,22.71,8.42,8.28,24.87,89.5,0.0
1990-02-02,,0.13,,,23.04,8.5,8.37,24.32,,
1990-02-05,,0.16,,,22.44,8.53,8.37,24.54,,
1990-02-06,,0.15,,,22.36,8.57,8.42,24.69,,
1990-02-07,,0.1,,,22.4,8.52,8.42,24.29,,
1990-02-08,,0.12,,,22.11,8.49,8.37,23.77,,
1990-02-09,,0.06,,,21.82,8.31,8.25,23.69,,
1990-02-12,,0.08,,,22.02,8.4,8.32,24.38,,
1990-02-13,,0.14,,,21.88,8.35,8.21,23.76,,
1990-02-14,,0.09,,,22.12,8.36,8.27,22.05,,
1990-02-15,,0.08,,,22.86,8.43,8.35,19.71,,
1990-02-16,,0.06,,,22.46,8.42,8.36,20.78,,
1990-02-19,,,,,22.46,,,,,
1990-02-20,,0.1,,,22.2,8.62,8.52,22.78,,
1990-02-21,,0.12,,,21.87,8.62,8.5,23.89,,
1990-02-22,,0.09,,,21.4,8.54,8.45,22.54,,
1990-02-23,,0.1,,,21.13,8.53,8.43,23.69,,
1990-02-26,,0.08,,,21.81,8.46,8.38,23.56,,
1990-02-27,,0.07,,,21.62,8.41,8.34,22.69,,
1990-02-28,,0.08,,,21.55,8.51,8.43,21.99,,
1990-03-01,8.28,0.06,,,21.19,8.59,8.53,21.9,91.3,0.0
1990-03-02,,0.06,,,21.36,8.54,8.48,21.34,,
1990-03-05,,0.1,,,21.62,8.65,8.55,22.03,,
1990-03-06,,0.05,,,21.3,8.59,8.54,20.55,,
1990-03-07,,0.04,,,20.93,8.58,8.54,19.1,,
1990-03-08,,-0.02,,,20.8,8.57,8.59,19.74,,
1990-03-09,,-0.08,,,20.42,8.65,8.73,20.3,,
1990-03-12,,-0.08,,,20.26,8.63,8.71,20.07,,
1990-03-13,,-0.04,,,20.15,8.73,8.77,21.05,,
1990-03-14,,-0.04,,,20.07,8.65,8.69,19.65,,
1990-03-15,,-0.05,,,20.38,8.66,8.71,18.81,,
1990-03-16,,-0.05,,,20.09,8.59,8.64,17.62,,
1990-03-19,,-0.09,,,19.6,8.59,8.68,18.29,,
1990-03-20,,-0.14,,,19.34,8.54,8.68,19.06,,
1990-03-21,,-0.14,,,19.59,8.55,8.69,20.1,,
1990-03-22,,-0.09,,,19.85,8.53,8.62,22.74,,
1990-03-23,,-0.09,,,20.28,8.52,8.61,20.46,,
1990-03-26,,-0.1,,,20.48,8.51,8.61,19.59,,
1990-03-27,,-0.07,,,20.36,8.52,8.59,21.01,,
1990-03-28,,-0.06,,,20.09,8.51,8.57,19.77,,
1990-03-29,,-0.02,,,20.03,8.6,8.62,18.46,,
1990-03-30,,0.01,,,20.34,8.65,8.64,19.73,,
1990-04-01,8.26,,,,,,,,93.9,0.0
1990-04-02,,0.03,,,20.51,8.65,8.62,22.84,,
1990-04-03,,0.02,,,20.23,8.63,8.61,20.44,,
1990-04-04,,0.01,,,19.78,8.55,8.54,22.03,,
1990-04-05,,0.03,,,19.48,8.57,8.54,21.21,,
1990-04-06,,0.04,,,19.15,8.56,8.52,21.76,,
1990-04-09,,0.05,,,18.32,8.59,8.54,22.3,,
1990-04-10,,0.06,,,17.56,8.6,8.54,21.69,,
1990-04-11,,0.07,,,18.19,8.63,8.56,17.73,,
1990-04-12,,0.07,,,17.76,8.64,8.57,19.8,,
1990-04-13,,,,,,,,,,
1990-04-16,,0.07,,,17.87,8.68,8.61,20.75,,
1990-04-17,,0.07,,,17.37,8.77,8.7,20.38,,
1990-04-18,,0.07,,,16.95,8.86,8.79,22.67,,
1990-04-19,,0.06,,,17.93,8.87,8.81,22.46,,
1990-04-20,,0.13,,,17.9,8.95,8.82,23.33,,
1990-04-23,,0.11,,,18.6,8.98,8.87,24.16,,
1990-04-24,,0.08,,,17.85,9.0,8.92,21.7,,
1990-04-25,,0.06,,,17.49,9.01,8.95,20.86,,
1990-04-26,,0.04,,,18.5,9.07,9.03,20.25,,
1990-04-27,,0.08,,,18.57,9.06,8.98,22.19,,
1990-04-30,,0.08,,,18.5,9.04,8.96,19.52,,
1990-05-01,8.18,0.06,,,18.76,9.08,9.02,18.43,90.6,0.0
1990-05-02,,0.04,,,18.63,9.09,9.05,19.32,,
1990-05-03,,0.06,,,17.98,9.04,8.98,17.81,,
1990-05-04,,0.14,,,17.98,8.84,8.7,17.28,,
1990-05-07,,0.13,,,18.3,8.87,8.74,17.65,,
1990-05-08,,0.16,,,18.26,8.84,8.68,18.49,,
1990-05-09,,0.13,,,19.01,8.88,8.75,18.64,,
1990-05-10,,0.13,,,19.03,8.82,8.69,18.59,,
1990-05-11,,0.09,,,18.96,8.64,8.55,19.81,,
1990-05-14,,0.1,,,19.73,8.61,8.51,20.14,,
1990-05-15,,0.11,,,19.52,8.65,8.54,19.49,,
1990-05-16,,0.14,,,19.05,8.68,8.54,17.71,,
1990-05-17,,0.13,,,18.89,8.69,8.56,17.27,,
1990-05-18,,0.12,,,18.78,8.75,8.63,17.2,,
1990-05-21,,0.13,,,18.26,8.74,8.61,16.72,,
1990-05-22,,0.11,,,17.51,8.65,8.54,17.84,,
1990-05-23,,0.1,,,16.25,8.61,8.51,17.18,,
1990-05-24,,0.13,,,16.02,8.63,8.5,17.7,,
1990-05-25,,0.16,,,16.12,8.69,8.53,17.32,,
1990-05-28,,,,,,,,,,
1990-05-29,,0.14,,,18.0,8.66,8.52,18.75,,
1990-05-30,,0.14,,,17.88,8.62,8.48,17.44,,
1990-05-31,,0.1,,,17.47,8.6,8.5,17.37,,
1990-06-01,8.29,0.11,,,17.51,8.44,8.33,17.09,88.3,0.0
1990-06-04,,0.13,,,17.09,8.44,8.31,18.39,,
1990-06-05,,0.13,,,16.41,8.47,8.34,18.97,,
1990-06-06,,0.12,,,16.91,8.46,8.34,17.42,,
1990-06-07,,0.12,,,16.65,8.46,8.34,16.88,,
1990-06-08,,0.13,,,16.78,8.46,8.33,17.58,,
1990-06-11,,0.12,,,16.82,8.48,8.36,16.34,,
1990-06-12,,0.12,,,17.39,8.48,8.36,16.6,,
1990-06-13,,0.13,,,17.6,8.4,8.27,17.38,,
1990-06-14,,0.14,,,17.11,8.38,8.24,17.4,,
1990-06-15,,0.13,,,16.64,8.46,8.33,15.9,,
1990-06-18,,0.11,,,15.92,8.5,8.39,17.71,,
1990-06-19,,0.1,,,15.55,8.51,8.41,15.23,,
1990-06-20,,0.12,,,15.43,8.55,8.43,15.27,,
1990-06-21,,0.11,,,16.09,8.52,8.41,14.72,,
1990-06-22,,0.11,,,16.5,8.51,8.4,19.36,,
1990-06-25,,0.13,,,16.15,8.58,8.45,17.06,,
1990-06-26,,0.15,,,17.12,8.56,8.41,16.29,,
1990-06-27,,0.15,,,16.7,8.52,8.37,16.0,,
1990-06-28,,0.16,,,17.18,8.47,8.31,16.18,,
1990-06-29,,0.19,,,17.05,8.43,8.24,15.5,,
1990-07-01,8.15,,,,,,,,88.2,0.0
1990-07-02,,0.18,,,16.94,8.43,8.25,16.26,,
1990-07-03,,0.2,,,16.73,8.4,8.2,16.11,,
1990-07-04,,,,,16.73,,,,,
1990-07-05,,0.2,,,16.5,8.42,8.22,17.25,,
1990-07-06,,0.19,,,16.49,8.51,8.32,16.41,,
1990-07-09,,0.18,,,16.63,8.57,8.39,16.66,,
1990-07-10,,0.17,,,17.05,8.57,8.4,16.92,,
1990-07-11,,0.17,,,17.45,8.57,8.4,16.68,,
1990-07-12,,0.3,,,18.69,8.5,8.2,17.06,,
1990-07-13,,0.32,,,18.37,8.45,8.13,17.09,,
1990-07-16,,0.29,,,18.67,8.44,8.15,16.75,,
1990-07-17,,0.31,,,18.23,8.44,8.13,16.66,,
1990-07-18,,0.37,,,18.57,8.5,8.13,18.9,,
1990-07-19,,0.38,,,19.07,8.51,8.13,18.56,,
1990-07-20,,0.4,,,19.61,8.48,8.08,15.63,,
1990-07-23,,0.43,,,19.88,8.48,8.05,23.68,,
1990-07-24,,0.41,,,19.84,8.53,8.12,21.79,,
1990-07-25,,0.41,,,19.33,8.49,8.08,20.19,,
1990-07-26,,0.41,,,20.33,8.49,8.08,20.26,,
1990-07-27,,0.42,,,20.07,8.42,8.0,21.12,,
1990-07-30,,0.41,,,20.24,8.34,7.93,21.16,,
1990-07-31,,0.45,,,20.57,8.36,7.91,21.11,,
1990-08-01,8.13,0.44,,,21.59,8.29,7.85,21.64,76.4,1.0
1990-08-02,,0.51,,,23.71,8.41,7.9,20.43,,
1990-08-03,,0.64,,,23.79,8.43,7.79,28.74,,
1990-08-06,,0.81,,,28.73,8.71,7.9,35.91,,
1990-08-07,,0.74,,,29.6,8.78,8.04,32.75,,
1990-08-08,,0.75,,,26.19,8.77,8.02,28.27,,
1990-08-09,,0.67,,,25.69,8.66,7.99,24.39,,
1990-08-10,,0.73,,,26.38,8.68,7.95,25.75,,
1990-08-13,,0.77,,,27.07,8.71,7.94,25.74,,
1990-08-14,,0.72,,,26.7,8.66,7.94,24.18,,
1990-08-15,,0.7,,,26.54,8.64,7.94,23.31,,
1990-08-16,,0.67,,,27.4,8.76,8.09,27.16,,
1990-08-17,,0.69,,,28.65,8.8,8.11,27.53,,
1990-08-20,,0.68,,,28.63,8.81,8.13,26.46,,
1990-08-21,,0.65,,,28.46,8.84,8.19,28.9,,
1990-08-22,,0.65,,,30.52,8.91,8.26,30.55,,
1990-08-23,,0.74,,,31.67,9.0,8.26,36.47,,
1990-08-24,,0.73,,,31.1,9.05,8.32,33.93,,
1990-08-27,,0.69,,,27.36,8.9,8.21,29.63,,
1990-08-28,,0.71,,,27.73,8.94,8.23,29.12,,
1990-08-29,,0.68,,,26.15,8.84,8.16,27.38,,
1990-08-30,,0.74,,,26.96,8.86,8.12,29.89,,
1990-08-31,,0.79,,,27.45,8.86,8.07,29.9,,
1990-09-01,8.2,,,,,,,,72.8,1.0
1990-09-03,,,,,27.45,,,,,
1990-09-04,,0.81,,,29.3,8.9,8.09,29.58,,
1990-09-05,,0.82,,,30.0,8.86,8.04,28.52,,
1990-09-06,,0.78,,,31.51,8.84,8.06,30.19,,
1990-09-07,,0.77,,,30.09,8.81,8.04,28.73,,
1990-09-10,,0.76,,,30.83,8.85,8.09,29.34,,
1990-09-11,,0.73,,,30.29,8.83,8.1,28.38,,
1990-09-12,,0.77,,,30.85,8.82,8.05,28.12,,
1990-09-13,,0.81,,,31.2,8.82,8.01,29.33,,
1990-09-14,,0.84,,,31.79,8.87,8.03,30.56,,
1990-09-17,,0.85,,,33.73,8.9,8.05,29.55,,
1990-09-18,,0.87,,,33.48,8.9,8.03,28.82,,
1990-09-19,,0.8,,,33.18,8.88,8.08,27.88,,
1990-09-20,,0.81,,,34.44,8.91,8.1,28.66,,
1990-09-21,,0.87,,,36.21,8.99,8.12,30.04,,
1990-09-24,,0.83,,,39.05,9.04,8.21,30.56,,
1990-09-25,,0.84,,,38.33,9.02,8.18,28.81,,
1990-09-26,,0.84,,,39.12,9.0,8.16,28.19,,
1990-09-27,,0.86,,,39.77,8.91,8.05,28.67,,
1990-09-28,,0.8,,,39.53,8.82,8.02,29.11,,
1990-10-01,8.11,0.77,,,37.08,8.71,7.94,28.06,63.9,1.0
1990-10-02,,0.77,,,34.43,8.69,7.92,27.28,,
1990-10-03,,0.83,,,37.04,8.71,7.88,27.9,,
1990-10-04,,0.8,,,36.76,8.67,7.87,27.51,,
1990-10-05,,0.84,,,37.87,8.65,7.81,27.85,,
1990-10-08,,,,,38.88,,,28.04,,
1990-10-09,,0.89,,,40.73,8.83,7.94,30.71,,
1990-10-10,,0.9,,,39.3,8.89,7.99,31.19,,
1990-10-11,,0.93,,,41.07,8.92,7.99,33.98,,
1990-10-12,,0.9,,,39.42,8.84,7.94,31.94,,
1990-10-15,,0.88,,,38.0,8.8,7.92,31.64,,
1990-10-16,,0.87,,,39.34,8.79,7.92,31.45,,
1990-10-17,,0.84,,,36.03,8.76,7.92,31.37,,
1990-10-18,,0.8,,,37.03,8.71,7.91,29.6,,
1990-10-19,,0.77,,,33.82,8.62,7.85,27.86,,
1990-10-22,,0.78,,,28.46,8.63,7.85,27.27,,
1990-10-23,,0.81,,,29.95,8.65,7.84,27.57,,
1990-10-24,,0.82,,,30.8,8.66,7.84,28.28,,
1990-10-25,,0.82,,,34.35,8.62,7.8,29.04,,
1990-10-26,,0.83,,,33.03,8.63,7.8,30.75,,
1990-10-29,,0.88,,,35.28,8.7,7.82,31.54,,
1990-10-30,,0.91,,,34.93,8.7,7.79,30.52,,
1990-10-31,,0.88,,,35.31,8.65,7.77,30.04,,
1990-11-01,7.81,0.89,,,35.3,8.57,7.68,30.25,66.0,1.0
1990-11-02,,0.89,,,33.95,8.57,7.68,30.03,,
1990-11-05,,0.87,,,32.05,8.5,7.63,29.85,,
1990-11-06,,0.87,,,32.41,8.52,7.65,29.11,,
1990-11-07,,0.9,,,35.48,8.57,7.67,30.87,,
1990-11-08,,0.91,,,35.61,8.58,7.67,30.79,,
1990-11-09,,0.88,,,33.91,8.49,7.61,26.96,,
1990-11-12,,,,,32.08,,,25.6,,
1990-11-13,,0.77,,,33.3,8.37,7.6,24.58,,
1990-11-14,,0.78,,,31.18,8.36,7.58,22.89,,
1990-11-15,,0.77,,,31.05,8.37,7.6,22.57,,
1990-11-16,,0.72,,,29.91,8.3,7.58,21.34,,
1990-11-19,,0.73,,,31.45,8.35,7.62,20.95,,
1990-11-20,,0.69,,,29.5,8.31,7.62,20.09,,
1990-11-21,,0.74,,,30.08,8.27,7.55,21.09,,
1990-11-22,,,,,30.08,,,,,
1990-11-23,,0.75,,,32.35,8.28,7.53,20.98,,
1990-11-26,,0.72,,,33.28,8.27,7.55,22.76,,
1990-11-27,,0.78,,,33.05,8.28,7.5,22.86,,
1990-11-28,,0.74,,,33.28,8.3,7.56,22.96,,
1990-11-29,,0.74,,,32.93,8.32,7.58,23.91,,
1990-11-30,,0.73,,,29.08,8.26,7.53,22.16,,
1990-12-01,7.31,,,,,,,,65.5,1.0
1990-12-03,,0.71,,,29.4,8.22,7.51,22.29,,
1990-12-04,,0.74,,,29.05,8.2,7.46,22.03,,
1990-12-05,,0.7,,,27.18,8.16,7.46,20.94,,
1990-12-06,,0.7,,,26.35,8.18,7.48,22.62,,
1990-12-07,,0.7,,,26.61,8.03,7.33,22.59,,
1990-12-10,,0.7,,,27.08,7.98,7.28,23.58,,
1990-12-11,,0.68,,,26.5,7.94,7.26,23.75,,
1990-12-12,,0.69,,,25.3,7.91,7.22,21.28,,
1990-12-13,,0.67,,,26.45,7.98,7.31,23.05,,
1990-12-14,,0.7,,,26.6,8.05,7.35,23.85,,
1990-12-17,,0.71,,,27.1,8.02,7.31,24.85,,
1990-12-18,,0.71,,,27.85,7.99,7.28,23.11,,
1990-12-19,,0.79,,,28.26,8.0,7.21,23.08,,
1990-12-20,,0.8,,,27.5,8.05,7.25,23.13,,
1990-12-21,,0.81,,,27.08,8.11,7.3,22.66,,
1990-12-24,,0.85,,,26.95,8.2,7.35,24.03,,
1990-12-25,,,,,,,,,,
1990-12-26,,0.88,,,27.35,8.15,7.27,24.18,,
1990-12-27,,0.86,,,26.95,8.11,7.25,24.81,,
1990-12-28,,0.89,,,27.58,8.14,7.25,25.05,,
1990-12-31,,0.93,,,28.48,8.08,7.15,26.38,,
1991-01-01,6.91,,,,,,,,66.8,1.0
1991-01-02,,0.89,,,26.53,7.97,7.08,26.62,,
1991-01-03,,0.85,,,25.61,7.93,7.08,27.93,,
1991-01-04,,0.85,,,24.88,8.02,7.17,27.19,,
1991-01-07,,0.93,,,27.25,8.13,7.2,28.95,,
1991-01-08,,1.01,,,27.5,8.16,7.15,30.38,,
1991-01-09,,1.15,,,28.0,8.25,7.1,33.3,,
1991-01-10,,1.02,,,27.55,8.16,7.14,31.33,,
1991-01-11,,1.06,,,27.43,8.2,7.14,32.63,,
1991-01-14,,1.05,,,30.13,8.23,7.18,36.2,,
1991-01-15,,1.06,,,30.35,8.22,7.16,36.16,,
1991-01-16,,1.03,,,32.25,8.24,7.21,33.2,,
1991-01-17,,0.86,,,21.48,8.05,7.19,27.45,,
1991-01-18,,0.89,,,20.05,8.03,7.14,25.39,,
1991-01-21,,,,,21.63,,,24.33,,
1991-01-22,,0.94,,,24.91,8.07,7.13,24.9,,
1991-01-23,,0.96,,,24.08,8.04,7.08,23.92,,
1991-01-24,,0.96,,,25.63,8.0,7.04,22.86,,
1991-01-25,,0.96,,,24.15,8.06,7.1,22.2,,
1991-01-28,,0.94,,,21.03,8.06,7.12,23.05,,
1991-01-29,,0.95,,,21.73,8.03,7.1,23.17,,
1991-01-30,,0.98,,,21.08,8.05,7.07,21.37,,
1991-01-31,,0.98,,,21.9,8.03,7.05,20.91,,
1991-02-01,6.25,1.08,,,21.33,7.91,6.83,21.04,70.4,1.0
1991-02-04,,1.06,,,21.23,7.88,6.82,21.86,,
1991-02-05,,1.05,,,20.7,7.85,6.8,21.46,,
1991-02-06,,0.97,,,21.48,7.79,6.82,22.68,,
1991-02-07,,1.02,,,21.33,7.82,6.8,23.6,,
1991-02-08,,0.97,,,21.78,7.77,6.8,23.38,,
1991-02-11,,1.0,,,22.44,7.78,6.78,22.56,,
1991-02-12,,1.0,,,22.78,7.78,6.78,22.26,,
1991-02-13,,1.0,,,22.38,7.78,6.78,20.86,,
1991-02-14,,1.03,,,22.25,7.8,6.77,21.48,,
1991-02-15,,0.96,,,20.73,7.78,6.82,19.57,,
1991-02-18,,,,,20.73,,,,,
1991-02-19,,0.93,,,20.08,7.8,6.87,19.84,,
1991-02-20,,0.97,,,20.18,7.84,6.87,22.26,,
1991-02-21,,0.98,,,18.48,7.88,6.9,20.78,,
1991-02-22,,0.93,,,17.43,7.91,6.98,21.01,,
1991-02-25,,0.92,,,17.43,7.91,6.99,22.86,,
1991-02-26,,0.96,,,18.48,7.96,7.0,20.38,,
1991-02-27,,0.96,,,19.03,7.98,7.02,21.26,,
1991-02-28,,0.98,,,19.28,8.02,7.04,21.23,,
1991-03-01,6.12,0.94,,,19.43,8.12,7.18,,87.7,1.0
1991-03-04,,0.96,,,20.33,8.12,7.16,20.86,,
1991-03-05,,0.95,,,20.5,8.08,7.13,20.45,,
1991-03-06,,0.96,,,19.78,8.11,7.15,20.55,,
1991-03-07,,0.95,,,19.33,8.07,7.12,21.05,,
1991-03-08,,1.05,,,19.34,8.13,7.08,20.81,,
1991-03-11,,1.01,,,19.0,8.06,7.05,20.88,,
1991-03-12,,1.02,,,20.06,8.09,7.07,18.82,,
1991-03-13,,1.02,,,20.48,8.02,7.0,16.09,,
1991-03-14,,1.07,,,20.05,8.02,6.95,14.94,,
1991-03-15,,1.09,,,19.88,8.1,7.01,14.9,,
1991-03-18,,1.06,,,19.78,8.15,7.09,15.79,,
1991-03-19,,1.03,,,20.68,8.25,7.22,16.11,,
1991-03-20,,1.0,,,20.4,8.2,7.2,16.04,,
1991-03-21,,1.03,,,20.78,8.16,7.13,16.86,,
1991-03-22,,1.0,,,19.88,8.13,7.13,16.49,,
1991-03-25,,0.99,,,19.47,8.13,7.14,16.76,,
1991-03-26,,0.97,,,19.78,8.13,7.16,16.31,,
1991-03-27,,1.01,,,19.45,8.08,7.07,16.55,,
1991-03-28,,1.03,,,19.63,8.05,7.02,16.88,,
1991-03-29,,,,,,,,,,
1991-04-01,5.91,1.06,,,19.28,8.07,7.01,17.42,81.8,0.0
1991-04-02,,1.06,,,19.38,8.03,6.97,17.4,,
1991-04-03,,1.06,,,19.48,8.05,6.99,17.61,,
1991-04-04,,1.06,,,19.98,8.0,6.94,18.01,,
1991-04-05,,1.07,,,20.03,7.99,6.92,17.63,,
1991-04-08,,1.07,,,20.28,7.98,6.91,17.41,,
1991-04-09,,1.09,,,20.58,8.03,6.94,20.12,,
1991-04-10,,1.08,,,21.08,8.1,7.02,19.73,,
1991-04-11,,1.14,,,20.98,8.09,6.95,17.24,,
1991-04-12,,1.1,,,21.54,7.98,6.88,18.45,,
1991-04-15,,1.05,,,21.85,7.95,6.9,16.5,,
1991-04-16,,1.05,,,21.6,7.97,6.92,15.82,,
1991-04-17,,1.05,,,21.73,7.95,6.9,15.47,,
1991-04-18,,1.03,,,21.08,8.02,6.99,16.26,,
1991-04-19,,1.07,,,21.16,8.1,7.03,15.68,,
1991-04-22,,1.08,,,21.68,8.15,7.07,16.78,,
1991-04-23,,1.07,,,21.03,8.12,7.05,17.02,,
1991-04-24,,1.11,,,21.0,8.06,6.95,16.72,,
1991-04-25,,1.14,,,20.95,8.07,6.93,17.15,,
1991-04-26,,1.17,,,21.28,8.06,6.89,17.27,,
1991-04-29,,1.17,,,21.3,8.07,6.9,18.27,,
1991-04-30,,1.22,,,20.99,8.02,6.8,18.24,,
1991-05-01,5.78,1.21,,,21.28,8.01,6.8,17.77,78.3,0.0
1991-05-02,,1.21,,,21.17,7.97,6.76,17.52,,
1991-05-03,,1.24,,,21.43,8.04,6.8,17.24,,
1991-05-06,,1.23,,,21.73,8.05,6.82,17.92,,
1991-05-07,,1.24,,,21.72,8.06,6.82,17.46,,
1991-05-08,,1.2,,,21.83,8.04,6.84,17.78,,
1991-05-09,,1.18,,,21.92,8.02,6.84,17.17,,
1991-05-10,,1.25,,,21.25,8.12,6.87,17.54,,
1991-05-13,,1.23,,,20.89,8.07,6.84,17.66,,
1991-05-14,,1.28,,,20.73,8.14,6.86,18.0,,
1991-05-15,,1.29,,,21.04,8.13,6.84,18.38,,
1991-05-16,,1.28,,,20.91,8.12,6.84,17.24,,
1991-05-17,,1.22,,,21.19,8.08,6.86,16.64,,
1991-05-20,,1.24,,,21.39,8.1,6.86,17.1,,
1991-05-21,,1.22,,,20.95,8.06,6.84,16.07,,
1991-05-22,,1.29,,,20.85,8.06,6.77,16.16,,
1991-05-23,,1.36,,,20.95,8.1,6.74,16.11,,
1991-05-24,,1.41,,,21.04,8.1,6.69,15.23,,
1991-05-27,,,,,,,,,,
1991-05-28,,1.41,,,21.34,8.07,6.66,15.67,,
1991-05-29,,1.46,,,21.04,8.07,6.61,15.9,,
1991-05-30,,1.42,,,21.3,8.02,6.6,16.02,,
1991-05-31,,1.38,,,21.16,8.06,6.68,15.93,,
1991-06-01,5.9,,,,,,,,82.1,0.0
1991-06-03,,1.35,,,21.16,8.14,6.79,16.87,,
1991-06-04,,1.35,,,20.9,8.14,6.79,16.17,,
1991-06-05,,1.36,,,20.45,8.19,6.83,16.4,,
1991-06-06,,1.37,,,20.38,8.23,6.86,16.93,,
1991-06-07,,1.31,,,20.28,8.29,6.98,16.98,,
1991-06-10,,1.28,,,19.84,8.29,7.01,17.47,,
1991-06-11,,1.3,,,19.85,8.29,6.99,17.32,,
1991-06-12,,1.28,,,20.08,8.36,7.08,17.72,,
1991-06-13,,1.26,,,19.71,8.34,7.08,16.99,,
1991-06-14,,1.27,,,19.7,8.29,7.02,15.98,,
1991-06-17,,1.28,,,19.97,8.3,7.02,15.5,,
1991-06-18,,1.32,,,20.11,8.32,7.0,16.14,,
1991-06-19,,1.38,,,19.99,8.33,6.95,17.44,,
1991-06-20,,1.43,,,20.22,8.3,6.87,16.75,,
1991-06-21,,1.38,,,20.1,8.32,6.94,16.51,,
1991-06-24,,1.37,,,19.92,8.33,6.96,18.28,,
1991-06-25,,1.29,,,20.03,8.33,7.04,17.85,,
1991-06-26,,1.32,,,20.12,8.33,7.01,17.98,,
1991-06-27,,1.32,,,20.41,8.32,7.0,17.87,,
1991-06-28,,1.34,,,20.56,8.24,6.9,19.55,,
1991-07-01,5.82,1.29,,,20.78,8.26,6.97,18.64,82.9,0.0
1991-07-02,,1.27,,,20.92,8.27,7.0,17.63,,
1991-07-03,,1.29,,,20.69,8.26,6.97,19.47,,
1991-07-04,,,,,20.69,,,,,
1991-07-05,,1.3,,,20.91,8.34,7.04,18.35,,
1991-07-08,,1.34,,,21.29,8.34,7.0,20.29,,
1991-07-09,,1.36,,,21.35,8.36,7.0,19.76,,
1991-07-10,,1.38,,,21.43,8.35,6.97,19.19,,
1991-07-11,,1.38,,,21.32,8.3,6.92,17.39,,
1991-07-12,,1.38,,,21.74,8.26,6.88,18.29,,
1991-07-15,,1.38,,,21.5,8.26,6.88,17.78,,
1991-07-16,,1.37,,,21.7,8.27,6.9,17.49,,
1991-07-17,,1.36,,,22.2,8.3,6.94,17.52,,
1991-07-18,,1.4,,,21.97,8.31,6.91,15.77,,
1991-07-19,,1.39,,,22.16,8.28,6.89,15.5,,
1991-07-22,,1.37,,,21.74,8.28,6.91,16.9,,
1991-07-23,,1.37,,,21.25,8.31,6.94,16.58,,
1991-07-24,,1.36,,,21.41,8.24,6.88,16.41,,
1991-07-25,,1.33,,,21.11,8.2,6.87,15.74,,
1991-07-26,,1.35,,,21.48,8.2,6.85,15.45,,
1991-07-29,,1.38,,,21.38,8.2,6.82,15.67,,
1991-07-30,,1.37,,,21.55,8.21,6.84,15.47,,
1991-07-31,,1.39,,,21.7,8.2,6.81,15.18,,
1991-08-01,5.66,1.36,,,21.33,8.2,6.84,15.47,82.0,0.0
1991-08-02,,1.37,,,21.35,8.06,6.69,15.26,,
1991-08-05,,1.35,,,21.5,8.04,6.69,15.92,,
1991-08-06,,1.4,,,21.39,7.97,6.57,15.54,,
1991-08-07,,1.39,,,21.38,7.93,6.54,15.56,,
1991-08-08,,1.46,,,21.6,7.98,6.52,15.98,,
1991-08-09,,1.49,,,21.64,7.98,6.49,15.45,,
1991-08-12,,1.46,,,21.71,7.95,6.49,15.26,,
1991-08-13,,1.43,,,21.52,7.91,6.48,14.73,,
1991-08-14,,1.45,,,21.3,7.82,6.37,15.09,,
1991-08-15,,1.51,,,21.39,7.84,6.33,15.19,,
1991-08-16,,1.53,,,21.29,7.84,6.31,16.01,,
1991-08-19,,1.59,,,22.5,7.83,6.24,21.19,,
1991-08-20,,1.64,,,22.3,7.81,6.17,18.86,,
1991-08-21,,1.53,,,21.44,7.8,6.27,15.62,,
1991-08-22,,1.51,,,21.93,7.78,6.27,14.59,,
1991-08-23,,1.42,,,21.78,7.88,6.46,14.41,,
1991-08-26,,1.43,,,21.98,7.91,6.48,14.81,,
1991-08-27,,1.48,,,21.86,7.89,6.41,15.46,,
1991-08-28,,1.52,,,21.77,7.82,6.3,15.31,,
1991-08-29,,1.49,,,22.02,7.74,6.25,14.82,,
1991-08-30,,1.46,,,22.28,7.82,6.36,14.46,,
1991-09-01,5.45,,,,,,,,83.0,0.0
1991-09-02,,,,,,,,,,
1991-09-03,,1.48,,,22.28,7.81,6.33,16.57,,
1991-09-04,,1.5,,,21.76,7.81,6.31,17.18,,
1991-09-05,,1.52,,,21.75,7.83,6.31,17.31,,
1991-09-06,,1.5,,,21.56,7.76,6.26,16.76,,
1991-09-09,,1.5,,,21.36,7.73,6.23,17.73,,
1991-09-10,,1.52,,,21.44,7.73,6.21,18.22,,
1991-09-11,,1.51,,,21.66,7.74,6.23,17.96,,
1991-09-12,,1.47,,,21.51,7.67,6.2,16.21,,
1991-09-13,,1.48,,,21.71,7.66,6.18,17.88,,
1991-09-16,,1.46,,,21.84,7.63,6.17,17.82,,
1991-09-17,,1.44,,,21.73,7.62,6.18,17.68,,
1991-09-18,,1.44,,,21.87,7.62,6.18,17.56,,
1991-09-19,,1.41,,,21.79,7.61,6.2,17.56,,
1991-09-20,,1.39,,,22.02,7.57,6.18,17.08,,
1991-09-23,,1.38,,,22.2,7.55,6.17,16.38,,
1991-09-24,,1.45,,,22.24,7.56,6.11,16.04,,
1991-09-25,,1.46,,,22.11,7.58,6.12,15.68,,
1991-09-26,,1.51,,,22.23,7.56,6.05,15.35,,
1991-09-27,,1.47,,,22.42,7.49,6.02,16.31,,
1991-09-30,,1.48,,,22.25,7.47,5.99,15.85,,
1991-10-01,5.21,1.46,,,22.1,7.45,5.99,14.81,78.3,0.0
1991-10-02,,1.48,,,22.34,7.47,5.99,15.81,,
1991-10-03,,1.49,,,22.7,7.47,5.98,17.04,,
1991-10-04,,1.48,,,22.64,7.39,5.91,15.63,,
1991-10-07,,1.47,,,22.99,7.4,5.93,18.58,,
1991-10-08,,1.54,,,23.02,7.43,5.89,17.81,,
1991-10-09,,1.58,,,23.18,7.51,5.93,18.54,,
1991-10-10,,1.6,,,23.01,7.58,5.98,17.8,,
1991-10-11,,1.58,,,23.19,7.49,5.91,17.6,,
1991-10-14,,,,,23.48,,,16.71,,
1991-10-15,,1.61,,,23.89,7.46,5.85,16.22,,
1991-10-16,,1.59,,,23.67,7.45,5.86,14.85,,
1991-10-17,,1.62,,,23.96,7.55,5.93,16.32,,
1991-10-18,,1.58,,,24.12,7.53,5.95,15.87,,
1991-10-21,,1.63,,,24.03,7.62,5.99,16.66,,
1991-10-22,,1.65,,,23.47,7.67,6.02,16.55,,
1991-10-23,,1.68,,,23.14,7.69,6.01,16.26,,
1991-10-24,,1.72,,,23.47,7.65,5.93,15.62,,
1991-10-25,,1.75,,,23.18,7.68,5.93,15.75,,
1991-10-28,,1.77,,,23.24,7.65,5.88,15.45,,
1991-10-29,,1.73,,,23.09,7.51,5.78,15.55,,
1991-10-30,,1.75,,,23.11,7.48,5.73,15.46,,
1991-10-31,,1.77,,,23.29,7.47,5.7,15.48,,
1991-11-01,4.81,1.83,,,23.85,7.48,5.65,15.6,69.1,0.0
1991-11-04,,1.87,,,23.82,7.5,5.63,16.35,,
1991-11-05,,1.86,,,23.78,7.56,5.7,16.48,,
1991-11-06,,1.88,,,23.44,7.51,5.63,16.47,,
1991-11-07,,1.81,,,23.29,7.43,5.62,15.97,,
1991-11-08,,1.78,,,23.0,7.41,5.63,15.43,,
1991-11-11,,,,,22.66,,,14.89,,
1991-11-12,,1.72,,,22.58,7.37,5.65,14.04,,
1991-11-13,,1.76,,,22.28,7.41,5.65,13.95,,
1991-11-14,,1.75,,,22.55,7.35,5.6,13.96,,
1991-11-15,,1.79,,,22.79,7.33,5.54,21.18,,
1991-11-18,,1.78,,,22.38,7.33,5.55,18.28,,
1991-11-19,,1.87,,,21.88,7.37,5.5,20.34,,
1991-11-20,,1.86,,,22.17,7.38,5.52,20.4,,
1991-11-21,,1.89,,,21.93,7.39,5.5,19.11,,
1991-11-22,,1.95,,,21.85,7.44,5.49,21.2,,
1991-11-25,,1.95,,,22.15,7.45,5.5,21.92,,
1991-11-26,,1.97,,,21.04,7.42,5.45,19.8,,
1991-11-27,,1.99,,,21.38,7.42,5.43,19.84,,
1991-11-28,,,,,21.38,,,,,
1991-11-29,,2.0,,,21.48,7.38,5.38,20.26,,
1991-12-01,4.43,,,,,,,,68.2,0.0
1991-12-02,,1.99,,,21.1,7.32,5.33,20.18,,
1991-12-03,,1.99,,,20.61,7.28,5.29,19.7,,
1991-12-04,,1.95,,,20.75,7.17,5.22,19.54,,
1991-12-05,,1.99,,,20.42,7.21,5.22,20.19,,
1991-12-06,,2.07,,,19.87,7.26,5.19,19.04,,
1991-12-09,,2.13,,,19.39,7.22,5.09,19.74,,
1991-12-10,,2.14,,,19.24,7.21,5.07,19.89,,
1991-12-11,,2.18,,,19.54,7.22,5.04,20.57,,
1991-12-12,,2.13,,,19.94,7.19,5.06,19.08,,
1991-12-13,,2.13,,,20.09,7.22,5.09,17.88,,
1991-12-16,,2.15,,,19.78,7.21,5.06,17.62,,
1991-12-17,,2.16,,,19.45,7.18,5.02,18.12,,
1991-12-18,,2.08,,,19.39,7.19,5.11,17.78,,
1991-12-19,,2.06,,,19.12,7.11,5.05,17.96,,
1991-12-20,,2.17,,,18.28,6.97,4.8,17.65,,
1991-12-23,,2.09,,,18.58,6.88,4.79,16.61,,
1991-12-24,,2.04,,,18.68,6.88,4.84,15.67,,
1991-12-25,,,,,,,,,,
1991-12-26,,2.0,,,18.63,6.85,4.85,15.44,,
1991-12-27,,1.97,,,18.82,6.82,4.85,15.7,,
1991-12-30,,1.96,,,18.63,6.76,4.8,17.63,,
1991-12-31,,1.94,,,19.15,6.71,4.77,19.31,,
1992-01-01,4.03,,,,,,,,67.5,0.0
1992-01-02,,2.01,,,19.43,6.78,4.77,18.95,,
1992-01-03,,2.05,,,19.22,6.85,4.8,18.75,,
1992-01-06,,2.06,,,19.24,6.82,4.76,18.96,,
1992-01-07,,2.09,,,18.72,6.76,4.67,19.23,,
1992-01-08,,2.11,,,17.95,6.77,4.66,18.72,,
1992-01-09,,2.02,,,17.89,6.79,4.77,18.96,,
1992-01-10,,2.0,,,18.26,6.85,4.85,18.45,,
1992-01-13,,1.99,,,18.77,6.92,4.93,18.01,,
1992-01-14,,2.03,,,18.4,7.03,5.0,17.01,,
1992-01-15,,1.98,,,18.83,7.05,5.07,17.39,,
1992-01-16,,2.06,,,18.94,7.13,5.07,17.64,,
1992-01-17,,2.07,,,19.11,7.09,5.02,16.32,,
1992-01-20,,,,,18.92,,,16.42,,
1992-01-21,,2.06,,,18.5,7.03,4.97,17.92,,
1992-01-22,,2.14,,,18.73,7.09,4.95,16.75,,
1992-01-23,,2.18,,,18.38,7.2,5.02,16.46,,
1992-01-24,,2.12,,,18.75,7.25,5.13,16.24,,
1992-01-27,,2.09,,,19.35,7.24,5.15,16.67,,
1992-01-28,,2.06,,,19.09,7.16,5.1,17.67,,
1992-01-29,,2.1,,,18.92,7.25,5.15,17.62,,
1992-01-30,,2.14,,,18.95,7.31,5.17,17.49,,
1992-01-31,,2.2,,,18.93,7.31,5.11,17.4,,
1992-02-01,4.06,,,,,,,,68.8,0.0
1992-02-03,,2.21,,,18.97,7.36,5.15,18.2,,
1992-02-04,,2.17,,,19.26,7.29,5.12,17.96,,
1992-02-05,,2.14,,,19.5,7.21,5.07,18.22,,
1992-02-06,,2.15,,,19.48,7.2,5.05,18.79,,
1992-02-07,,2.23,,,19.91,7.2,4.97,18.51,,
1992-02-10,,2.27,,,19.69,7.21,4.94,18.56,,
1992-02-11,,2.22,,,19.36,7.23,5.01,17.7,,
1992-02-12,,2.22,,,19.29,7.3,5.08,17.37,,
1992-02-13,,2.18,,,19.7,7.4,5.22,17.45,,
1992-02-14,,2.14,,,19.42,7.41,5.27,17.03,,
1992-02-17,,,,,19.42,,,,,
1992-02-18,,2.23,,,18.14,7.47,5.24,18.22,,
1992-02-19,,2.14,,,18.42,7.42,5.28,17.16,,
1992-02-20,,2.11,,,18.52,7.41,5.3,16.72,,
1992-02-21,,1.99,,,18.6,7.45,5.46,16.87,,
1992-02-24,,2.01,,,18.37,7.47,5.46,17.13,,
1992-02-25,,2.01,,,18.3,7.44,5.43,16.35,,
1992-02-26,,1.96,,,18.44,7.33,5.37,16.64,,
1992-02-27,,2.01,,,18.77,7.35,5.34,16.51,,
1992-02-28,,2.0,,,18.69,7.27,5.27,16.68,,
1992-03-01,3.98,,,,,,,,76.0,0.0
1992-03-02,,1.93,,,18.36,7.38,5.45,16.88,,
1992-03-03,,1.95,,,18.67,7.43,5.48,17.26,,
1992-03-04,,1.93,,,18.62,7.43,5.5,17.89,,
1992-03-05,,1.89,,,18.58,7.51,5.62,18.47,,
1992-03-06,,1.88,,,18.53,7.48,5.6,19.75,,
1992-03-09,,1.88,,,18.65,7.42,5.54,19.68,,
1992-03-10,,1.87,,,18.62,7.43,5.56,18.68,,
1992-03-11,,1.93,,,18.5,7.51,5.58,19.79,,
1992-03-12,,1.88,,,18.86,7.62,5.74,19.72,,
1992-03-13,,1.85,,,19.16,7.71,5.86,18.35,,
1992-03-16,,1.82,,,19.15,7.69,5.87,18.46,,
1992-03-17,,1.79,,,19.27,7.62,5.83,16.79,,
1992-03-18,,1.78,,,19.05,7.62,5.84,16.69,,
1992-03-19,,1.78,,,19.27,7.57,5.79,16.52,,
1992-03-20,,1.78,,,18.78,7.64,5.86,16.82,,
1992-03-23,,1.75,,,18.91,7.62,5.87,16.73,,
1992-03-24,,1.75,,,19.06,7.53,5.78,16.32,,
1992-03-25,,1.81,,,19.0,7.53,5.72,16.19,,
1992-03-26,,1.88,,,19.31,7.57,5.69,16.29,,
1992-03-27,,1.86,,,19.19,7.54,5.68,16.02,,
1992-03-30,,1.93,,,19.25,7.54,5.61,15.97,,
1992-03-31,,1.94,,,19.49,7.54,5.6,16.18,,
1992-04-01,3.73,1.93,,,19.85,7.46,5.53,16.48,77.2,0.0
1992-04-02,,1.92,,,19.79,7.47,5.55,17.06,,
1992-04-03,,2.05,,,20.25,7.42,5.37,16.72,,
1992-04-06,,2.05,,,20.44,7.41,5.36,16.72,,
1992-04-07,,2.07,,,20.29,7.41,5.34,18.81,,
1992-04-08,,2.11,,,20.64,7.44,5.33,20.15,,
1992-04-09,,2.26,,,20.33,7.35,5.09,17.89,,
1992-04-10,,2.21,,,20.45,7.37,5.16,16.85,,
1992-04-13,,2.22,,,20.24,7.33,5.11,16.99,,
1992-04-14,,2.2,,,19.81,7.35,5.15,15.98,,
1992-04-15,,2.15,,,19.93,7.37,5.22,15.15,,
1992-04-16,,2.11,,,20.25,7.45,5.34,14.85,,
1992-04-17,,,,,,,,,,
1992-04-20,,2.14,,,20.26,7.59,5.45,15.93,,
1992-04-21,,2.17,,,20.17,7.58,5.41,16.53,,
1992-04-22,,2.16,,,19.92,7.57,5.41,15.96,,
1992-04-23,,2.18,,,19.91,7.59,5.41,15.83,,
1992-04-24,,2.22,,,20.05,7.55,5.33,15.71,,
1992-04-27,,2.18,,,20.31,7.6,5.42,16.49,,
1992-04-28,,2.17,,,20.29,7.57,5.4,16.24,,
1992-04-29,,2.21,,,20.77,7.6,5.39,15.95,,
1992-04-30,,2.15,,,20.88,7.61,5.46,15.53,,
1992-05-01,3.82,2.23,,,20.88,7.56,5.33,16.61,79.2,0.0
1992-05-04,,2.26,,,21.13,7.58,5.32,16.92,,
1992-05-05,,2.26,,,20.78,7.56,5.3,16.66,,
1992-05-06,,2.21,,,20.79,7.46,5.25,16.81,,
1992-05-07,,2.15,,,20.73,7.49,5.34,16.54,,
1992-05-08,,2.12,,,20.85,7.41,5.29,15.65,,
1992-05-11,,2.16,,,21.02,7.4,5.24,15.17,,
1992-05-12,,2.17,,,20.98,7.36,5.19,15.68,,
1992-05-13,,2.2,,,20.75,7.34,5.14,15.19,,
1992-05-14,,2.21,,,20.56,7.34,5.13,15.49,,
1992-05-15,,2.17,,,20.7,7.28,5.11,14.82,,
1992-05-18,,2.16,,,20.54,7.28,5.12,14.62,,
1992-05-19,,2.2,,,20.12,7.2,5.0,13.57,,
1992-05-20,,2.12,,,20.2,7.25,5.13,13.62,,
1992-05-21,,2.05,,,20.79,7.39,5.34,13.92,,
1992-05-22,,2.11,,,20.79,7.35,5.24,13.73,,
1992-05-25,,,,,,,,,,
1992-05-26,,2.11,,,21.8,7.46,5.35,14.92,,
1992-05-27,,2.16,,,22.0,7.44,5.28,13.99,,
1992-05-28,,2.14,,,21.97,7.36,5.22,13.77,,
1992-05-29,,2.14,,,22.13,7.33,5.19,13.86,,
1992-06-01,3.76,2.1,,,22.07,7.39,5.29,14.43,80.4,0.0
1992-06-02,,2.12,,,22.2,7.35,5.23,14.57,,
1992-06-03,,2.14,,,22.45,7.34,5.2,14.35,,
1992-06-04,,2.12,,,22.53,7.34,5.22,13.66,,
1992-06-05,,2.18,,,22.65,7.31,5.13,14.65,,
1992-06-08,,2.2,,,22.43,7.31,5.11,15.19,,
1992-06-09,,2.22,,,22.23,7.33,5.11,15.97,,
1992-06-10,,2.22,,,22.49,7.35,5.13,16.62,,
1992-06-11,,2.24,,,22.33,7.33,5.09,16.29,,
1992-06-12,,2.23,,,22.28,7.29,5.06,14.95,,
1992-06-15,,2.23,,,22.38,7.28,5.05,14.76,,
1992-06-16,,2.22,,,22.23,7.24,5.02,15.22,,
1992-06-17,,2.23,,,22.3,7.23,5.0,18.08,,
1992-06-18,,2.25,,,22.23,7.19,4.94,18.2,,
1992-06-19,,2.24,,,22.16,7.24,5.0,16.31,,
1992-06-22,,2.25,,,22.47,7.24,4.99,16.66,,
1992-06-23,,2.15,,,22.74,7.25,5.1,14.53,,
1992-06-24,,2.24,,,23.03,7.2,4.96,14.4,,
1992-06-25,,2.25,,,22.73,7.14,4.89,14.4,,
1992-06-26,,2.27,,,22.42,7.15,4.88,14.67,,
1992-06-29,,2.29,,,22.27,7.12,4.83,13.21,,
1992-06-30,,2.31,,,21.84,7.14,4.83,13.35,,
1992-07-01,3.25,2.28,,,21.9,7.1,4.82,13.34,76.6,0.0
1992-07-02,,2.38,,,22.08,6.93,4.55,13.88,,
1992-07-03,,,,,22.08,,,,,
1992-07-06,,2.44,,,21.87,6.9,4.46,14.87,,
1992-07-07,,2.47,,,21.51,6.87,4.4,15.83,,
1992-07-08,,2.51,,,21.38,6.91,4.4,15.53,,
1992-07-09,,2.51,,,21.38,6.91,4.4,14.6,,
1992-07-10,,2.55,,,21.25,6.93,4.38,13.7,,
1992-07-13,,2.57,,,21.38,6.97,4.4,14.01,,
1992-07-14,,2.65,,,21.42,6.97,4.32,13.5,,
1992-07-15,,2.65,,,21.73,6.9,4.25,12.52,,
1992-07-16,,2.62,,,21.8,6.87,4.25,12.27,,
1992-07-17,,2.63,,,21.56,6.9,4.27,12.6,,
1992-07-20,,2.6,,,21.78,6.9,4.3,12.66,,
1992-07-21,,2.55,,,21.91,6.89,4.34,12.6,,
1992-07-22,,2.56,,,21.99,6.85,4.29,13.57,,
1992-07-23,,2.52,,,22.11,6.72,4.2,13.33,,
1992-07-24,,2.48,,,21.95,6.73,4.25,13.37,,
1992-07-27,,2.42,,,22.09,6.69,4.27,13.9,,
1992-07-28,,2.36,,,22.03,6.63,4.27,13.05,,
1992-07-29,,2.35,,,21.98,6.6,4.25,13.44,,
1992-07-30,,2.36,,,21.82,6.69,4.33,13.5,,
1992-07-31,,2.3,,,21.83,6.72,4.42,13.17,,
1992-08-01,3.3,,,,,,,,76.1,0.0
1992-08-03,,2.32,,,21.6,6.72,4.4,13.83,,
1992-08-04,,2.35,,,21.23,6.66,4.31,13.58,,
1992-08-05,,2.35,,,21.18,6.64,4.29,13.82,,
1992-08-06,,2.36,,,21.41,6.65,4.29,14.23,,
1992-08-07,,2.39,,,21.27,6.57,4.18,13.94,,
1992-08-10,,2.4,,,21.12,6.52,4.12,14.51,,
1992-08-11,,2.35,,,21.0,6.5,4.15,15.09,,
1992-08-12,,2.29,,,21.13,6.48,4.19,14.88,,
1992-08-13,,2.36,,,21.35,6.55,4.19,15.34,,
1992-08-14,,2.39,,,21.31,6.53,4.14,14.66,,
1992-08-17,,2.43,,,21.47,6.56,4.13,14.61,,
1992-08-18,,2.44,,,21.54,6.48,4.04,13.84,,
1992-08-19,,2.41,,,21.33,6.47,4.06,14.35,,
1992-08-20,,2.42,,,21.4,6.46,4.04,14.48,,
1992-08-21,,2.4,,,21.19,6.53,4.13,15.01,,
1992-08-24,,2.41,,,21.85,6.68,4.27,16.19,,
1992-08-25,,2.41,,,21.6,6.73,4.32,15.62,,
1992-08-26,,2.42,,,21.24,6.68,4.26,14.5,,
1992-08-27,,2.41,,,21.14,6.64,4.23,13.66,,
1992-08-28,,2.47,,,21.3,6.63,4.16,13.14,,
1992-08-31,,2.47,,,21.46,6.62,4.15,13.58,,
1992-09-01,3.22,2.44,,,21.72,6.56,4.12,13.4,75.6,0.0
1992-09-02,,2.44,,,21.65,6.54,4.1,12.73,,
1992-09-03,,2.45,,,21.69,6.54,4.09,12.88,,
1992-09-04,,2.51,,,21.77,6.4,3.89,12.98,,
1992-09-07,,,,,21.77,,,,,
1992-09-08,,2.46,,,21.98,6.29,3.83,13.65,,
1992-09-09,,2.46,,,22.0,6.31,3.85,13.36,,
1992-09-10,,2.48,,,21.93,6.31,3.83,12.92,,
1992-09-11,,2.5,,,22.0,6.37,3.87,12.47,,
1992-09-14,,2.52,,,22.35,6.32,3.8,13.0,,
1992-09-15,,2.51,,,22.13,6.4,3.89,13.63,,
1992-09-16,,2.54,,,22.39,6.41,3.87,14.72,,
1992-09-17,,2.54,,,22.23,6.4,3.86,14.31,,
1992-09-18,,2.55,,,21.96,6.41,3.86,13.74,,
1992-09-21,,2.51,,,21.91,6.42,3.91,13.45,,
1992-09-22,,2.52,,,21.78,6.5,3.98,13.88,,
1992-09-23,,2.57,,,21.78,6.54,3.97,13.83,,
1992-09-24,,2.57,,,21.57,6.48,3.91,13.44,,
1992-09-25,,2.63,,,21.51,6.41,3.78,14.8,,
1992-09-28,,2.6,,,21.78,6.37,3.77,15.19,,
1992-09-29,,2.57,,,21.66,6.37,3.8,14.97,,
1992-09-30,,2.57,,,21.83,6.37,3.8,14.28,,
1992-10-01,3.1,2.56,,,21.83,6.23,3.67,16.31,73.3,0.0
1992-10-02,,2.55,,,21.93,6.26,3.71,17.79,,
1992-10-05,,2.56,,,21.76,6.24,3.68,20.01,,
1992-10-06,,2.56,,,21.85,6.3,3.74,19.95,,
1992-10-07,,2.58,,,21.89,6.46,3.88,21.02,,
1992-10-08,,2.58,,,21.99,6.41,3.83,19.26,,
1992-10-09,,2.52,,,21.99,6.52,4.0,20.51,,
1992-10-12,,,,,22.28,,,19.49,,
1992-10-13,,2.52,,,22.12,6.51,3.99,17.9,,
1992-10-14,,2.49,,,22.16,6.51,4.02,18.42,,
1992-10-15,,2.51,,,22.37,6.53,4.02,17.11,,
1992-10-16,,2.56,,,22.31,6.6,4.04,17.01,,
1992-10-19,,2.54,,,22.18,6.69,4.15,17.31,,
1992-10-20,,2.52,,,21.88,6.86,4.34,16.87,,
1992-10-21,,2.51,,,21.49,6.8,4.29,16.62,,
1992-10-22,,2.5,,,21.22,6.74,4.24,15.84,,
1992-10-23,,2.46,,,21.11,6.83,4.37,16.46,,
1992-10-26,,2.44,,,21.14,6.83,4.39,16.32,,
1992-10-27,,2.46,,,21.03,6.78,4.32,16.24,,
1992-10-28,,2.43,,,21.17,6.76,4.33,15.95,,
1992-10-29,,2.38,,,20.71,6.71,4.33,15.47,,
1992-10-30,,2.4,,,20.68,6.8,4.4,16.15,,
1992-11-01,3.09,,,,,,,,85.3,0.0
1992-11-02,,2.41,,,20.77,6.88,4.47,16.67,,
1992-11-03,,2.43,,,20.6,6.87,4.44,17.33,,
1992-11-04,,2.45,,,20.33,6.89,4.44,16.28,,
1992-11-05,,2.48,,,20.62,6.87,4.39,15.38,,
1992-11-06,,2.49,,,20.26,6.97,4.48,14.69,,
1992-11-09,,2.43,,,20.63,7.0,4.57,14.23,,
1992-11-10,,2.41,,,20.54,6.91,4.5,14.37,,
1992-11-11,,,,,20.46,,,13.99,,
1992-11-12,,2.35,,,20.19,6.79,4.44,14.37,,
1992-11-13,,2.28,,,20.04,6.82,4.54,14.61,,
1992-11-16,,2.22,,,20.37,6.9,4.68,14.86,,
1992-11-17,,2.19,,,20.32,6.86,4.67,15.01,,
1992-11-18,,2.2,,,20.21,6.78,4.58,14.55,,
1992-11-19,,2.22,,,20.5,6.81,4.59,14.33,,
1992-11-20,,2.18,,,20.37,6.84,4.66,13.67,,
1992-11-23,,2.17,,,20.01,6.86,4.69,13.4,,
1992-11-24,,2.21,,,20.06,6.82,4.61,12.66,,
1992-11-25,,2.14,,,20.29,6.84,4.7,12.5,,
1992-11-26,,,,,,,,,,
1992-11-27,,2.16,,,20.29,6.93,4.77,12.58,,
1992-11-30,,2.16,,,19.91,6.95,4.79,13.01,,
1992-12-01,2.92,2.13,,,19.56,6.94,4.81,12.8,91.0,0.0
1992-12-02,,2.12,,,19.38,6.93,4.81,12.56,,
1992-12-03,,2.13,,,19.08,6.91,4.78,12.03,,
1992-12-04,,2.14,,,18.95,6.84,4.7,11.81,,
1992-12-07,,2.16,,,19.17,6.78,4.62,12.0,,
1992-12-08,,2.14,,,18.69,6.73,4.59,11.73,,
1992-12-09,,2.15,,,18.86,6.76,4.61,12.58,,
1992-12-10,,2.1,,,19.26,6.77,4.67,12.75,,
1992-12-11,,2.02,,,19.09,6.8,4.78,12.34,,
1992-12-14,,2.03,,,19.06,6.83,4.8,12.66,,
1992-12-15,,2.06,,,18.94,6.83,4.77,12.41,,
1992-12-16,,2.1,,,19.42,6.77,4.67,12.58,,
1992-12-17,,2.08,,,19.68,6.77,4.69,12.14,,
1992-12-18,,2.1,,,19.81,6.76,4.66,11.66,,
1992-12-21,,2.07,,,19.92,6.71,4.64,11.65,,
1992-12-22,,2.01,,,19.79,6.65,4.64,11.75,,
1992-12-23,,2.05,,,19.97,6.68,4.63,11.51,,
1992-12-24,,2.09,,,19.97,6.69,4.6,11.57,,
1992-12-25,,,,,,,,,,
1992-12-28,,2.08,,,19.77,6.72,4.64,12.22,,
1992-12-29,,2.08,,,19.62,6.69,4.61,12.29,,
1992-12-30,,2.14,,,19.63,6.68,4.54,12.6,,
1992-12-31,,2.14,,,19.49,6.7,4.56,12.57,,
1993-01-01,3.02,,,,,,,,89.3,0.0
1993-01-04,,2.12,,,19.03,6.6,4.48,13.36,,
1993-01-05,,2.13,,,19.13,6.61,4.48,13.35,,
1993-01-06,,2.11,,,19.03,6.63,4.52,13.37,,
1993-01-07,,2.12,,,18.92,6.76,4.64,14.72,,
1993-01-08,,2.25,,,18.9,6.75,4.5,13.77,,
1993-01-11,,2.23,,,18.78,6.71,4.48,12.86,,
1993-01-12,,2.24,,,18.21,6.72,4.48,12.78,,
1993-01-13,,2.25,,,18.51,6.71,4.46,12.42,,
1993-01-14,,2.25,,,18.71,6.65,4.4,11.99,,
1993-01-15,,2.29,,,18.89,6.6,4.31,11.57,,
1993-01-18,,,,,18.94,,,11.49,,
1993-01-19,,2.2,,,18.4,6.59,4.39,12.06,,
1993-01-20,,2.2,,,18.35,6.61,4.41,12.15,,
1993-01-21,,2.24,,,18.71,6.6,4.36,11.69,,
1993-01-22,,2.27,,,18.64,6.57,4.3,11.3,,
1993-01-25,,2.22,,,19.51,6.48,4.26,11.38,,
1993-01-26,,2.2,,,19.67,6.5,4.3,11.45,,
1993-01-27,,2.24,,,19.66,6.48,4.24,12.01,,
1993-01-28,,2.24,,,20.38,6.44,4.2,12.04,,
1993-01-29,,2.19,,,20.27,6.39,4.2,12.42,,
1993-02-01,3.03,2.19,,,20.32,6.38,4.19,12.33,86.6,0.0
1993-02-02,,2.21,,,20.0,6.46,4.25,12.25,,
1993-02-03,,2.18,,,,6.45,4.27,12.12,,
1993-02-04,,2.2,,,20.29,6.39,4.19,12.29,,
1993-02-05,,2.25,,,20.27,6.32,4.07,12.9,,
1993-02-08,,2.21,,,20.07,6.37,4.16,13.22,,
1993-02-09,,2.21,,,20.12,6.41,4.2,13.48,,
1993-02-10,,2.13,,,20.2,6.4,4.27,13.43,,
1993-02-11,,2.17,,,20.29,6.37,4.2,12.69,,
1993-02-12,,2.15,,,19.96,6.35,4.2,12.38,,
1993-02-15,,,,,,,,,,
1993-02-16,,2.2,,,19.59,6.34,4.14,15.76,,
1993-02-17,,2.22,,,19.3,6.28,4.06,15.9,,
1993-02-18,,2.22,,,19.44,6.17,3.95,15.56,,
1993-02-19,,2.16,,,19.69,6.15,3.99,15.02,,
1993-02-22,,2.1,,,20.08,6.09,3.99,14.7,,
1993-02-23,,2.02,,,20.49,5.92,3.9,15.04,,
1993-02-24,,2.04,,,20.28,6.01,3.97,14.72,,
1993-02-25,,2.08,,,20.63,6.03,3.95,13.76,,
1993-02-26,,2.11,,,20.53,6.03,3.92,13.16,,
1993-03-01,3.07,2.06,,,20.62,5.94,3.88,13.6,85.9,0.0
1993-03-02,,2.07,,,20.48,5.95,3.88,12.49,,
1993-03-03,,2.07,,,20.46,5.88,3.81,13.13,,
1993-03-04,,2.08,,,21.05,5.83,3.75,13.44,,
1993-03-05,,1.99,,,20.85,5.9,3.91,14.08,,
1993-03-08,,1.88,,,20.63,5.85,3.97,16.22,,
1993-03-09,,1.89,,,20.71,5.91,4.02,14.17,,
1993-03-10,,1.92,,,20.42,5.97,4.05,13.91,,
1993-03-11,,1.95,,,20.12,5.96,4.01,14.26,,
1993-03-12,,2.0,,,20.38,6.11,4.11,15.66,,
1993-03-15,,2.07,,,20.18,6.17,4.1,14.74,,
1993-03-16,,2.04,,,20.04,6.06,4.02,14.51,,
1993-03-17,,2.04,,,20.14,6.02,3.98,14.53,,
1993-03-18,,2.02,,,20.29,5.93,3.91,14.17,,
1993-03-19,,2.0,,,20.05,5.95,3.95,13.23,,
1993-03-22,,2.04,,,19.52,5.96,3.92,13.66,,
1993-03-23,,2.03,,,19.98,5.91,3.88,13.02,,
1993-03-24,,2.02,,,19.97,5.95,3.93,12.44,,
1993-03-25,,2.06,,,20.12,5.98,3.92,12.08,,
1993-03-26,,2.07,,,20.42,6.09,4.02,12.21,,
1993-03-29,,2.11,,,20.27,6.06,3.95,12.63,,
1993-03-30,,2.11,,,20.27,6.02,3.91,12.23,,
1993-03-31,,2.07,,,20.44,6.03,3.96,12.53,,
1993-04-01,2.96,2.12,,,20.54,6.06,3.94,13.02,85.6,0.0
1993-04-02,,2.17,,,20.67,6.16,3.99,14.5,,
1993-04-05,,2.17,,,20.59,6.13,3.96,14.12,,
1993-04-06,,2.15,,,20.33,6.08,3.93,14.24,,
1993-04-07,,2.14,,,20.35,6.07,3.93,13.64,,
1993-04-08,,2.12,,,20.22,5.97,3.85,12.83,,
1993-04-09,,,,,,,,,,
1993-04-12,,2.1,,,20.43,5.92,3.82,11.93,,
1993-04-13,,2.11,,,20.28,5.93,3.82,11.7,,
1993-04-14,,2.12,,,20.38,5.9,3.78,11.76,,
1993-04-15,,2.09,,,20.21,5.88,3.79,10.96,,
1993-04-16,,2.09,,,20.09,5.89,3.8,11.29,,
1993-04-19,,2.09,,,19.99,5.87,3.78,12.06,,
1993-04-20,,2.09,,,20.05,5.87,3.78,11.94,,
1993-04-21,,2.09,,,19.99,5.86,3.77,12.11,,
1993-04-22,,2.1,,,19.79,5.85,3.75,12.68,,
1993-04-23,,2.14,,,19.93,5.89,3.75,13.36,,
1993-04-26,,2.15,,,19.83,5.94,3.79,15.25,,
1993-04-27,,2.14,,,20.21,6.02,3.88,13.93,,
1993-04-28,,2.17,,,,6.03,3.86,13.12,,
1993-04-29,,2.2,,,20.63,5.99,3.79,12.8,,
1993-04-30,,2.22,,,20.54,6.05,3.83,12.42,,
1993-05-01,3.0,,,,,,,,80.3,0.0
1993-05-03,,2.21,,,20.58,5.96,3.75,12.9,,
1993-05-04,,2.17,,,20.4,5.92,3.75,12.14,,
1993-05-05,,2.13,,,20.46,5.93,3.8,12.38,,
1993-05-06,,2.09,,,20.49,5.89,3.8,13.22,,
1993-05-07,,2.13,,,20.43,5.92,3.79,13.01,,
1993-05-10,,2.1,,,20.42,5.89,3.79,13.72,,
1993-05-11,,2.1,,,20.38,5.89,3.79,13.35,,
1993-05-12,,2.14,,,20.19,5.96,3.82,13.56,,
1993-05-13,,2.11,,,19.8,6.02,3.91,14.76,,
1993-05-14,,2.06,,,19.51,6.03,3.97,14.39,,
1993-05-17,,2.02,,,19.51,6.07,4.05,14.13,,
1993-05-18,,2.07,,,19.32,6.15,4.08,14.19,,
1993-05-19,,2.08,,,19.15,6.11,4.03,14.29,,
1993-05-20,,2.06,,,19.56,6.09,4.03,13.98,,
1993-05-21,,2.02,,,19.6,6.16,4.14,14.51,,
1993-05-24,,1.97,,,19.43,6.16,4.19,14.1,,
1993-05-25,,1.98,,,19.75,6.17,4.19,14.04,,
1993-05-26,,1.92,,,19.92,6.12,4.2,12.88,,
1993-05-27,,1.89,,,20.05,6.11,4.22,13.1,,
1993-05-28,,1.92,,,20.04,6.16,4.24,13.47,,
1993-05-31,,,,,,,,,,
1993-06-01,3.04,1.91,,,20.2,6.07,4.16,13.67,81.5,0.0
1993-06-02,,1.88,,,20.05,6.06,4.18,13.48,,
1993-06-03,,1.88,,,19.77,6.02,4.14,13.54,,
1993-06-04,,1.8,,,19.79,6.11,4.31,12.86,,
1993-06-07,,1.78,,,19.6,6.08,4.3,14.07,,
1993-06-08,,1.76,,,19.65,6.09,4.33,14.74,,
1993-06-09,,1.78,,,19.66,6.07,4.29,13.96,,
1993-06-10,,1.78,,,19.27,6.07,4.29,13.31,,
1993-06-11,,1.82,,,18.99,5.97,4.15,12.71,,
1993-06-14,,1.84,,,18.9,5.97,4.13,12.33,,
1993-06-15,,1.85,,,18.6,5.96,4.11,11.99,,
1993-06-16,,1.87,,,18.87,5.96,4.09,11.87,,
1993-06-17,,1.85,,,18.7,5.93,4.08,11.66,,
1993-06-18,,1.81,,,18.71,5.97,4.16,12.24,,
1993-06-21,,1.76,,,18.63,5.92,4.16,12.25,,
1993-06-22,,1.76,,,18.35,5.91,4.15,11.65,,
1993-06-23,,1.71,,,18.44,5.91,4.2,12.04,,
1993-06-24,,1.73,,,18.36,5.88,4.15,12.25,,
1993-06-25,,1.74,,,18.83,5.84,4.1,11.25,,
1993-06-28,,1.74,,,18.89,5.8,4.06,11.11,,
1993-06-29,,1.76,,,18.99,5.79,4.03,11.29,,
1993-06-30,,1.77,,,18.82,5.8,4.03,11.26,,
1993-07-01,3.06,1.81,,,18.44,5.8,3.99,11.51,77.0,0.0
1993-07-02,,1.83,,,17.93,5.76,3.93,11.33,,
1993-07-05,,,,,,,,,,
1993-07-06,,1.8,,,18.29,5.8,4.0,13.87,,
1993-07-07,,1.8,,,18.06,5.8,4.0,13.05,,
1993-07-08,,1.78,,,17.79,5.78,4.0,12.24,,
1993-07-09,,1.78,,,17.92,5.76,3.98,10.8,,
1993-07-12,,1.76,,,18.12,5.75,3.99,10.85,,
1993-07-13,,1.74,,,18.05,5.78,4.04,11.02,,
1993-07-14,,1.75,,,17.43,5.72,3.97,10.78,,
1993-07-15,,1.73,,,17.73,5.72,3.99,10.6,,
1993-07-16,,1.72,,,17.29,5.71,3.99,10.96,,
1993-07-19,,1.72,,,17.68,5.71,3.99,11.46,,
1993-07-20,,1.66,,,17.2,5.75,4.09,11.05,,
1993-07-21,,1.68,,,17.6,5.83,4.15,11.97,,
1993-07-22,,1.68,,,17.57,5.9,4.22,11.69,,
1993-07-23,,1.7,,,17.67,5.95,4.25,11.32,,
1993-07-26,,1.71,,,18.11,5.93,4.22,11.32,,
1993-07-27,,1.67,,,18.5,5.92,4.25,11.34,,
1993-07-28,,1.69,,,18.25,5.9,4.21,11.37,,
1993-07-29,,1.69,,,18.12,5.81,4.12,11.25,,
1993-07-30,,1.7,,,17.94,5.83,4.13,11.73,,
1993-08-01,3.03,,,,,,,,77.3,0.0
1993-08-02,,1.66,,,17.9,5.85,4.19,11.47,,
1993-08-03,,1.66,,,17.81,5.83,4.17,11.49,,
1993-08-04,,1.71,,,17.82,5.87,4.16,11.71,,
1993-08-05,,1.74,,,17.54,5.86,4.12,12.03,,
1993-08-06,,1.77,,,17.3,5.86,4.09,12.33,,
1993-08-09,,1.76,,,17.58,5.82,4.06,12.39,,
1993-08-10,,1.72,,,17.58,5.82,4.1,12.31,,
1993-08-11,,1.65,,,17.87,5.75,4.1,12.07,,
1993-08-12,,1.71,,,18.16,5.77,4.06,12.38,,
1993-08-13,,1.72,,,18.14,5.72,4.0,12.19,,
1993-08-16,,1.7,,,17.84,5.68,3.98,12.01,,
1993-08-17,,1.68,,,17.95,5.7,4.02,11.59,,
1993-08-18,,1.71,,,17.68,5.69,3.98,11.52,,
1993-08-19,,1.71,,,17.64,5.64,3.93,11.63,,
1993-08-20,,1.68,,,18.09,5.61,3.93,11.62,,
1993-08-23,,1.63,,,18.42,5.6,3.97,12.15,,
1993-08-24,,1.65,,,18.38,5.54,3.89,11.8,,
1993-08-25,,1.66,,,18.45,5.51,3.85,12.1,,
1993-08-26,,1.6,,,18.4,5.42,3.82,12.14,,
1993-08-27,,1.61,,,18.82,5.48,3.87,11.91,,
1993-08-30,,1.58,,,18.63,5.44,3.86,11.74,,
1993-08-31,,1.57,,,18.24,5.45,3.88,11.85,,
1993-09-01,3.09,1.58,,,17.92,5.46,3.88,11.48,77.9,0.0
1993-09-02,,1.58,,,17.97,5.41,3.83,11.87,,
1993-09-03,,1.6,,,17.72,5.31,3.71,11.16,,
1993-09-06,,,,,,,,,,
1993-09-07,,1.53,,,17.14,5.23,3.7,12.9,,
1993-09-08,,1.45,,,17.0,5.23,3.78,13.24,,
1993-09-09,,1.47,,,16.97,5.35,3.88,12.67,,
1993-09-10,,1.49,,,16.74,5.29,3.8,11.7,,
1993-09-13,,1.44,,,16.98,5.26,3.82,12.16,,
1993-09-14,,1.46,,,16.94,5.37,3.91,13.15,,
1993-09-15,,1.5,,,16.85,5.39,3.89,12.7,,
1993-09-16,,1.49,,,16.85,5.37,3.88,13.36,,
1993-09-17,,1.49,,,17.1,5.38,3.89,13.39,,
1993-09-20,,1.5,,,17.68,5.42,3.92,14.6,,
1993-09-21,,1.57,,,18.12,5.47,3.9,17.3,,
1993-09-22,,1.55,,,17.53,5.45,3.9,13.75,,
1993-09-23,,1.55,,,17.52,5.42,3.87,13.36,,
1993-09-24,,1.52,,,17.52,5.42,3.9,12.47,,
1993-09-27,,1.49,,,17.52,5.3,3.81,12.49,,
1993-09-28,,1.49,,,18.07,5.28,3.79,12.19,,
1993-09-29,,1.51,,,18.73,5.35,3.84,12.63,,
1993-09-30,,1.51,,,18.72,5.4,3.89,12.99,,
1993-10-01,2.99,1.5,,,18.63,5.34,3.84,11.83,82.7,0.0
1993-10-04,,1.49,,,18.4,5.34,3.85,12.85,,
1993-10-05,,1.49,,,18.43,5.35,3.86,12.97,,
1993-10-06,,1.5,,,18.43,5.35,3.85,12.68,,
1993-10-07,,1.5,,,18.49,5.33,3.83,13.14,,
1993-10-08,,1.48,,,18.53,5.26,3.78,12.04,,
1993-10-11,,,,,18.76,,,12.26,,
1993-10-12,,1.45,,,18.7,5.27,3.82,12.41,,
1993-10-13,,1.43,,,18.65,5.27,3.84,11.38,,
1993-10-14,,1.41,,,18.5,5.23,3.82,11.0,,
1993-10-15,,1.38,,,18.24,5.19,3.81,10.87,,
1993-10-18,,1.43,,,18.13,5.27,3.84,11.33,,
1993-10-19,,1.41,,,18.04,5.27,3.86,11.61,,
1993-10-20,,1.4,,,18.25,5.26,3.86,11.32,,
1993-10-21,,1.46,,,18.28,5.35,3.89,11.2,,
1993-10-22,,1.51,,,17.92,5.42,3.91,11.48,,
1993-10-25,,1.52,,,17.36,5.47,3.95,11.83,,
1993-10-26,,1.5,,,17.55,5.43,3.93,11.83,,
1993-10-27,,1.45,,,17.66,5.44,3.99,12.01,,
1993-10-28,,1.44,,,17.3,5.41,3.97,11.88,,
1993-10-29,,1.44,,,16.97,5.43,3.99,11.46,,
1993-11-01,3.02,1.45,,,17.5,5.56,4.11,11.78,81.2,0.0
1993-11-02,,1.47,,,17.03,5.63,4.16,11.74,,
1993-11-03,,1.54,,,17.47,5.67,4.13,13.26,,
1993-11-04,,1.54,,,17.38,5.67,4.13,14.68,,
1993-11-05,,1.55,,,17.09,5.75,4.2,14.97,,
1993-11-08,,1.57,,,16.69,5.7,4.13,14.31,,
1993-11-09,,1.52,,,16.71,5.64,4.12,13.94,,
1993-11-10,,1.55,,,16.54,5.72,4.17,13.72,,
1993-11-11,,,,,16.91,,,13.88,,
1993-11-12,,1.55,,,16.72,5.66,4.11,13.33,,
1993-11-15,,1.58,,,16.78,5.69,4.11,14.46,,
1993-11-16,,1.56,,,16.69,5.66,4.1,15.11,,
1993-11-17,,1.56,,,17.08,5.65,4.09,15.57,,
1993-11-18,,1.57,,,16.67,5.72,4.15,14.65,,
1993-11-19,,1.62,,,16.55,5.84,4.22,15.03,,
1993-11-22,,1.63,,,16.67,5.89,4.26,15.9,,
1993-11-23,,1.63,,,16.39,5.82,4.19,14.27,,
1993-11-24,,1.66,,,15.73,5.84,4.18,13.51,,
1993-11-25,,,,,,,,,,
1993-11-26,,1.62,,,15.53,5.78,4.16,13.77,,
1993-11-29,,1.59,,,15.3,5.76,4.17,14.12,,
1993-11-30,,1.61,,,15.36,5.83,4.22,13.76,,
1993-12-01,2.96,1.62,,,15.45,5.82,4.2,13.83,88.2,0.0
1993-12-02,,1.59,,,14.93,5.81,4.22,13.51,,
1993-12-03,,1.56,,,15.03,5.8,4.24,12.69,,
1993-12-06,,1.53,,,14.57,5.72,4.19,12.84,,
1993-12-07,,1.54,,,14.53,5.71,4.17,12.41,,
1993-12-08,,1.53,,,14.61,5.71,4.18,12.46,,
1993-12-09,,1.5,,,14.65,5.68,4.18,12.43,,
1993-12-10,,1.52,,,15.04,5.73,4.21,12.6,,
1993-12-13,,1.55,,,14.5,5.78,4.23,10.98,,
1993-12-14,,1.57,,,14.47,5.82,4.25,11.13,,
1993-12-15,,1.61,,,14.39,5.83,4.22,11.03,,
1993-12-16,,1.61,,,14.21,5.84,4.23,10.9,,
1993-12-17,,1.61,,,13.98,5.81,4.2,11.08,,
1993-12-20,,1.61,,,14.2,5.83,4.22,10.75,,
1993-12-21,,1.59,,,14.32,5.85,4.26,10.08,,
1993-12-22,,1.55,,,14.61,5.74,4.19,9.31,,
1993-12-23,,1.54,,,14.48,5.72,4.18,9.48,,
1993-12-24,,,,,,,,,,
1993-12-27,,1.52,,,14.09,5.72,4.2,9.7,,
1993-12-28,,1.52,,,14.11,5.72,4.2,9.82,,
1993-12-29,,1.54,,,14.45,5.74,4.2,10.46,,
1993-12-30,,1.57,,,14.19,5.82,4.25,10.69,,
1993-12-31,,1.58,,-0.3803,,5.83,4.25,11.66,,
1994-01-01,3.05,,,,,,,,94.3,0.0
1994-01-03,,1.62,,,14.52,5.92,4.3,12.57,,
1994-01-04,,1.59,,,14.66,5.88,4.29,11.91,,
1994-01-05,,1.59,,,15.3,5.9,4.31,10.94,,
1994-01-06,,1.6,,,15.36,5.84,4.24,11.27,,
1994-01-07,,1.61,,-0.4937,15.33,5.7,4.09,10.96,,
1994-01-10,,1.59,,,14.65,5.67,4.08,10.74,,
1994-01-11,,1.59,,,14.95,5.67,4.08,11.29,,
1994-01-12,,1.55,,,14.36,5.6,4.05,11.65,,
1994-01-13,,1.58,,,14.56,5.71,4.13,12.08,,
1994-01-14,,1.61,,-0.2024,14.81,5.78,4.17,11.15,,
1994-01-17,,,,,15.15,,,11.88,,
1994-01-18,,1.6,,,14.92,5.74,4.14,11.63,,
1994-01-19,,1.64,,,15.25,5.76,4.12,11.76,,
1994-01-20,,1.64,,,14.95,5.71,4.07,11.16,,
1994-01-21,,1.64,,-0.469,14.85,5.73,4.09,11.09,,
1994-01-24,,1.65,,,15.09,5.74,4.09,11.6,,
1994-01-25,,1.67,,,15.26,5.78,4.11,11.38,,
1994-01-26,,1.64,,,15.5,5.77,4.13,11.17,,
1994-01-27,,1.62,,,15.48,5.73,4.11,10.3,,
1994-01-28,,1.6,,-0.3126,15.37,5.68,4.08,9.94,,
1994-01-31,,1.58,,,15.24,5.7,4.12,10.63,,
1994-02-01,3.25,1.57,,,15.91,5.77,4.2,10.65,93.2,0.0
1994-02-02,,1.57,,,16.06,5.77,4.2,10.61,,
1994-02-03,,1.53,,,15.97,5.81,4.28,10.75,,
1994-02-04,,1.52,,-0.6827,15.63,5.94,4.42,15.25,,
1994-02-07,,1.55,,,15.31,5.96,4.41,13.96,,
1994-02-08,,1.57,,,15.12,6.01,4.44,13.66,,
1994-02-09,,1.49,,,14.64,5.92,4.43,13.3,,
1994-02-10,,1.46,,,14.59,5.91,4.45,14.24,,
1994-02-11,,1.44,,-0.4483,14.71,5.88,4.44,14.46,,
1994-02-14,,1.46,,,14.15,5.9,4.44,14.28,,
1994-02-15,,1.44,,,14.13,5.88,4.44,13.4,,
1994-02-16,,1.45,,,13.89,5.89,4.44,13.13,,
1994-02-17,,1.5,,,14.26,6.0,4.5,13.79,,
1994-02-18,,1.52,,-0.4302,14.21,6.09,4.57,14.7,,
1994-02-21,,,,,,,,,,
1994-02-22,,1.48,,,14.28,6.05,4.57,13.52,,
1994-02-23,,1.46,,,14.18,6.13,4.67,13.91,,
1994-02-24,,1.5,,,14.82,6.22,4.72,15.96,,
1994-02-25,,1.49,,-0.3991,14.48,6.21,4.72,14.8,,
1994-02-28,,1.48,,,14.5,6.15,4.67,14.87,,
1994-03-01,3.34,1.47,,,14.78,6.28,4.81,15.83,91.5,0.0
1994-03-02,,1.51,,,14.8,6.3,4.79,16.08,,
1994-03-03,,1.52,,,14.74,6.35,4.83,16.36,,
1994-03-04,,1.5,,-0.326,14.57,6.38,4.88,16.0,,
1994-03-07,,1.45,,,14.14,6.32,4.87,14.26,,
1994-03-08,,1.46,,,14.17,6.38,4.92,16.23,,
1994-03-09,,1.42,,,14.23,6.38,4.96,14.41,,
1994-03-10,,1.52,,,14.19,6.48,4.96,16.55,,
1994-03-11,,1.51,,-0.3225,14.47,6.46,4.95,14.87,,
1994-03-14,,1.51,,,14.52,6.5,4.99,16.61,,
1994-03-15,,1.48,,,14.82,6.47,4.99,14.78,,
1994-03-16,,1.44,,,15.03,6.4,4.96,14.51,,
1994-03-17,,1.46,,,14.83,6.4,4.94,12.76,,
1994-03-18,,1.46,,-0.2348,14.88,6.49,5.03,13.32,,
1994-03-21,,1.46,,,15.37,6.55,5.09,14.34,,
1994-03-22,,1.41,,,15.04,6.44,5.03,13.39,,
1994-03-23,,1.44,,,14.94,6.44,5.0,12.31,,
1994-03-24,,1.5,,,15.21,6.58,5.08,13.43,,
1994-03-25,,1.51,,-0.2961,15.19,6.61,5.1,13.67,,
1994-03-28,,1.51,,,14.15,6.63,5.12,14.9,,
1994-03-29,,1.52,,,14.41,6.71,5.19,16.49,,
1994-03-30,,1.59,,,14.4,6.78,5.19,18.59,,
1994-03-31,,1.56,,,14.78,6.77,5.21,20.45,,
1994-04-01,3.56,,,-0.1801,,,,,92.6,0.0
1994-04-04,,1.59,,,15.67,7.16,5.57,23.87,,
1994-04-05,,1.52,,,15.67,6.97,5.45,18.13,,
1994-04-06,,1.53,,,15.77,6.93,5.4,17.38,,
1994-04-07,,1.49,,,15.59,6.86,5.37,16.98,,
1994-04-08,,1.51,,-0.1741,15.57,6.94,5.43,16.92,,
1994-04-11,,1.49,,,15.86,6.92,5.43,16.61,,
1994-04-12,,1.47,,,15.74,6.87,5.4,16.42,,
1994-04-13,,1.5,,,15.96,6.93,5.43,17.02,,
1994-04-14,,1.48,,,16.2,6.97,5.49,16.27,,
1994-04-15,,1.46,,-0.0637,16.58,6.97,5.51,15.98,,
1994-04-18,,1.44,,,16.64,7.14,5.7,17.22,,
1994-04-19,,1.4,,,16.43,7.1,5.7,16.93,,
1994-04-20,,1.38,,,16.65,7.05,5.67,17.01,,
1994-04-21,,1.32,,,17.56,6.91,5.59,14.93,,
1994-04-22,,1.31,,-0.2264,17.84,6.93,5.62,14.94,,
1994-04-25,,1.25,,,17.66,6.86,5.61,14.26,,
1994-04-26,,1.27,,,16.82,6.86,5.59,13.8,,
1994-04-27,,,,,16.7,,,,,
1994-04-28,,1.29,,,16.57,7.04,5.75,14.51,,
1994-04-29,,1.33,,-0.1438,16.92,7.06,5.73,13.77,,
1994-05-01,4.01,,,,,,,,92.8,0.0
1994-05-02,,1.28,,,17.18,7.09,5.81,14.11,,
1994-05-03,,1.27,,,16.93,7.13,5.86,13.81,,
1994-05-04,,1.25,,,16.85,7.14,5.89,14.29,,
1994-05-05,,1.23,,,17.28,7.11,5.88,14.56,,
1994-05-06,,1.23,,-0.4596,17.74,7.35,6.12,15.08,,
1994-05-09,,1.23,,,17.72,7.49,6.26,16.16,,
1994-05-10,,1.2,,,17.62,7.33,6.13,15.19,,
1994-05-11,,1.2,,,17.84,7.4,6.2,15.55,,
1994-05-12,,1.23,,,18.27,7.36,6.13,15.46,,
1994-05-13,,1.24,,-0.133,18.2,7.29,6.05,14.54,,
1994-05-16,,1.21,,,17.99,7.24,6.03,14.67,,
1994-05-17,,1.15,,,17.61,7.03,5.88,14.08,,
1994-05-18,,1.2,,,18.02,7.03,5.83,12.55,,
1994-05-19,,1.23,,,18.49,6.96,5.73,12.33,,
1994-05-20,,1.22,,-0.0411,18.93,7.02,5.8,12.79,,
1994-05-23,,1.25,,,18.69,7.19,5.94,13.49,,
1994-05-24,,1.23,,,18.4,7.17,5.94,12.73,,
1994-05-25,,1.19,,,17.83,7.14,5.95,12.43,,
1994-05-26,,1.17,,,17.76,7.09,5.92,12.5,,
1994-05-27,,1.15,,-0.2457,18.02,7.12,5.97,12.49,,
1994-05-30,,,,,,,,,,
1994-05-31,,1.16,,,18.3,7.17,6.01,13.03,,
1994-06-01,4.25,1.14,,,18.29,7.12,5.98,12.72,91.2,0.0
1994-06-02,,1.14,,,18.25,7.07,5.93,12.73,,
1994-06-03,,1.14,,-0.0679,18.11,6.98,5.84,12.19,,
1994-06-06,,1.13,,,18.1,6.91,5.78,13.03,,
1994-06-07,,1.15,,,17.78,6.95,5.8,13.05,,
1994-06-08,,1.18,,,18.28,6.96,5.78,13.32,,
1994-06-09,,1.18,,,18.67,6.98,5.8,13.21,,
1994-06-10,,1.18,,0.0227,18.48,7.03,5.85,12.69,,
1994-06-13,,1.16,,,18.82,7.07,5.91,11.92,,
1994-06-14,,1.19,,,18.94,7.0,5.81,11.6,,
1994-06-15,,1.22,,,19.75,7.1,5.88,11.52,,
1994-06-16,,1.24,,,19.83,7.07,5.83,11.22,,
1994-06-17,,1.26,,-0.2361,20.72,7.14,5.88,12.31,,
1994-06-20,,1.24,,,20.68,7.16,5.92,13.96,,
1994-06-21,,1.18,,,20.08,7.22,6.04,14.7,,
1994-06-22,,1.16,,,19.59,7.13,5.97,14.02,,
1994-06-23,,1.16,,,19.38,7.1,5.94,14.12,,
1994-06-24,,1.16,,-0.1353,19.28,7.22,6.06,16.72,,
1994-06-27,,1.13,,,18.96,7.18,6.05,15.53,,
1994-06-28,,1.13,,,19.14,7.26,6.13,15.04,,
1994-06-29,,1.12,,,18.82,7.24,6.12,14.42,,
1994-06-30,,1.15,,,19.37,7.34,6.19,14.97,,
1994-07-01,4.26,1.15,,-0.1132,19.52,7.34,6.19,14.36,89.0,0.0
1994-07-04,,,,,,,,,,
1994-07-05,,1.17,,,19.62,7.31,6.14,14.92,,
1994-07-06,,1.21,,,19.3,7.32,6.11,14.7,,
1994-07-07,,1.19,,,19.15,7.3,6.11,14.01,,
1994-07-08,,1.17,,0.025,19.48,7.42,6.25,13.26,,
1994-07-11,,1.18,,,20.17,7.47,6.29,13.83,,
1994-07-12,,1.19,,,20.4,7.43,6.24,13.4,,
1994-07-13,,1.19,,,20.14,7.41,6.22,12.42,,
1994-07-14,,1.2,,,20.18,7.25,6.05,11.64,,
1994-07-15,,1.21,,-0.0919,19.89,7.25,6.04,11.28,,
1994-07-18,,1.21,,,19.38,7.2,5.99,11.44,,
1994-07-19,,1.21,,,19.49,7.15,5.94,11.65,,
1994-07-20,,1.19,,,19.15,7.25,6.06,11.7,,
1994-07-21,,1.16,,,19.32,7.27,6.11,11.65,,
1994-07-22,,1.14,,-0.0924,19.59,7.29,6.15,11.22,,
1994-07-25,,1.14,,,19.42,7.27,6.13,11.46,,
1994-07-26,,1.12,,,19.26,7.28,6.16,11.66,,
1994-07-27,,1.12,,,19.46,7.34,6.22,11.93,,
1994-07-28,,1.08,,,19.87,7.29,6.21,12.03,,
1994-07-29,,1.13,,-0.2633,20.3,7.12,5.99,11.13,,
1994-08-01,4.47,1.1,,,20.65,7.13,6.03,11.17,91.7,0.0
1994-08-02,,1.13,,,20.22,7.11,5.98,11.27,,
1994-08-03,,1.13,,,20.06,7.09,5.96,11.35,,
1994-08-04,,1.14,,,20.14,7.12,5.98,12.18,,
1994-08-05,,1.1,,-0.1585,19.37,7.28,6.18,12.34,,
1994-08-08,,1.06,,,19.41,7.28,6.22,12.41,,
1994-08-09,,1.07,,,19.29,7.33,6.26,12.54,,
1994-08-10,,1.09,,,18.96,7.3,6.21,11.91,,
1994-08-11,,1.1,,,18.67,7.36,6.26,12.13,,
1994-08-12,,1.05,,-0.354,18.05,7.27,6.22,11.09,,
1994-08-15,,1.04,,,18.24,7.3,6.26,12.06,,
1994-08-16,,0.98,,,17.64,7.19,6.21,11.39,,
1994-08-17,,1.01,,,18.08,7.15,6.14,11.54,,
1994-08-18,,1.05,,,17.73,7.28,6.23,12.07,,
1994-08-19,,1.04,,-0.4102,17.56,7.27,6.23,12.83,,
1994-08-22,,1.04,,,16.87,7.31,6.27,12.62,,
1994-08-23,,1.02,,,17.09,7.28,6.26,11.75,,
1994-08-24,,1.04,,,17.54,7.22,6.18,11.57,,
1994-08-25,,1.05,,,17.49,7.29,6.24,12.02,,
1994-08-26,,1.03,,-0.3826,17.14,7.24,6.21,12.19,,
1994-08-29,,1.04,,,17.62,7.24,6.2,11.82,,
1994-08-30,,1.02,,,17.4,7.2,6.18,11.23,,
1994-08-31,,1.02,,,17.6,7.19,6.17,11.97,,
1994-09-01,4.73,1.04,,,17.47,7.19,6.15,11.86,91.5,0.0
1994-09-02,,1.04,,-0.2476,17.52,7.21,6.17,11.4,,
1994-09-05,,,,,,,,,,
1994-09-06,,1.05,,,17.62,7.27,6.22,11.69,,
1994-09-07,,1.07,,,17.84,7.29,6.22,11.81,,
1994-09-08,,1.08,,,17.62,7.3,6.22,11.86,,
1994-09-09,,1.09,,-0.356,17.53,7.44,6.35,13.12,,
1994-09-12,,1.09,,,17.39,7.46,6.37,14.01,,
1994-09-13,,1.09,,,17.0,7.44,6.35,13.77,,
1994-09-14,,1.08,,,16.72,7.41,6.33,13.09,,
1994-09-15,,1.07,,,16.72,7.35,6.28,11.88,,
1994-09-16,,1.1,,-0.3453,16.84,7.52,6.42,12.8,,
1994-09-19,,1.1,,,17.21,7.49,6.39,13.06,,
1994-09-20,,1.09,,,17.24,7.53,6.44,14.45,,
1994-09-21,,1.04,,,17.06,7.56,6.52,14.49,,
1994-09-22,,1.06,,,17.65,7.56,6.5,13.89,,
1994-09-23,,1.05,,-0.4011,17.76,7.57,6.52,14.53,,
1994-09-26,,1.03,,,17.68,7.57,6.54,14.56,,
1994-09-27,,1.09,,,17.48,7.61,6.52,14.13,,
1994-09-28,,1.06,,,17.69,7.57,6.51,13.25,,
1994-09-29,,1.04,,,17.96,7.64,6.6,13.97,,
1994-09-30,,1.0,,-0.1678,18.36,7.62,6.62,14.28,,
1994-10-01,4.76,,,,,,,,92.7,0.0
1994-10-03,,0.97,,,18.16,7.66,6.69,15.44,,
1994-10-04,,1.02,,,17.97,7.7,6.68,16.66,,
1994-10-05,,1.04,,,18.01,7.77,6.73,15.92,,
1994-10-06,,1.07,,,18.24,7.78,6.71,16.24,,
1994-10-07,,1.05,,-0.1908,18.27,7.7,6.65,14.92,,
1994-10-10,,,,,17.95,,,14.72,,
1994-10-11,,1.02,,,17.74,7.65,6.63,13.55,,
1994-10-12,,1.02,,,17.13,7.69,6.67,14.51,,
1994-10-13,,1.01,,,17.03,7.64,6.63,14.9,,
1994-10-14,,1.04,,0.071,16.98,7.61,6.57,13.32,,
1994-10-17,,1.01,,,17.11,7.62,6.61,14.76,,
1994-10-18,,1.03,,,17.34,7.64,6.61,14.59,,
1994-10-19,,1.02,,,17.43,7.68,6.66,15.13,,
1994-10-20,,1.03,,,17.57,7.8,6.77,15.99,,
1994-10-21,,1.01,,-0.1465,17.31,7.81,6.8,15.91,,
1994-10-24,,1.02,,,17.5,7.86,6.84,16.97,,
1994-10-25,,1.01,,,17.71,7.88,6.87,16.13,,
1994-10-26,,0.98,,,18.01,7.88,6.9,15.7,,
1994-10-27,,0.99,,,18.17,7.88,6.89,15.67,,
1994-10-28,,1.0,,-0.2007,18.25,7.82,6.82,14.56,,
1994-10-31,,0.97,,,18.16,7.81,6.84,14.56,,
1994-11-01,5.29,0.98,,,18.66,7.91,6.93,14.84,91.6,0.0
1994-11-02,,1.0,,,18.9,7.96,6.96,15.34,,
1994-11-03,,0.98,,,18.97,7.96,6.98,15.58,,
1994-11-04,,0.99,,-0.1799,18.76,8.04,7.05,16.75,,
1994-11-07,,0.99,,,18.38,8.05,7.06,17.37,,
1994-11-08,,0.99,,,18.46,8.01,7.02,16.3,,
1994-11-09,,0.93,,,18.16,7.94,7.01,16.42,,
1994-11-10,,0.92,,,18.18,7.98,7.06,16.0,,
1994-11-11,,,,-0.2601,18.07,,,16.5,,
1994-11-14,,0.88,,,17.48,7.94,7.06,16.68,,
1994-11-15,,0.82,,,17.58,7.92,7.1,16.66,,
1994-11-16,,0.82,,,17.38,7.97,7.15,15.56,,
1994-11-17,,0.82,,,17.63,8.03,7.21,15.91,,
1994-11-18,,0.78,,-0.4486,17.47,8.01,7.23,16.0,,
1994-11-21,,0.73,,,17.43,8.03,7.3,16.13,,
1994-11-22,,0.71,,,17.7,8.0,7.29,17.24,,
1994-11-23,,0.63,,,18.05,7.81,7.18,18.41,,
1994-11-24,,,,,,,,,,
1994-11-25,,0.61,,-0.1837,,7.8,7.19,17.44,,
1994-11-28,,0.53,,,18.1,7.88,7.35,16.83,,
1994-11-29,,0.51,,,17.97,7.95,7.44,16.15,,
1994-11-30,,0.51,,,18.06,7.91,7.4,15.95,,
1994-12-01,5.45,0.5,,,17.77,7.92,7.42,16.69,95.1,0.0
1994-12-02,,0.37,,-0.1828,17.0,7.81,7.44,16.55,,
1994-12-05,,0.25,,,16.88,7.83,7.58,16.1,,
1994-12-06,,0.29,,,16.93,7.73,7.44,16.05,,
1994-12-07,,0.33,,,16.86,7.81,7.48,16.28,,
1994-12-08,,0.28,,,17.14,7.79,7.51,18.15,,
1994-12-09,,0.26,,-0.1604,17.12,7.79,7.53,16.04,,
1994-12-12,,0.23,,,16.92,7.85,7.62,15.46,,
1994-12-13,,0.12,,,16.98,7.83,7.71,14.48,,
1994-12-14,,0.21,,,16.96,7.8,7.59,13.03,,
1994-12-15,,0.25,,,16.6,7.79,7.54,12.87,,
1994-12-16,,0.22,,-0.1545,16.84,7.81,7.59,12.79,,
1994-12-19,,0.22,,,16.91,7.81,7.59,13.02,,
1994-12-20,,0.25,,,16.98,7.81,7.56,12.98,,
1994-12-21,,0.22,,,17.07,7.8,7.58,12.05,,
1994-12-22,,0.14,,,17.15,7.84,7.7,12.42,,
1994-12-23,,0.11,,-0.0335,17.41,7.85,7.74,11.82,,
1994-12-26,,,,,,,,,,
1994-12-27,,0.09,,,17.63,7.76,7.67,12.07,,
1994-12-28,,0.09,,,17.74,7.8,7.71,12.81,,
1994-12-29,,0.13,,,17.69,7.82,7.69,12.86,,
1994-12-30,,0.15,,0.1556,17.77,7.84,7.69,13.2,,
1995-01-01,5.53,,,,,,,,97.6,0.0
1995-01-02,,,,,,,,,,
1995-01-03,,0.15,,,17.45,7.88,7.73,14.25,,
1995-01-04,,0.2,,,17.56,7.82,7.62,13.53,,
1995-01-05,,0.22,,,17.76,7.88,7.66,13.5,,
1995-01-06,,0.23,,-0.2032,17.69,7.87,7.64,13.13,,
1995-01-09,,0.21,,,17.4,7.89,7.68,13.33,,
1995-01-10,,0.21,,,17.42,7.84,7.63,12.52,,
1995-01-11,,0.21,,,17.7,7.79,7.58,12.15,,
1995-01-12,,0.24,,,17.72,7.8,7.56,12.83,,
1995-01-13,,0.3,,0.0226,17.52,7.69,7.39,11.1,,
1995-01-16,,,,,17.89,,,11.14,,
1995-01-17,,0.26,,,18.47,7.7,7.44,11.79,,
1995-01-18,,0.23,,,18.72,7.71,7.48,11.57,,
1995-01-19,,0.25,,,18.7,7.74,7.49,11.86,,
1995-01-20,,0.32,,-0.3529,18.46,7.82,7.5,12.15,,
1995-01-23,,0.33,,,18.16,7.83,7.5,12.79,,
1995-01-24,,0.29,,,18.53,7.86,7.57,11.94,,
1995-01-25,,0.3,,,18.82,7.8,7.5,11.46,,
1995-01-26,,0.37,,,18.23,7.76,7.39,11.25,,
1995-01-27,,0.37,,-0.3594,17.95,7.66,7.29,11.25,,
1995-01-30,,0.42,,,18.2,7.65,7.23,12.26,,
1995-01-31,,0.34,,,18.48,7.6,7.26,11.96,,
1995-02-01,5.92,0.33,,,18.48,7.66,7.33,11.73,95.1,0.0
1995-02-02,,0.28,,,18.54,7.68,7.4,11.13,,
1995-02-03,,0.35,,-0.3826,18.78,7.49,7.14,10.98,,
1995-02-06,,0.35,,,18.58,7.53,7.18,11.22,,
1995-02-07,,0.33,,,18.43,7.52,7.19,11.17,,
1995-02-08,,0.35,,,18.36,7.53,7.18,11.42,,
1995-02-09,,0.35,,,18.28,7.58,7.23,11.63,,
1995-02-10,,0.29,,-0.4908,18.47,7.62,7.33,11.28,,
1995-02-13,,0.29,,,18.29,7.61,7.32,11.41,,
1995-02-14,,0.3,,,18.44,7.51,7.21,11.43,,
1995-02-15,,0.33,,,18.46,7.45,7.12,11.52,,
1995-02-16,,0.38,,,18.63,7.4,7.02,11.61,,
1995-02-17,,0.36,,-0.2228,18.94,7.43,7.07,11.71,,
1995-02-20,,,,,,,,,,
1995-02-21,,0.35,,,18.86,7.44,7.09,12.05,,
1995-02-22,,0.42,,,18.84,7.34,6.92,11.39,,
1995-02-23,,0.42,,,18.59,7.34,6.92,11.15,,
1995-02-24,,0.44,,-0.2458,18.7,7.33,6.89,10.84,,
1995-02-27,,0.45,,,18.64,7.24,6.79,12.51,,
1995-02-28,,0.43,,,18.52,7.22,6.79,11.75,,
1995-03-01,5.98,0.42,,,18.31,7.23,6.81,11.65,90.3,0.0
1995-03-02,,0.42,,,18.4,7.3,6.88,12.02,,
1995-03-03,,0.47,,-0.2126,18.63,7.36,6.89,11.45,,
1995-03-06,,0.45,,,18.56,7.41,6.96,12.17,,
1995-03-07,,0.44,,,18.59,7.44,7.0,14.22,,
1995-03-08,,0.43,,,18.3,7.36,6.93,13.72,,
1995-03-09,,0.47,,,17.98,7.3,6.83,13.36,,
1995-03-10,,0.4,,-0.1343,17.92,7.23,6.83,12.38,,
1995-03-13,,0.43,,,18.19,7.19,6.76,12.15,,
1995-03-14,,0.4,,,17.9,7.09,6.69,12.1,,
1995-03-15,,0.38,,,18.12,7.09,6.71,12.42,,
1995-03-16,,0.37,,,18.18,7.05,6.68,11.95,,
1995-03-17,,0.43,,-0.2241,18.27,7.12,6.69,11.8,,
1995-03-20,,0.43,,,18.58,7.12,6.69,11.34,,
1995-03-21,,0.45,,,18.44,7.16,6.71,11.53,,
1995-03-22,,0.46,,,18.91,7.21,6.75,11.29,,
1995-03-23,,0.46,,,18.85,7.21,6.75,11.43,,
1995-03-24,,0.45,,-0.3818,18.68,7.09,6.64,11.19,,
1995-03-27,,0.43,,,19.08,7.05,6.62,11.83,,
1995-03-28,,0.43,,,18.95,7.16,6.73,11.33,,
1995-03-29,,0.43,,,19.21,7.16,6.73,12.51,,
1995-03-30,,0.42,,,19.17,7.18,6.76,12.62,,
1995-03-31,,0.4,,-0.4672,19.18,7.2,6.8,13.37,,
1995-04-01,6.05,,,,,,,,92.5,0.0
1995-04-03,,0.39,,,19.05,7.14,6.75,13.5,,
1995-04-04,,0.41,,,19.11,7.12,6.71,12.62,,
1995-04-05,,0.42,,,19.57,7.12,6.7,12.96,,
1995-04-06,,0.43,,,19.74,7.09,6.66,12.81,,
1995-04-07,,0.46,,-0.3196,19.67,7.11,6.65,12.85,,
1995-04-10,,0.46,,,19.61,7.12,6.66,12.79,,
1995-04-11,,0.44,,,19.84,7.09,6.65,12.73,,
1995-04-12,,0.45,,,19.5,7.06,6.61,12.04,,
1995-04-13,,0.52,,,19.16,7.03,6.51,11.48,,
1995-04-14,,,,-0.2596,,,,,,
1995-04-17,,0.56,,,19.8,7.04,6.48,12.33,,
1995-04-18,,0.6,,,20.14,7.04,6.44,12.96,,
1995-04-19,,0.55,,,20.4,7.06,6.51,13.09,,
1995-04-20,,0.59,,,20.52,7.02,6.43,12.1,,
1995-04-21,,0.57,,-0.2033,20.46,7.01,6.44,11.86,,
1995-04-24,,0.55,,,20.13,7.01,6.46,11.92,,
1995-04-25,,0.53,,,20.31,7.01,6.48,12.41,,
1995-04-26,,0.51,,,20.18,7.01,6.5,12.28,,
1995-04-27,,0.49,,,20.48,7.04,6.55,11.93,,
1995-04-28,,0.47,,-0.4676,20.36,7.07,6.6,11.75,,
1995-05-01,6.01,0.47,,,20.53,7.09,6.62,12.14,89.8,0.0
1995-05-02,,0.49,,,20.18,7.04,6.55,11.88,,
1995-05-03,,0.49,,,19.88,6.96,6.47,11.69,,
1995-05-04,,0.5,,,20.3,6.85,6.35,12.64,,
1995-05-05,,0.53,,-0.2955,20.33,6.69,6.16,12.06,,
1995-05-08,,0.52,,,20.32,6.7,6.18,12.22,,
1995-05-09,,0.53,,,19.67,6.61,6.08,12.75,,
1995-05-10,,0.55,,,19.76,6.66,6.11,13.08,,
1995-05-11,,0.48,,,19.4,6.68,6.2,12.98,,
1995-05-12,,0.47,,-0.1762,19.55,6.67,6.2,11.84,,
1995-05-15,,0.46,,,19.91,6.62,6.16,12.38,,
1995-05-16,,0.46,,,20.01,6.57,6.11,12.2,,
1995-05-17,,0.42,,,19.94,6.53,6.11,12.36,,
1995-05-18,,0.43,,,19.99,6.61,6.18,13.13,,
1995-05-19,,0.42,,-0.4165,20.06,6.61,6.19,12.81,,
1995-05-22,,0.44,,,19.86,6.63,6.19,11.68,,
1995-05-23,,0.42,,,19.81,6.57,6.15,11.55,,
1995-05-24,,0.43,,,19.34,6.44,6.01,11.26,,
1995-05-25,,0.4,,,19.12,6.39,5.99,11.63,,
1995-05-26,,0.43,,-0.3811,18.7,6.4,5.97,12.2,,
1995-05-29,,,,,,,,,,
1995-05-30,,0.41,,,18.78,6.3,5.89,12.52,,
1995-05-31,,0.41,,,18.88,6.3,5.89,12.85,,
1995-06-01,6.0,0.49,,,18.89,6.2,5.71,12.21,92.7,0.0
1995-06-02,,0.56,,-0.065,19.14,6.1,5.54,12.98,,
1995-06-05,,0.54,,,19.25,6.08,5.54,13.45,,
1995-06-06,,0.51,,,19.16,6.08,5.57,13.0,,
1995-06-07,,0.46,,,19.08,6.2,5.74,12.84,,
1995-06-08,,0.4,,,18.94,6.22,5.82,12.89,,
1995-06-09,,0.39,,-0.2528,18.83,6.4,6.01,12.76,,
1995-06-12,,0.41,,,18.87,6.37,5.96,11.91,,
1995-06-13,,0.51,,,18.93,6.14,5.63,11.29,,
1995-06-14,,0.48,,,19.05,6.15,5.67,11.29,,
1995-06-15,,0.45,,,18.9,6.18,5.73,11.23,,
1995-06-16,,0.44,,-0.143,18.8,6.21,5.77,10.75,,
1995-06-19,,0.48,,,18.23,6.13,5.65,11.21,,
1995-06-20,,0.44,,,18.01,6.16,5.72,11.16,,
1995-06-21,,0.45,,,17.59,6.13,5.68,11.32,,
1995-06-22,,0.43,,,17.76,6.04,5.61,11.44,,
1995-06-23,,0.42,,-0.1164,17.81,6.06,5.64,11.12,,
1995-06-26,,0.4,,,17.67,6.11,5.71,11.8,,
1995-06-27,,0.45,,,17.95,6.15,5.7,12.37,,
1995-06-28,,0.43,,,17.98,6.1,5.67,11.74,,
1995-06-29,,0.39,,,17.59,6.28,5.89,11.59,,
1995-06-30,,0.42,,-0.2563,17.38,6.21,5.79,11.38,,
1995-07-01,5.85,,,,,,,,94.4,0.0
1995-07-03,,0.42,,,17.33,6.21,5.79,11.57,,
1995-07-04,,,,,,,,,,
1995-07-05,,0.41,,,17.21,6.19,5.78,12.1,,
1995-07-06,,0.49,,,17.42,6.05,5.56,11.52,,
1995-07-07,,0.5,,-0.2525,17.14,6.04,5.54,11.77,,
1995-07-10,,0.48,,,17.35,6.04,5.56,12.19,,
1995-07-11,,0.5,,,17.31,6.09,5.59,12.25,,
1995-07-12,,0.51,,,17.49,6.1,5.59,12.31,,
1995-07-13,,0.48,,,17.25,6.09,5.61,12.56,,
1995-07-14,,0.45,,-0.153,17.32,6.15,5.7,12.08,,
1995-07-17,,0.45,,,17.28,6.22,5.77,12.26,,
1995-07-18,,0.48,,,17.33,6.25,5.77,12.68,,
1995-07-19,,0.54,,,17.33,6.43,5.89,13.49,,
1995-07-20,,0.52,,,17.03,6.43,5.91,12.78,,
1995-07-21,,0.58,,-0.5211,17.07,6.53,5.95,12.37,,
1995-07-24,,0.49,,,17.17,6.46,5.97,12.55,,
1995-07-25,,0.49,,,17.45,6.43,5.94,12.77,,
1995-07-26,,0.51,,,17.47,6.48,5.97,13.18,,
1995-07-27,,0.52,,,17.51,6.43,5.91,13.18,,
1995-07-28,,0.57,,-0.3218,17.43,6.49,5.92,13.18,,
1995-07-31,,0.57,,,17.62,6.45,5.88,13.49,,
1995-08-01,5.74,0.56,,,17.59,6.5,5.94,13.56,96.2,0.0
1995-08-02,,0.58,,,17.95,6.44,5.86,13.66,,
1995-08-03,,0.59,,,17.72,6.53,5.94,13.78,,
1995-08-04,,0.59,,-0.2819,17.74,6.5,5.91,13.21,,
1995-08-07,,0.58,,,17.65,6.48,5.9,13.1,,
1995-08-08,,0.57,,,17.86,6.47,5.9,13.06,,
1995-08-09,,0.54,,,17.77,6.47,5.93,12.75,,
1995-08-10,,0.56,,,17.91,6.51,5.95,13.0,,
1995-08-11,,0.54,,-0.3027,17.86,6.59,6.05,12.9,,
1995-08-14,,0.54,,,17.48,6.59,6.05,13.24,,
1995-08-15,,0.46,,,17.4,6.57,6.11,12.35,,
1995-08-16,,0.47,,,17.59,6.54,6.07,12.45,,
1995-08-17,,0.45,,,17.65,6.57,6.12,12.13,,
1995-08-18,,0.44,,-0.4179,17.87,6.57,6.13,12.03,,
1995-08-21,,0.46,,,18.26,6.54,6.08,13.42,,
1995-08-22,,0.47,,,18.54,6.57,6.1,12.6,,
1995-08-23,,0.49,,,18.79,6.6,6.11,13.17,,
1995-08-24,,0.5,,,19.6,6.5,6.0,12.94,,
1995-08-25,,0.48,,-0.229,19.91,6.38,5.9,12.33,,
1995-08-28,,0.49,,,17.84,6.34,5.85,12.48,,
1995-08-29,,0.43,,,17.87,6.36,5.93,12.65,,
1995-08-30,,0.45,,,17.74,6.33,5.88,12.03,,
1995-08-31,,0.43,,,17.89,6.28,5.85,11.52,,
1995-09-01,5.8,0.44,,-0.1138,18.08,6.22,5.78,11.29,88.9,0.0
1995-09-04,,,,,,,,,,
1995-09-05,,0.41,,,18.49,6.18,5.77,11.65,,
1995-09-06,,0.41,,,18.27,6.17,5.76,11.65,,
1995-09-07,,0.41,,,18.27,6.21,5.8,11.85,,
1995-09-08,,0.39,,-0.2354,18.44,6.24,5.85,11.16,,
1995-09-11,,0.41,,,18.49,6.24,5.83,11.51,,
1995-09-12,,0.39,,,18.76,6.16,5.77,11.46,,
1995-09-13,,0.38,,,18.53,6.18,5.8,11.35,,
1995-09-14,,0.4,,,18.87,6.08,5.68,11.1,,
1995-09-15,,0.4,,-0.3306,18.94,6.11,5.71,11.58,,
1995-09-18,,0.4,,,18.92,6.17,5.77,12.34,,
1995-09-19,,0.39,,,19.01,6.14,5.75,12.67,,
1995-09-20,,0.37,,,18.53,6.1,5.73,12.35,,
1995-09-21,,0.38,,,17.89,6.21,5.83,12.5,,
1995-09-22,,0.4,,-0.2657,17.27,6.25,5.85,12.46,,
1995-09-25,,0.37,,,17.38,6.26,5.89,13.22,,
1995-09-26,,0.4,,,17.47,6.28,5.88,12.9,,
1995-09-27,,0.38,,,17.64,6.3,5.92,12.9,,
1995-09-28,,0.36,,,17.72,6.28,5.92,12.46,,
1995-09-29,,0.34,,-0.3833,17.54,6.17,5.83,12.74,,
1995-10-01,5.76,,,,,,,,90.2,0.0
1995-10-02,,0.33,,,17.67,6.15,5.82,13.95,,
1995-10-03,,0.33,,,17.56,6.13,5.8,14.5,,
1995-10-04,,0.37,,,17.32,6.12,5.75,14.86,,
1995-10-05,,0.34,,,16.86,6.06,5.72,15.74,,
1995-10-06,,0.33,,-0.0127,17.03,6.06,5.73,13.98,,
1995-10-09,,,,,17.36,,,14.85,,
1995-10-10,,0.33,,,17.29,6.07,5.74,14.97,,
1995-10-11,,0.34,,,17.28,6.09,5.75,14.57,,
1995-10-12,,0.35,,,17.08,6.07,5.72,14.24,,
1995-10-13,,0.3,,-0.1819,17.38,5.97,5.67,13.67,,
1995-10-16,,0.3,,,17.6,5.97,5.67,14.62,,
1995-10-17,,0.32,,,17.59,5.97,5.65,14.03,,
1995-10-18,,0.32,,,17.57,5.99,5.67,14.05,,
1995-10-19,,0.31,,,17.34,5.98,5.67,13.55,,
1995-10-20,,0.32,,-0.1357,17.44,6.04,5.72,13.46,,
1995-10-23,,0.31,,,17.48,6.07,5.76,14.17,,
1995-10-24,,0.34,,,17.61,6.02,5.68,13.85,,
1995-10-25,,0.36,,,17.58,6.0,5.64,14.49,,
1995-10-26,,0.45,,,17.61,6.06,5.61,15.59,,
1995-10-27,,0.41,,-0.0732,17.54,6.05,5.64,14.63,,
1995-10-30,,0.42,,,17.67,6.04,5.62,14.26,,
1995-10-31,,0.42,,,17.67,6.03,5.61,13.83,,
1995-11-01,5.8,0.46,,,17.74,5.98,5.52,13.41,88.2,0.0
1995-11-02,,0.46,,,17.94,5.92,5.46,13.19,,
1995-11-03,,0.45,,-0.1584,17.93,5.94,5.49,12.26,,
1995-11-06,,0.45,,,17.68,5.96,5.51,12.74,,
1995-11-07,,0.45,,,17.62,5.99,5.54,13.05,,
1995-11-08,,0.45,,,17.82,5.92,5.47,12.16,,
1995-11-09,,0.48,,,17.83,5.97,5.49,12.46,,
1995-11-10,,0.48,,-0.3478,17.83,6.0,5.52,12.97,,
1995-11-13,,0.49,,,17.78,5.98,5.49,13.2,,
1995-11-14,,0.5,,,17.89,5.97,5.47,13.38,,
1995-11-15,,0.47,,,17.92,6.0,5.53,12.95,,
1995-11-16,,0.47,,,18.16,5.93,5.46,12.57,,
1995-11-17,,0.46,,-0.357,18.56,5.92,5.46,12.49,,
1995-11-20,,0.47,,,18.14,5.93,5.46,12.37,,
1995-11-21,,0.43,,,17.89,5.92,5.49,11.74,,
1995-11-22,,0.42,,,17.93,5.93,5.51,11.81,,
1995-11-23,,,,,,,,,,
1995-11-24,,0.42,,-0.4974,,5.91,5.49,11.87,,
1995-11-27,,0.42,,,18.37,5.88,5.46,12.43,,
1995-11-28,,0.43,,,18.28,5.88,5.45,11.57,,
1995-11-29,,0.42,,,18.27,5.85,5.42,11.65,,
1995-11-30,,0.4,,,18.27,5.76,5.36,11.58,,
1995-12-01,5.6,0.39,,-0.3151,18.43,5.71,5.32,11.11,91.0,0.0
1995-12-04,,0.36,,,18.61,5.63,5.27,10.66,,
1995-12-05,,0.36,,,18.66,5.65,5.29,11.65,,
1995-12-06,,0.35,,,18.76,5.67,5.32,12.7,,
1995-12-07,,0.33,,,18.69,5.72,5.39,12.74,,
1995-12-08,,0.34,,-0.4064,18.97,5.73,5.39,11.12,,
1995-12-11,,0.33,,,18.62,5.71,5.38,11.06,,
1995-12-12,,0.33,,,18.8,5.72,5.39,10.63,,
1995-12-13,,0.35,,,19.01,5.74,5.39,10.36,,
1995-12-14,,0.36,,,19.14,5.74,5.38,11.07,,
1995-12-15,,0.39,,-0.4171,19.51,5.75,5.36,11.44,,
1995-12-18,,0.42,,,19.71,5.85,5.43,14.55,,
1995-12-19,,0.45,,,19.05,5.81,5.36,13.16,,
1995-12-20,,0.43,,,18.87,5.76,5.33,12.2,,
1995-12-21,,0.44,,,18.83,5.77,5.33,10.77,,
1995-12-22,,0.43,,-0.2339,19.12,5.71,5.28,11.51,,
1995-12-25,,,,,,,,,,
1995-12-26,,0.42,,,19.25,5.69,5.27,11.49,,
1995-12-27,,0.43,,,19.49,5.66,5.23,11.98,,
1995-12-28,,0.43,,,19.47,5.63,5.2,12.25,,
1995-12-29,,0.4,,0.0586,19.54,5.58,5.18,12.52,,
1996-01-01,5.56,,,,,,,,89.3,0.0
1996-01-02,,0.42,,,19.83,5.6,5.18,12.19,,
1996-01-03,,0.41,,,19.9,5.58,5.17,12.1,,
1996-01-04,,0.48,,,19.96,5.65,5.17,13.78,,
1996-01-05,,0.49,,-0.456,20.26,5.69,5.2,13.58,,
1996-01-08,,0.48,,,20.5,5.68,5.2,13.11,,
1996-01-09,,0.52,,,19.86,5.7,5.18,15.21,,
1996-01-10,,0.58,,,19.66,5.8,5.22,16.4,,
1996-01-11,,0.56,,,18.87,5.78,5.22,14.69,,
1996-01-12,,0.58,,-0.1976,18.28,5.75,5.17,14.23,,
1996-01-15,,,,,18.42,,,14.99,,
1996-01-16,,0.58,,,18.12,5.66,5.08,14.09,,
1996-01-17,,0.53,,,18.58,5.58,5.05,14.25,,
1996-01-18,,0.52,,,19.12,5.53,5.01,13.58,,
1996-01-19,,0.51,,-0.1839,18.94,5.54,5.03,12.7,,
1996-01-22,,0.53,,,18.49,5.61,5.08,13.34,,
1996-01-23,,0.57,,,18.58,5.66,5.09,13.56,,
1996-01-24,,0.55,,,18.95,5.62,5.07,12.54,,
1996-01-25,,0.59,,,18.06,5.7,5.11,12.94,,
1996-01-26,,0.57,,-0.4105,17.68,5.65,5.08,12.0,,
1996-01-29,,0.59,,,17.33,5.69,5.1,12.19,,
1996-01-30,,0.61,,,17.65,5.63,5.02,12.42,,
1996-01-31,,0.67,,,17.76,5.6,4.93,12.53,,
1996-02-01,5.22,0.7,,,17.63,5.63,4.93,12.65,88.5,0.0
1996-02-02,,0.76,,-0.401,17.83,5.66,4.9,13.23,,
1996-02-05,,0.75,,,17.53,5.7,4.95,13.46,,
1996-02-06,,0.75,,,17.74,5.68,4.93,14.59,,
1996-02-07,,0.74,,,17.71,5.66,4.92,14.11,,
1996-02-08,,0.76,,,17.79,5.66,4.9,13.89,,
1996-02-09,,0.81,,-0.2933,17.83,5.66,4.85,14.63,,
1996-02-12,,0.78,,,18.01,5.61,4.83,14.69,,
1996-02-13,,0.78,,,18.96,5.58,4.8,14.94,,
1996-02-14,,0.8,,,18.86,5.62,4.82,15.59,,
1996-02-15,,0.83,,,19.02,5.7,4.87,16.13,,
1996-02-16,,0.86,,-0.2894,19.16,5.76,4.9,15.37,,
1996-02-19,,,,,,,,,,
1996-02-20,,0.83,,,21.07,6.01,5.18,16.8,,
1996-02-21,,0.82,,,21.63,5.98,5.16,14.47,,
1996-02-22,,0.81,,,22.14,5.92,5.11,14.56,,
1996-02-23,,0.84,,-0.548,20.97,5.97,5.13,14.78,,
1996-02-26,,0.83,,,19.45,6.01,5.18,16.38,,
1996-02-27,,0.78,,,19.65,6.06,5.28,16.63,,
1996-02-28,,0.68,,,19.3,6.11,5.43,16.72,,
1996-02-29,,0.69,,,19.59,6.13,5.44,17.04,,
1996-03-01,5.31,0.73,,-0.497,19.45,5.99,5.26,16.72,93.7,0.0
1996-03-04,,0.71,,,19.24,5.92,5.21,16.67,,
1996-03-05,,0.68,,,19.65,5.96,5.28,16.1,,
1996-03-06,,0.69,,,20.16,6.05,5.36,16.56,,
1996-03-07,,0.67,,,19.87,6.07,5.4,16.49,,
1996-03-08,,0.68,,-0.1062,19.66,6.41,5.73,20.7,,
1996-03-11,,0.62,,,19.92,6.33,5.71,19.4,,
1996-03-12,,0.58,,,20.42,6.36,5.78,19.09,,
1996-03-13,,0.62,,,20.49,6.35,5.73,18.13,,
1996-03-14,,0.66,,,21.18,6.36,5.7,16.93,,
1996-03-15,,0.59,,-0.3344,21.99,6.46,5.87,16.54,,
1996-03-18,,0.54,,,23.23,6.43,5.89,17.31,,
1996-03-19,,0.56,,,24.56,6.41,5.85,18.35,,
1996-03-20,,0.58,,,22.74,6.34,5.76,18.66,,
1996-03-21,,0.56,,,22.44,6.28,5.72,17.74,,
1996-03-22,,0.58,,-0.1939,22.85,6.32,5.74,17.05,,
1996-03-25,,0.57,,,23.23,6.26,5.69,17.84,,
1996-03-26,,0.53,,,22.38,6.25,5.72,17.8,,
1996-03-27,,0.53,,,21.64,6.34,5.81,17.89,,
1996-03-28,,0.53,,,21.45,6.41,5.88,18.16,,
1996-03-29,,0.55,,-0.1497,21.43,6.34,5.79,18.88,,
1996-04-01,5.22,0.52,,,22.29,6.31,5.79,17.9,92.7,0.0
1996-04-02,,0.51,,,22.68,6.25,5.74,16.45,,
1996-04-03,,0.5,,,22.22,6.27,5.77,16.33,,
1996-04-04,,0.5,,,22.75,6.33,5.83,16.18,,
1996-04-05,,0.48,,-0.1761,,6.57,6.09,,,
1996-04-08,,0.52,,,23.01,6.63,6.11,18.72,,
1996-04-09,,0.5,,,23.23,6.56,6.06,17.32,,
1996-04-10,,0.53,,,24.08,6.63,6.1,20.22,,
1996-04-11,,0.56,,,25.15,6.68,6.12,19.65,,
1996-04-12,,0.56,,-0.107,24.29,6.52,5.96,17.38,,
1996-04-15,,0.54,,,25.13,6.47,5.93,16.83,,
1996-04-16,,0.57,,,24.48,6.48,5.91,16.45,,
1996-04-17,,0.56,,,24.67,6.52,5.96,17.07,,
1996-04-18,,0.56,,,23.47,6.58,6.02,16.41,,
1996-04-19,,0.58,,0.0855,23.96,6.53,5.95,15.12,,
1996-04-22,,0.56,,,23.94,6.48,5.92,15.38,,
1996-04-23,,0.59,,,24.39,6.52,5.93,15.01,,
1996-04-24,,0.62,,,24.0,6.57,5.95,14.91,,
1996-04-25,,0.57,,,24.35,6.56,5.99,14.72,,
1996-04-26,,0.62,,-0.2157,22.33,6.54,5.92,14.75,,
1996-04-29,,0.61,,,22.07,6.59,5.98,15.45,,
1996-04-30,,0.63,,,20.95,6.66,6.03,15.83,,
1996-05-01,5.24,0.65,,,20.81,6.68,6.03,16.07,89.4,0.0
1996-05-02,,0.69,,,20.78,6.85,6.16,18.62,,
1996-05-03,,0.7,,-0.2372,21.19,6.9,6.2,16.7,,
1996-05-06,,0.71,,,21.06,6.86,6.15,16.92,,
1996-05-07,,0.67,,,21.07,6.87,6.2,16.87,,
1996-05-08,,0.63,,,21.13,6.78,6.15,15.78,,
1996-05-09,,0.7,,,20.65,6.84,6.14,16.99,,
1996-05-10,,0.71,,-0.1379,21.01,6.75,6.04,15.61,,
1996-05-13,,0.66,,,21.23,6.72,6.06,15.16,,
1996-05-14,,0.65,,,21.35,6.66,6.01,14.9,,
1996-05-15,,0.64,,,21.28,6.65,6.01,15.59,,
1996-05-16,,0.62,,,20.79,6.7,6.08,15.71,,
1996-05-17,,0.61,,-0.1983,20.64,6.65,6.04,15.13,,
1996-05-20,,0.6,,,22.28,6.62,6.02,15.8,,
1996-05-21,,0.62,,,21.95,6.65,6.03,16.0,,
1996-05-22,,0.6,,,23.02,6.63,6.03,15.5,,
1996-05-23,,0.63,,,22.35,6.68,6.05,16.17,,
1996-05-24,,0.62,,-0.2836,21.58,6.65,6.03,15.54,,
1996-05-27,,,,,,,,,,
1996-05-28,,0.62,,,21.1,6.67,6.05,16.92,,
1996-05-29,,0.61,,,20.65,6.77,6.16,17.15,,
1996-05-30,,0.6,,,19.95,6.78,6.18,16.02,,
1996-05-31,,0.58,,-0.3544,19.77,6.85,6.27,16.07,,
1996-06-01,5.27,,,,,,,,92.4,0.0
1996-06-03,,0.61,,,19.86,6.87,6.26,16.86,,
1996-06-04,,0.62,,,20.28,6.86,6.24,16.18,,
1996-06-05,,0.58,,,19.73,6.82,6.24,16.04,,
1996-06-06,,0.6,,,20.06,6.76,6.16,16.84,,
1996-06-07,,0.53,,-0.2837,20.28,6.93,6.4,16.1,,
1996-06-10,,0.57,,,20.18,6.97,6.4,16.78,,
1996-06-11,,0.62,,,20.13,6.99,6.37,16.68,,
1996-06-12,,0.64,,,20.13,7.03,6.39,17.0,,
1996-06-13,,0.65,,,20.03,7.01,6.36,17.12,,
1996-06-14,,0.66,,-0.2349,20.28,6.95,6.29,18.64,,
1996-06-17,,0.63,,,21.43,6.9,6.27,17.46,,
1996-06-18,,0.65,,,21.53,6.93,6.28,17.45,,
1996-06-19,,0.65,,,20.73,6.96,6.31,17.54,,
1996-06-20,,0.6,,,20.68,6.98,6.38,16.97,,
1996-06-21,,0.61,,-0.2372,20.38,6.96,6.35,15.8,,
1996-06-24,,0.62,,,20.1,6.94,6.32,15.91,,
1996-06-25,,0.61,,,20.13,6.91,6.3,15.43,,
1996-06-26,,0.61,,,20.63,6.91,6.3,15.23,,
1996-06-27,,0.62,,,20.98,6.83,6.21,14.19,,
1996-06-28,,0.62,,-0.0469,20.92,6.73,6.11,13.68,,
1996-07-01,5.4,0.59,,,21.48,6.74,6.15,13.78,94.7,0.0
1996-07-02,,0.58,,,21.08,6.8,6.22,14.19,,
1996-07-03,,0.58,,,21.38,6.78,6.2,14.21,,
1996-07-04,,,,,,,,,,
1996-07-05,,0.62,,-0.4736,21.65,7.06,6.44,16.09,,
1996-07-08,,0.62,,,21.33,7.05,6.43,16.42,,
1996-07-09,,0.59,,,21.52,7.0,6.41,15.49,,
1996-07-10,,0.61,,,21.56,6.95,6.34,15.51,,
1996-07-11,,0.62,,,21.96,6.9,6.28,17.81,,
1996-07-12,,0.59,,0.0124,21.9,6.85,6.26,17.09,,
1996-07-15,,0.57,,,22.43,6.89,6.32,20.11,,
1996-07-16,,0.61,,,22.28,6.84,6.23,20.1,,
1996-07-17,,0.6,,,21.65,6.83,6.23,19.22,,
1996-07-18,,0.56,,,21.68,6.72,6.16,17.93,,
1996-07-19,,0.6,,0.0093,20.95,6.78,6.18,17.26,,
1996-07-22,,0.61,,,21.05,6.84,6.23,20.41,,
1996-07-23,,0.57,,,21.58,6.8,6.23,21.55,,
1996-07-24,,0.61,,,20.97,6.87,6.26,21.44,,
1996-07-25,,0.59,,,21.05,6.87,6.28,19.39,,
1996-07-26,,0.6,,-0.1397,20.13,6.85,6.25,17.45,,
1996-07-29,,0.61,,,20.28,6.93,6.32,20.09,,
1996-07-30,,0.59,,,20.28,6.89,6.3,20.53,,
1996-07-31,,0.58,,,20.46,6.8,6.22,19.46,,
1996-08-01,5.22,0.57,,,20.95,6.65,6.08,18.76,95.3,0.0
1996-08-02,,0.6,,-0.2149,21.35,6.51,5.91,16.19,,
1996-08-05,,0.6,,,21.25,6.53,5.93,17.36,,
1996-08-06,,0.61,,,21.08,6.54,5.93,16.93,,
1996-08-07,,0.58,,,21.35,6.55,5.97,16.24,,
1996-08-08,,0.59,,,21.45,6.56,5.97,16.04,,
1996-08-09,,0.57,,0.137,21.6,6.5,5.93,15.77,,
1996-08-12,,0.57,,,22.25,6.49,5.92,15.57,,
1996-08-13,,0.6,,,22.35,6.57,5.97,16.41,,
1996-08-14,,0.61,,,22.1,6.58,5.97,15.96,,
1996-08-15,,0.62,,,21.95,6.62,6.0,15.46,,
1996-08-16,,0.61,,-0.3028,22.6,6.56,5.95,14.81,,
1996-08-19,,0.62,,,23.1,6.59,5.97,15.27,,
1996-08-20,,0.62,,,22.53,6.59,5.97,14.73,,
1996-08-21,,0.62,,,22.15,6.61,5.99,14.52,,
1996-08-22,,0.62,,,22.48,6.62,6.0,13.71,,
1996-08-23,,0.63,,-0.3346,22.23,6.72,6.09,14.18,,
1996-08-26,,0.62,,,21.55,6.8,6.18,15.38,,
1996-08-27,,0.61,,,21.35,6.78,6.17,15.11,,
1996-08-28,,0.62,,,21.75,6.79,6.17,15.1,,
1996-08-29,,0.63,,,22.2,6.86,6.23,16.22,,
1996-08-30,,0.62,,-0.4116,22.25,6.96,6.34,17.01,,
1996-09-01,5.3,,,,,,,,94.7,0.0
1996-09-02,,,,,,,,,,
1996-09-03,,0.57,,,23.35,6.92,6.35,18.47,,
1996-09-04,,0.56,,,23.25,6.94,6.38,18.64,,
1996-09-05,,0.6,,,23.45,6.98,6.38,20.51,,
1996-09-06,,0.61,,-0.2371,23.85,6.94,6.33,17.1,,
1996-09-09,,0.58,,,23.75,6.9,6.32,16.36,,
1996-09-10,,0.6,,,24.15,6.94,6.34,16.25,,
1996-09-11,,0.6,,,24.75,6.94,6.34,16.06,,
1996-09-12,,0.61,,,24.95,6.88,6.27,15.97,,
1996-09-13,,0.64,,-0.1606,24.5,6.74,6.1,15.2,,
1996-09-16,,0.59,,,23.3,6.73,6.14,15.43,,
1996-09-17,,0.59,,,23.4,6.81,6.22,15.74,,
1996-09-18,,0.57,,,23.85,6.83,6.26,15.86,,
1996-09-19,,0.58,,,23.45,6.87,6.29,16.03,,
1996-09-20,,0.59,,-0.2043,23.6,6.85,6.26,15.65,,
1996-09-23,,0.59,,,23.83,6.83,6.24,16.46,,
1996-09-24,,0.61,,,24.55,6.77,6.16,16.45,,
1996-09-25,,0.63,,,24.6,6.71,6.08,16.22,,
1996-09-26,,0.61,,,24.05,6.66,6.05,16.11,,
1996-09-27,,0.61,,-0.029,24.6,6.68,6.07,16.1,,
1996-09-30,,0.62,,,24.2,6.72,6.1,16.95,,
1996-10-01,5.24,0.62,,,24.35,6.65,6.03,17.05,96.5,0.0
1996-10-02,,0.63,,,24.05,6.61,5.98,16.78,,
1996-10-03,,0.61,,,24.85,6.61,6.0,16.77,,
1996-10-04,,0.63,,-0.0004,24.75,6.48,5.85,14.8,,
1996-10-07,,0.64,,,25.25,6.53,5.89,15.11,,
1996-10-08,,0.63,,,25.45,6.53,5.9,15.58,,
1996-10-09,,0.59,,,25.0,6.55,5.96,16.09,,
1996-10-10,,0.6,,,24.3,6.61,6.01,16.26,,
1996-10-11,,0.63,,-0.0539,24.65,6.55,5.92,15.07,,
1996-10-14,,,,,25.5,,,15.13,,
1996-10-15,,0.63,,,25.45,6.56,5.93,15.83,,
1996-10-16,,0.63,,,25.1,6.57,5.94,15.6,,
1996-10-17,,0.62,,,25.4,6.51,5.89,15.41,,
1996-10-18,,0.61,,-0.1414,25.8,6.5,5.89,15.08,,
1996-10-21,,0.61,,,25.85,6.52,5.91,15.98,,
1996-10-22,,0.61,,,25.79,6.56,5.95,16.4,,
1996-10-23,,0.62,,,24.78,6.56,5.94,16.45,,
1996-10-24,,0.63,,,24.55,6.57,5.94,16.89,,
1996-10-25,,0.64,,-0.2021,24.8,6.54,5.9,17.29,,
1996-10-28,,0.64,,,24.75,6.56,5.92,18.34,,
1996-10-29,,0.63,,,24.15,6.4,5.77,18.28,,
1996-10-30,,0.61,,,24.4,6.4,5.79,18.48,,
1996-10-31,,0.6,,,23.25,6.37,5.77,18.11,,
1996-11-01,5.31,0.59,,-0.0803,23.0,6.38,5.79,17.89,99.2,0.0
1996-11-04,,0.58,,,22.8,6.36,5.78,18.04,,
1996-11-05,,0.54,,,22.65,6.28,5.74,17.65,,
1996-11-06,,0.54,,,22.75,6.3,5.76,16.97,,
1996-11-07,,0.51,,,22.8,6.26,5.75,17.21,,
1996-11-08,,0.53,,-0.2696,23.6,6.29,5.76,15.78,,
1996-11-11,,,,,23.35,,,14.04,,
1996-11-12,,0.46,,,23.4,6.19,5.73,15.36,,
1996-11-13,,0.49,,,24.25,6.2,5.71,14.89,,
1996-11-14,,0.49,,,24.35,6.15,5.66,13.79,,
1996-11-15,,0.51,,-0.2516,24.15,6.19,5.68,14.36,,
1996-11-18,,0.5,,,23.85,6.2,5.7,15.12,,
1996-11-19,,0.49,,,24.5,6.17,5.68,15.23,,
1996-11-20,,0.49,,,23.75,6.14,5.65,15.94,,
1996-11-21,,0.48,,,23.9,6.15,5.67,15.77,,
1996-11-22,,0.46,,-0.351,24.15,6.15,5.69,14.92,,
1996-11-25,,0.46,,,25.75,6.13,5.67,15.91,,
1996-11-26,,0.47,,,23.7,6.13,5.66,16.97,,
1996-11-27,,0.48,,,23.7,6.14,5.66,16.96,,
1996-11-28,,,,,,,,,,
1996-11-29,,0.47,,-0.3173,23.7,6.06,5.59,17.14,,
1996-12-01,5.29,,,,,,,,96.9,0.0
1996-12-02,,0.47,,,24.7,6.08,5.61,17.93,,
1996-12-03,,0.45,,,24.8,6.06,5.61,18.68,,
1996-12-04,,0.47,,,25.0,6.11,5.64,17.93,,
1996-12-05,,0.51,,,25.6,6.22,5.71,18.14,,
1996-12-06,,0.53,,-0.1253,25.6,6.26,5.73,18.82,,
1996-12-09,,0.51,,,25.15,6.21,5.7,17.75,,
1996-12-10,,0.52,,,24.25,6.23,5.71,17.88,,
1996-12-11,,0.56,,,23.4,6.38,5.82,19.68,,
1996-12-12,,0.56,,,23.75,6.4,5.84,20.45,,
1996-12-13,,0.56,,0.0143,24.45,6.33,5.77,21.09,,
1996-12-16,,0.57,,,25.7,6.39,5.82,21.99,,
1996-12-17,,0.55,,,25.7,6.42,5.87,20.77,,
1996-12-18,,0.57,,,26.05,6.46,5.89,19.42,,
1996-12-19,,0.53,,,26.55,6.36,5.83,18.77,,
1996-12-20,,0.52,,-0.1225,26.1,6.35,5.83,18.85,,
1996-12-23,,0.49,,,26.4,6.34,5.85,19.5,,
1996-12-24,,0.51,,,25.05,6.36,5.85,18.68,,
1996-12-25,,,,,,,,,,
1996-12-26,,0.5,,,25.1,6.35,5.85,18.59,,
1996-12-27,,0.49,,-0.0502,25.2,6.3,5.81,19.13,,
1996-12-30,,0.51,,,25.35,6.31,5.8,19.51,,
1996-12-31,,0.55,,,25.9,6.43,5.88,20.92,,
1997-01-01,5.25,,,,,,,,97.4,0.0
1997-01-02,,0.57,,,25.55,6.54,5.97,21.14,,
1997-01-03,,0.57,,-0.3995,25.55,6.52,5.95,19.13,,
1997-01-06,,0.57,,,26.25,6.54,5.97,19.89,,
1997-01-07,,0.59,,,26.25,6.57,5.98,19.35,,
1997-01-08,,0.59,,,26.55,6.6,6.01,20.24,,
1997-01-09,,0.58,,,26.3,6.52,5.94,20.91,,
1997-01-10,,0.57,,-0.1059,26.15,6.63,6.06,19.63,,
1997-01-13,,0.56,,,25.2,6.63,6.07,19.84,,
1997-01-14,,0.55,,,25.1,6.53,5.98,19.27,,
1997-01-15,,0.55,,,25.95,6.53,5.98,19.4,,
1997-01-16,,0.57,,,25.45,6.57,6.0,19.61,,
1997-01-17,,0.56,,-0.3095,25.4,6.56,6.0,18.63,,
1997-01-20,,,,,25.1,,,18.6,,
1997-01-21,,0.53,,,24.8,6.52,5.99,17.81,,
1997-01-22,,0.56,,,24.4,6.56,6.0,17.09,,
1997-01-23,,0.54,,,23.85,6.6,6.06,18.47,,
1997-01-24,,0.57,,-0.3649,23.85,6.64,6.07,19.33,,
1997-01-27,,0.58,,,23.85,6.69,6.11,20.16,,
1997-01-28,,0.6,,,23.9,6.64,6.04,20.74,,
1997-01-29,,0.59,,,24.5,6.63,6.04,20.23,,
1997-01-30,,0.6,,,24.8,6.61,6.01,19.47,,
1997-01-31,,0.59,,-0.2641,24.15,6.53,5.94,,,
1997-02-01,5.19,,,,,,,,99.7,0.0
1997-02-03,,0.58,,,24.2,6.47,5.89,19.58,,
1997-02-04,,0.57,,,24.0,6.45,5.88,19.43,,
1997-02-05,,0.56,,,23.9,6.47,5.91,21.06,,
1997-02-06,,0.58,,,23.05,6.49,5.91,20.16,,
1997-02-07,,0.57,,-0.2066,22.3,6.43,5.86,18.9,,
1997-02-10,,0.56,,,22.45,6.43,5.87,20.65,,
1997-02-11,,0.55,,,22.35,6.43,5.88,19.97,,
1997-02-12,,0.49,,,21.75,6.39,5.9,19.48,,
1997-02-13,,0.49,,,22.1,6.32,5.83,19.23,,
1997-02-14,,0.49,,-0.3282,22.4,6.28,5.79,19.18,,
1997-02-17,,,,,,,,,,
1997-02-18,,0.48,,,22.5,6.28,5.8,19.7,,
1997-02-19,,0.48,,,22.65,6.3,5.82,20.61,,
1997-02-20,,0.53,,,21.95,6.38,5.85,21.41,,
1997-02-21,,0.51,,-0.4014,21.6,6.36,5.85,20.55,,
1997-02-24,,0.5,,,21.0,6.39,5.89,19.84,,
1997-02-25,,0.5,,,20.95,6.4,5.9,19.98,,
1997-02-26,,0.5,,,21.1,6.56,6.06,20.74,,
1997-02-27,,0.49,,,20.8,6.58,6.09,21.08,,
1997-02-28,,0.47,,-0.465,20.3,6.56,6.09,21.1,,
1997-03-01,5.39,,,,,,,,100.0,0.0
1997-03-03,,0.47,,,20.25,6.58,6.11,20.89,,
1997-03-04,,0.49,,,20.75,6.6,6.11,20.62,,
1997-03-05,,0.47,,,20.5,6.6,6.13,19.49,,
1997-03-06,,0.47,,,21.0,6.62,6.15,20.48,,
1997-03-07,,0.47,,-0.2639,21.35,6.57,6.1,19.32,,
1997-03-10,,0.46,,,20.5,6.56,6.1,19.0,,
1997-03-11,,0.48,,,20.15,6.57,6.09,19.25,,
1997-03-12,,0.48,,,20.6,6.6,6.12,19.61,,
1997-03-13,,0.51,,,20.65,6.72,6.21,19.79,,
1997-03-14,,0.53,,-0.3348,21.3,6.71,6.18,19.81,,
1997-03-17,,0.5,,,20.9,6.72,6.22,20.95,,
1997-03-18,,0.5,,,22.0,6.72,6.22,21.26,,
1997-03-19,,0.5,,,22.0,6.74,6.24,21.74,,
1997-03-20,,0.48,,,22.0,6.75,6.27,21.22,,
1997-03-21,,0.45,,-0.3422,21.7,6.74,6.29,19.69,,
1997-03-24,,0.43,,,21.0,6.72,6.29,20.06,,
1997-03-25,,0.42,,,20.95,6.75,6.33,19.26,,
1997-03-26,,0.42,,,20.65,6.8,6.38,18.32,,
1997-03-27,,0.45,,,20.7,6.9,6.45,20.5,,
1997-03-28,,,,-0.4349,,,,,,
1997-03-31,,0.47,,,20.35,6.92,6.45,22.14,,
1997-04-01,5.51,0.48,,,20.3,6.9,6.42,20.84,101.4,0.0
1997-04-02,,0.46,,,19.55,6.88,6.42,21.3,,
1997-04-03,,0.46,,,19.45,6.86,6.4,21.19,,
1997-04-04,,0.48,,-0.075,19.15,6.92,6.44,19.23,,
1997-04-07,,0.46,,,19.25,6.87,6.41,18.51,,
1997-04-08,,0.47,,,19.35,6.91,6.44,18.44,,
1997-04-09,,0.47,,,19.25,6.91,6.44,18.56,,
1997-04-10,,0.45,,,19.55,6.91,6.46,19.01,,
1997-04-11,,0.45,,-0.0461,19.5,6.98,6.53,19.76,,
1997-04-14,,0.44,,,19.9,6.98,6.54,19.09,,
1997-04-15,,0.43,,,19.6,6.88,6.45,18.25,,
1997-04-16,,0.41,,,19.35,6.9,6.49,17.64,,
1997-04-17,,0.42,,,19.5,6.86,6.44,18.71,,
1997-04-18,,0.42,,-0.2005,19.9,6.84,6.42,18.75,,
1997-04-21,,0.41,,,20.35,6.87,6.46,20.1,,
1997-04-22,,0.41,,,19.6,6.84,6.43,19.52,,
1997-04-23,,0.42,,,19.65,6.89,6.47,20.48,,
1997-04-24,,0.41,,,19.85,6.93,6.52,20.83,,
1997-04-25,,0.4,,-0.2149,19.8,6.94,6.54,21.15,,
1997-04-28,,0.41,,,19.85,6.92,6.51,21.34,,
1997-04-29,,0.43,,,20.4,6.77,6.34,19.81,,
1997-04-30,,0.43,,,20.2,6.72,6.29,20.06,,
1997-05-01,5.5,0.42,,,19.9,6.69,6.27,19.87,103.2,0.0
1997-05-02,,0.42,,-0.2171,19.6,6.68,6.26,17.51,,
1997-05-05,,0.39,,,19.6,6.67,6.28,20.13,,
1997-05-06,,0.38,,,19.7,6.67,6.29,20.85,,
1997-05-07,,0.4,,,19.6,6.76,6.36,21.34,,
1997-05-08,,0.39,,,20.35,6.72,6.33,21.26,,
1997-05-09,,0.43,,-0.1315,20.45,6.67,6.24,20.11,,
1997-05-12,,0.42,,,21.4,6.65,6.23,20.25,,
1997-05-13,,0.41,,,21.1,6.71,6.3,20.81,,
1997-05-14,,0.42,,,21.35,6.68,6.26,21.09,,
1997-05-15,,0.42,,,21.3,6.67,6.25,19.91,,
1997-05-16,,0.42,,-0.1156,22.1,6.7,6.28,21.57,,
1997-05-19,,0.43,,,21.5,6.71,6.28,21.48,,
1997-05-20,,0.45,,,21.2,6.7,6.25,19.26,,
1997-05-21,,0.49,,,21.6,6.74,6.25,19.28,,
1997-05-22,,0.49,,,21.6,6.76,6.27,18.77,,
1997-05-23,,0.49,,-0.2074,21.25,6.74,6.25,18.08,,
1997-05-26,,,,,,,,,,
1997-05-27,,0.49,,,20.75,6.79,6.3,19.36,,
1997-05-28,,0.46,,,20.7,6.8,6.34,19.28,,
1997-05-29,,0.45,,,21.15,6.75,6.3,19.02,,
1997-05-30,,0.45,,-0.1061,21.0,6.67,6.22,19.19,,
1997-06-01,5.56,,,,,,,,104.5,0.0
1997-06-02,,0.43,,,21.15,6.66,6.23,20.85,,
1997-06-03,,0.43,,,20.35,6.63,6.2,20.01,,
1997-06-04,,0.42,,,20.3,6.62,6.2,20.1,,
1997-06-05,,0.42,,,19.8,6.62,6.2,20.36,,
1997-06-06,,0.39,,0.0348,19.0,6.51,6.12,18.94,,
1997-06-09,,0.4,,,18.85,6.55,6.15,19.46,,
1997-06-10,,0.4,,,18.85,6.57,6.17,19.04,,
1997-06-11,,0.37,,,18.75,6.56,6.19,18.85,,
1997-06-12,,0.41,,,19.0,6.48,6.07,18.51,,
1997-06-13,,0.4,,-0.1197,18.95,6.43,6.03,19.27,,
1997-06-16,,0.38,,,19.1,6.4,6.02,19.77,,
1997-06-17,,0.38,,,19.3,6.43,6.05,20.17,,
1997-06-18,,0.38,,,18.9,6.4,6.02,20.45,,
1997-06-19,,0.36,,,18.75,6.4,6.04,20.1,,
1997-06-20,,0.35,,-0.0776,18.6,6.37,6.02,20.2,,
1997-06-23,,0.36,,,18.9,6.4,6.04,21.19,,
1997-06-24,,0.39,,,18.71,6.42,6.03,20.74,,
1997-06-25,,0.4,,,19.12,6.45,6.05,21.5,,
1997-06-26,,0.45,,,18.84,6.5,6.05,21.82,,
1997-06-27,,0.43,,0.0158,19.42,6.46,6.03,21.22,,
1997-06-30,,0.43,,,19.82,6.51,6.08,21.53,,
1997-07-01,5.52,0.43,,,20.11,6.45,6.02,21.0,107.1,0.0
1997-07-02,,0.4,,,20.39,6.42,6.02,19.7,,
1997-07-03,,0.38,,,19.48,6.31,5.93,17.82,,
1997-07-04,,,,-0.3198,,,,,,
1997-07-07,,0.35,,,19.53,6.27,5.92,19.13,,
1997-07-08,,0.35,,,19.67,6.27,5.92,18.76,,
1997-07-09,,0.35,,,19.4,6.25,5.9,20.4,,
1997-07-10,,0.35,,,19.22,6.26,5.91,19.92,,
1997-07-11,,0.34,,-0.0259,19.39,6.23,5.89,19.06,,
1997-07-14,,0.32,,,18.92,6.26,5.94,19.58,,
1997-07-15,,0.34,,,19.81,6.26,5.92,19.0,,
1997-07-16,,0.33,,,19.57,6.2,5.87,19.36,,
1997-07-17,,0.32,,,19.92,6.19,5.87,20.54,,
1997-07-18,,0.33,,-0.2466,19.22,6.24,5.91,22.28,,
1997-07-21,,0.33,,,19.25,6.27,5.94,23.51,,
1997-07-22,,0.25,,,19.25,6.15,5.9,21.77,,
1997-07-23,,0.29,,,19.68,6.14,5.85,21.3,,
1997-07-24,,0.29,,,19.71,6.16,5.87,20.96,,
1997-07-25,,0.31,,-0.2773,19.71,6.18,5.87,20.82,,
1997-07-28,,0.3,,,19.67,6.16,5.86,21.84,,
1997-07-29,,0.32,,,20.08,6.11,5.79,22.02,,
1997-07-30,,0.29,,,20.43,6.05,5.76,21.39,,
1997-07-31,,0.28,,,20.19,6.02,5.74,21.48,,
1997-08-01,5.54,0.31,,-0.4061,20.27,6.2,5.89,22.29,104.4,0.0
1997-08-04,,0.32,,,20.81,6.23,5.91,21.94,,
1997-08-05,,0.3,,,20.79,6.23,5.93,20.64,,
1997-08-06,,0.3,,,20.46,6.21,5.91,20.05,,
1997-08-07,,0.31,,,20.09,6.24,5.93,19.77,,
1997-08-08,,0.36,,-0.3405,19.58,6.38,6.02,22.46,,
1997-08-11,,0.37,,,19.73,6.36,5.99,22.77,,
1997-08-12,,0.39,,,19.91,6.39,6.0,23.75,,
1997-08-13,,0.41,,,20.19,6.36,5.95,24.52,,
1997-08-14,,0.35,,,20.02,6.27,5.92,23.11,,
1997-08-15,,0.4,,-0.2509,20.08,6.27,5.87,24.45,,
1997-08-18,,0.39,,,19.94,6.21,5.82,24.37,,
1997-08-19,,0.36,,,20.04,6.21,5.85,22.64,,
1997-08-20,,0.36,,,20.07,6.24,5.88,21.09,,
1997-08-21,,0.35,,,19.83,6.3,5.95,23.83,,
1997-08-22,,0.4,,-0.2063,19.7,6.38,5.98,24.74,,
1997-08-25,,0.38,,,19.29,6.39,6.01,24.1,,
1997-08-26,,0.39,,,19.31,6.38,5.99,24.73,,
1997-08-27,,0.37,,,19.65,6.38,6.01,24.26,,
1997-08-28,,0.36,,,19.59,6.3,5.94,24.51,,
1997-08-29,,0.37,,-0.2417,19.66,6.34,5.97,24.76,,
1997-09-01,5.54,,,,,,,,106.0,0.0
1997-09-02,,0.37,,,19.73,6.31,5.94,24.53,,
1997-09-03,,0.37,,,19.65,6.33,5.96,24.95,,
1997-09-04,,0.35,,,19.46,6.33,5.98,25.27,,
1997-09-05,,0.39,,-0.1319,19.61,6.37,5.98,24.31,,
1997-09-08,,0.35,,,19.43,6.33,5.98,24.4,,
1997-09-09,,0.36,,,19.5,6.34,5.98,23.89,,
1997-09-10,,0.37,,,19.5,6.37,6.0,24.64,,
1997-09-11,,0.39,,,19.41,6.39,6.0,25.99,,
1997-09-12,,0.36,,-0.0892,19.37,6.29,5.93,25.17,,
1997-09-15,,0.35,,,19.3,6.28,5.93,25.74,,
1997-09-16,,0.3,,,19.67,6.11,5.81,23.77,,
1997-09-17,,0.31,,,19.44,6.1,5.79,24.1,,
1997-09-18,,0.3,,,19.41,6.11,5.81,23.48,,
1997-09-19,,0.28,,-0.064,19.37,6.09,5.81,22.74,,
1997-09-22,,0.27,,,19.61,6.06,5.79,22.08,,
1997-09-23,,0.3,,,19.71,6.1,5.8,22.0,,
1997-09-24,,0.26,,,20.03,6.04,5.78,22.64,,
1997-09-25,,0.28,,,20.38,6.13,5.85,22.96,,
1997-09-26,,0.28,,0.0101,20.87,6.08,5.8,22.26,,
1997-09-29,,0.3,,,21.29,6.1,5.8,22.23,,
1997-09-30,,0.32,,,21.13,6.12,5.8,22.91,,
1997-10-01,5.5,0.29,,,21.02,6.04,5.75,22.32,105.6,0.0
1997-10-02,,0.28,,,21.82,6.01,5.73,22.27,,
1997-10-03,,0.29,,-0.0455,22.86,6.01,5.72,21.54,,
1997-10-06,,0.28,,,21.97,5.96,5.68,21.61,,
1997-10-07,,0.27,,,21.88,5.94,5.67,20.29,,
1997-10-08,,0.29,,,22.19,6.08,5.79,20.77,,
1997-10-09,,0.29,,,22.01,6.09,5.8,22.31,,
1997-10-10,,0.29,,-0.1129,22.01,6.15,5.86,19.75,,
1997-10-13,,,,,21.34,,,20.26,,
1997-10-14,,0.26,,,20.75,6.07,5.81,19.99,,
1997-10-15,,0.26,,,20.65,6.1,5.84,20.05,,
1997-10-16,,0.25,,,20.98,6.09,5.84,20.53,,
1997-10-17,,0.26,,-0.1068,21.41,6.17,5.91,21.69,,
1997-10-20,,0.25,,,20.69,6.15,5.9,20.72,,
1997-10-21,,0.22,,,20.68,6.14,5.92,19.53,,
1997-10-22,,0.21,,,21.44,6.12,5.91,19.86,,
1997-10-23,,0.25,,,21.18,6.04,5.79,22.99,,
1997-10-24,,0.22,,-0.0276,20.99,6.01,5.79,23.17,,
1997-10-27,,0.29,,,21.03,5.91,5.62,31.12,,
1997-10-28,,0.24,,,20.4,5.98,5.74,31.22,,
1997-10-29,,0.24,,,20.82,5.91,5.67,33.75,,
1997-10-30,,0.23,,,21.26,5.84,5.61,38.2,,
1997-10-31,,0.21,,0.7579,21.1,5.84,5.63,35.09,,
1997-11-01,5.52,,,,,,,,107.2,0.0
1997-11-03,,0.22,,,20.91,5.91,5.69,32.09,,
1997-11-04,,0.22,,,20.64,5.95,5.73,32.24,,
1997-11-05,,0.22,,,20.44,5.95,5.73,32.18,,
1997-11-06,,0.2,,,20.46,5.9,5.7,32.57,,
1997-11-07,,0.19,,-0.0473,20.8,5.9,5.71,36.27,,
1997-11-10,,0.18,,,20.46,5.91,5.73,36.63,,
1997-11-11,,,,,20.54,,,36.38,,
1997-11-12,,0.19,,,20.53,5.89,5.7,37.84,,
1997-11-13,,0.17,,,20.76,5.87,5.7,36.64,,
1997-11-14,,0.16,,0.4056,21.01,5.86,5.7,33.66,,
1997-11-17,,0.15,,,20.29,5.85,5.7,31.58,,
1997-11-18,,0.14,,,20.01,5.85,5.71,31.55,,
1997-11-19,,0.12,,,19.82,5.82,5.7,29.93,,
1997-11-20,,0.11,,,19.17,5.84,5.73,27.32,,
1997-11-21,,0.14,,-0.0905,19.76,5.82,5.68,26.65,,
1997-11-24,,0.15,,,19.41,5.86,5.71,29.8,,
1997-11-25,,0.14,,,19.35,5.85,5.71,28.95,,
1997-11-26,,0.12,,,19.13,5.86,5.74,,,
1997-11-27,,,,,,,,,,
1997-11-28,,0.1,,-0.0479,,5.86,5.76,27.43,,
1997-12-01,5.5,0.08,,,18.76,5.86,5.78,26.01,102.1,0.0
1997-12-02,,0.08,,,18.67,5.86,5.78,25.66,,
1997-12-03,,0.09,,,18.81,5.83,5.74,23.92,,
1997-12-04,,0.13,,,18.49,5.84,5.71,23.84,,
1997-12-05,,0.12,,-0.2215,18.72,5.92,5.8,22.65,,
1997-12-08,,0.11,,,18.86,5.96,5.85,23.22,,
1997-12-09,,0.14,,,18.79,5.95,5.81,23.36,,
1997-12-10,,0.15,,,18.15,5.9,5.75,24.55,,
1997-12-11,,0.14,,,18.18,5.82,5.68,27.63,,
1997-12-12,,0.11,,0.0882,18.21,5.74,5.63,27.92,,
1997-12-15,,0.1,,,18.18,5.78,5.68,27.37,,
1997-12-16,,0.09,,,18.19,5.77,5.68,26.11,,
1997-12-17,,0.11,,,18.22,5.81,5.7,26.33,,
1997-12-18,,0.08,,,18.51,5.76,5.68,27.19,,
1997-12-19,,0.06,,0.0135,18.46,5.72,5.66,29.18,,
1997-12-22,,0.03,,,18.29,5.72,5.69,28.56,,
1997-12-23,,0.04,,,18.39,5.73,5.69,29.86,,
1997-12-24,,0.09,,,18.36,5.76,5.67,30.27,,
1997-12-25,,,,,,,,,,
1997-12-26,,0.06,,0.1586,18.19,5.75,5.69,29.27,,
1997-12-29,,0.07,,,17.64,5.76,5.69,26.79,,
1997-12-30,,0.09,,,17.6,5.8,5.71,24.38,,
1997-12-31,,0.09,,,17.65,5.75,5.66,24.01,,
1998-01-01,5.56,,,,,,,,106.6,0.0
1998-01-02,,0.08,,-0.4782,17.41,5.67,5.59,23.42,,
1998-01-05,,0.05,,,16.95,5.52,5.47,24.36,,
1998-01-06,,0.1,,,16.64,5.49,5.39,25.66,,
1998-01-07,,0.13,,,16.91,5.55,5.42,25.07,,
1998-01-08,,0.18,,,17.01,5.49,5.31,26.01,,
1998-01-09,,0.23,,0.3596,16.65,5.4,5.17,28.69,,
1998-01-12,,0.19,,,16.53,5.39,5.2,28.02,,
1998-01-13,,0.16,,,16.44,5.41,5.25,25.17,,
1998-01-14,,0.16,,,16.54,5.45,5.29,23.75,,
1998-01-15,,0.19,,,16.35,5.48,5.29,23.45,,
1998-01-16,,0.19,,-0.0364,16.48,5.54,5.35,21.65,,
1998-01-19,,,,,,,,,,
1998-01-20,,0.2,,,16.43,5.57,5.37,21.65,,
1998-01-21,,0.21,,,16.05,5.54,5.33,22.53,,
1998-01-22,,0.26,,,15.93,5.56,5.3,23.16,,
1998-01-23,,0.28,,-0.2018,15.65,5.7,5.42,23.32,,
1998-01-26,,0.24,,,16.96,5.63,5.39,23.97,,
1998-01-27,,0.24,,,17.06,5.7,5.46,22.27,,
1998-01-28,,0.23,,,17.35,5.69,5.46,22.06,,
1998-01-29,,0.22,,,17.93,5.58,5.36,21.65,,
1998-01-30,,0.21,,-0.2305,17.21,5.53,5.32,21.47,,
1998-02-01,5.51,,,,,,,,110.4,0.0
1998-02-02,,0.21,,,17.07,5.57,5.36,21.36,,
1998-02-03,,0.22,,,16.43,5.56,5.34,20.67,,
1998-02-04,,0.25,,,16.42,5.57,5.32,20.55,,
1998-02-05,,0.26,,,16.63,5.62,5.36,21.29,,
1998-02-06,,0.24,,-0.2711,16.72,5.62,5.38,20.51,,
1998-02-09,,0.24,,,16.59,5.65,5.41,21.55,,
1998-02-10,,0.23,,,16.48,5.64,5.41,20.66,,
1998-02-11,,0.14,,,16.17,5.53,5.39,20.38,,
1998-02-12,,0.13,,,15.97,5.52,5.39,19.73,,
1998-02-13,,0.13,,-0.3448,16.03,5.49,5.36,19.84,,
1998-02-16,,,,,,,,,,
1998-02-17,,0.1,,,15.64,5.44,5.34,20.76,,
1998-02-18,,0.12,,,16.24,5.49,5.37,19.66,,
1998-02-19,,0.12,,,16.12,5.51,5.39,19.88,,
1998-02-20,,0.13,,-0.3328,16.13,5.54,5.41,19.0,,
1998-02-23,,0.12,,,15.23,5.58,5.46,18.99,,
1998-02-24,,0.12,,,15.14,5.69,5.57,19.35,,
1998-02-25,,0.08,,,15.28,5.63,5.55,18.62,,
1998-02-26,,0.07,,,15.41,5.65,5.58,18.63,,
1998-02-27,,0.07,,-0.5103,15.44,5.62,5.55,18.55,,
1998-03-01,5.49,,,,,,,,106.5,0.0
1998-03-02,,0.12,,,15.32,5.72,5.6,19.19,,
1998-03-03,,0.13,,,15.28,5.77,5.64,19.04,,
1998-03-04,,0.13,,,15.33,5.76,5.63,19.58,,
1998-03-05,,0.16,,,15.34,5.78,5.62,20.93,,
1998-03-06,,0.15,,-0.2915,14.9,5.73,5.58,19.14,,
1998-03-09,,0.1,,,14.58,5.67,5.57,20.23,,
1998-03-10,,0.12,,,14.54,5.67,5.55,19.43,,
1998-03-11,,0.1,,,14.3,5.63,5.53,18.89,,
1998-03-12,,0.06,,,14.4,5.56,5.5,18.25,,
1998-03-13,,0.08,,-0.1579,14.19,5.58,5.5,18.71,,
1998-03-16,,0.07,,,13.41,5.54,5.47,18.51,,
1998-03-17,,0.06,,,13.67,5.56,5.5,18.66,,
1998-03-18,,0.06,,,14.36,5.58,5.52,18.29,,
1998-03-19,,0.06,,,14.43,5.58,5.52,17.76,,
1998-03-20,,0.05,,-0.3644,14.31,5.57,5.52,18.69,,
1998-03-23,,0.05,,,16.14,5.57,5.52,19.98,,
1998-03-24,,0.08,,,15.52,5.58,5.5,20.51,,
1998-03-25,,0.06,,,16.69,5.64,5.58,22.54,,
1998-03-26,,0.06,,,16.92,5.68,5.62,22.81,,
1998-03-27,,0.05,,-0.3133,16.84,5.68,5.63,23.47,,
1998-03-30,,0.07,,,16.32,5.72,5.65,24.66,,
1998-03-31,,0.07,,,15.75,5.67,5.6,24.22,,
1998-04-01,5.45,0.07,,,15.69,5.62,5.55,23.37,108.7,0.0
1998-04-02,,0.04,,,16.04,5.56,5.52,21.98,,
1998-04-03,,0.05,,-0.1206,16.08,5.47,5.42,21.82,,
1998-04-06,,0.06,,,15.48,5.51,5.45,22.47,,
1998-04-07,,0.08,,,15.39,5.53,5.45,23.66,,
1998-04-08,,0.09,,,15.71,5.58,5.49,23.17,,
1998-04-09,,0.09,,,15.61,5.59,5.5,21.51,,
1998-04-10,,,,-0.1246,,,,,,
1998-04-13,,0.07,,,15.35,5.66,5.59,22.77,,
1998-04-14,,0.06,,,15.18,5.63,5.57,21.61,,
1998-04-15,,0.05,,,15.64,5.6,5.55,20.89,,
1998-04-16,,0.06,,,15.97,5.59,5.53,22.06,,
1998-04-17,,0.05,,-0.238,15.49,5.59,5.54,20.76,,
1998-04-20,,0.08,,,15.52,5.65,5.57,20.39,,
1998-04-21,,0.08,,,15.57,5.68,5.6,19.91,,
1998-04-22,,0.08,,,15.07,5.68,5.6,19.44,,
1998-04-23,,0.08,,,13.09,5.69,5.61,20.6,,
1998-04-24,,0.06,,-0.1298,13.23,5.67,5.61,21.97,,
1998-04-27,,0.09,,,15.43,5.8,5.71,26.09,,
1998-04-28,,0.11,,,15.9,5.8,5.69,24.17,,
1998-04-29,,0.1,,,15.43,5.81,5.71,22.78,,
1998-04-30,,0.09,,,15.56,5.68,5.59,21.18,,
1998-05-01,5.49,0.08,,-0.0029,16.25,5.67,5.59,19.34,106.5,0.0
1998-05-04,,0.08,,,15.98,5.67,5.59,20.32,,
1998-05-05,,0.09,,,15.48,5.7,5.61,21.46,,
1998-05-06,,0.11,,,15.45,5.67,5.56,22.79,,
1998-05-07,,0.11,,,15.26,5.67,5.56,23.39,,
1998-05-08,,0.1,,-0.047,15.21,5.71,5.61,20.57,,
1998-05-11,,0.13,,,15.26,5.79,5.66,21.05,,
1998-05-12,,0.11,,,15.21,5.7,5.59,20.98,,
1998-05-13,,0.05,,,15.01,5.64,5.59,20.44,,
1998-05-14,,0.04,,,15.15,5.67,5.63,19.64,,
1998-05-15,,0.05,,-0.3227,14.51,5.68,5.63,20.44,,
1998-05-18,,0.05,,,14.15,5.64,5.59,21.69,,
1998-05-19,,0.06,,,13.01,5.65,5.59,20.39,,
1998-05-20,,0.04,,,13.36,5.61,5.57,19.89,,
1998-05-21,,0.02,,,14.21,5.65,5.63,19.38,,
1998-05-22,,0.01,,-0.2333,14.81,5.64,5.63,18.99,,
1998-05-25,,,,,,,,,,
1998-05-26,,-0.02,,,14.9,5.59,5.61,22.07,,
1998-05-27,,0.03,,,14.98,5.56,5.53,22.59,,
1998-05-28,,0.01,,,14.88,5.58,5.57,20.74,,
1998-05-29,,0.03,,-0.0837,15.21,5.56,5.53,21.32,,
1998-06-01,5.56,0.01,,,14.99,5.53,5.52,22.83,105.6,0.0
1998-06-02,,0.03,,,14.81,5.56,5.53,22.0,,
1998-06-03,,0.02,,,14.94,5.57,5.55,22.85,,
1998-06-04,,0.01,,,15.24,5.59,5.58,21.22,,
1998-06-05,,0.0,,-0.1366,15.13,5.58,5.58,19.78,,
1998-06-08,,0.0,,,14.49,5.58,5.58,20.58,,
1998-06-09,,-0.01,,,13.76,5.59,5.6,20.52,,
1998-06-10,,-0.04,,,13.54,5.51,5.55,21.48,,
1998-06-11,,-0.01,,,12.67,5.44,5.45,23.57,,
1998-06-12,,0.0,,-0.1406,12.66,5.43,5.43,22.78,,
1998-06-15,,-0.05,,,11.69,5.38,5.43,25.94,,
1998-06-16,,-0.05,,,12.38,5.45,5.5,24.8,,
1998-06-17,,-0.01,,,12.55,5.54,5.55,22.89,,
1998-06-18,,-0.03,,,11.8,5.5,5.53,22.4,,
1998-06-19,,-0.05,,-0.0805,11.8,5.47,5.52,21.92,,
1998-06-22,,-0.06,,,13.54,5.46,5.52,21.94,,
1998-06-23,,-0.04,,,14.65,5.45,5.49,20.17,,
1998-06-24,,-0.03,,,14.54,5.46,5.49,20.02,,
1998-06-25,,-0.07,,,13.9,5.46,5.53,20.25,,
1998-06-26,,-0.05,,-0.0929,14.21,5.46,5.51,19.36,,
1998-06-29,,-0.04,,,14.29,5.47,5.51,19.57,,
1998-06-30,,-0.05,,,14.3,5.44,5.49,19.71,,
1998-07-01,5.54,-0.02,,,14.47,5.44,5.46,18.0,105.2,0.0
1998-07-02,,-0.02,,,14.58,5.42,5.44,17.67,,
1998-07-03,,,,-0.3583,,,,,,
1998-07-06,,-0.04,,,13.87,5.39,5.43,18.63,,
1998-07-07,,-0.02,,,13.83,5.42,5.44,18.62,,
1998-07-08,,-0.01,,,14.01,5.43,5.44,17.82,,
1998-07-09,,-0.02,,,14.01,5.41,5.43,18.16,,
1998-07-10,,0.01,,-0.059,13.96,5.42,5.41,17.92,,
1998-07-13,,0.02,,,14.06,5.46,5.44,18.26,,
1998-07-14,,0.03,,,14.87,5.49,5.46,17.88,,
1998-07-15,,0.02,,,14.9,5.48,5.46,17.89,,
1998-07-16,,0.04,,,14.54,5.5,5.46,16.97,,
1998-07-17,,0.05,,-0.41,14.02,5.51,5.46,16.23,,
1998-07-20,,0.02,,,13.44,5.48,5.46,17.34,,
1998-07-21,,-0.01,,,13.83,5.45,5.46,20.1,,
1998-07-22,,-0.02,,,14.29,5.46,5.48,20.32,,
1998-07-23,,-0.01,,,13.97,5.45,5.46,23.01,,
1998-07-24,,-0.03,,-0.0991,13.93,5.45,5.48,23.01,,
1998-07-27,,-0.01,,,14.37,5.47,5.48,23.13,,
1998-07-28,,0.04,,,14.2,5.5,5.46,25.25,,
1998-07-29,,0.03,,,14.13,5.52,5.49,24.79,,
1998-07-30,,0.01,,,14.25,5.5,5.49,22.66,,
1998-07-31,,0.01,,-0.0391,14.27,5.5,5.49,24.8,,
1998-08-01,5.55,,,,,,,,104.4,0.0
1998-08-03,,0.0,,,13.93,5.46,5.46,25.98,,
1998-08-04,,0.0,,,13.69,5.43,5.43,31.06,,
1998-08-05,,0.04,,,13.8,5.43,5.39,29.83,,
1998-08-06,,0.05,,,13.87,5.44,5.39,28.2,,
1998-08-07,,0.06,,0.2314,13.85,5.4,5.34,27.02,,
1998-08-10,,0.07,,,13.11,5.41,5.34,28.75,,
1998-08-11,,0.06,,,12.87,5.37,5.31,31.91,,
1998-08-12,,0.08,,,12.76,5.4,5.32,28.55,,
1998-08-13,,0.07,,,13.44,5.44,5.37,29.92,,
1998-08-14,,0.06,,0.3933,13.4,5.4,5.34,34.34,,
1998-08-17,,0.06,,,13.26,5.4,5.34,31.86,,
1998-08-18,,0.05,,,13.13,5.41,5.36,28.4,,
1998-08-19,,0.08,,,13.21,5.42,5.34,28.69,,
1998-08-20,,0.06,,,13.62,5.38,5.32,30.0,,
1998-08-21,,0.07,,0.3135,13.44,5.32,5.25,33.14,,
1998-08-24,,0.08,,,13.78,5.3,5.22,31.8,,
1998-08-25,,0.07,,,13.9,5.25,5.18,30.33,,
1998-08-26,,0.14,,,13.67,5.26,5.12,31.14,,
1998-08-27,,0.14,,,13.35,5.12,4.98,38.55,,
1998-08-28,,0.16,,1.0174,13.54,5.09,4.93,39.6,,
1998-08-31,,0.14,,,13.29,5.05,4.91,44.28,,
1998-09-01,5.51,0.19,,,13.62,5.05,4.86,36.48,100.9,0.0
1998-09-02,,0.14,,,13.72,5.1,4.96,36.76,,
1998-09-03,,0.12,,,14.7,5.03,4.91,41.43,,
1998-09-04,,0.11,,1.3467,14.59,5.02,4.91,43.31,,
1998-09-07,,,,,,,,,,
1998-09-08,,0.13,,,14.34,5.04,4.91,37.9,,
1998-09-09,,0.16,,,14.37,4.95,4.79,39.66,,
1998-09-10,,0.19,,,14.71,4.76,4.57,45.29,,
1998-09-11,,0.17,,0.979,14.39,4.85,4.68,43.74,,
1998-09-14,,0.15,,,14.46,4.87,4.72,38.57,,
1998-09-15,,0.17,,,14.72,4.9,4.73,36.58,,
1998-09-16,,0.13,,,14.6,4.88,4.75,35.94,,
1998-09-17,,0.1,,,15.07,4.8,4.7,39.23,,
1998-09-18,,0.09,,0.7299,15.53,4.7,4.61,38.63,,
1998-09-21,,0.06,,,15.58,4.69,4.63,38.58,,
1998-09-22,,0.07,,,15.73,4.73,4.66,36.62,,
1998-09-23,,0.17,,,15.8,4.69,4.52,32.47,,
1998-09-24,,0.21,,,15.99,4.64,4.43,34.66,,
1998-09-25,,0.17,,0.8226,15.8,4.6,4.43,34.55,,
1998-09-28,,0.16,,,15.74,4.61,4.45,34.87,,
1998-09-29,,0.12,,,16.01,4.59,4.47,36.08,,
1998-09-30,,0.14,,,16.19,4.44,4.3,40.95,,
1998-10-01,5.07,0.16,,,15.52,4.33,4.17,43.48,97.4,0.0
1998-10-02,,0.14,,1.2594,15.71,4.31,4.17,40.47,,
1998-10-05,,0.12,,,15.24,4.16,4.04,42.81,,
1998-10-06,,0.14,,,15.6,4.24,4.1,41.2,,
1998-10-07,,0.22,,,15.03,4.34,4.12,43.51,,
1998-10-08,,0.46,,,14.57,4.56,4.1,45.74,,
1998-10-09,,0.58,,2.3312,14.64,4.77,4.19,42.2,,
1998-10-12,,,,,14.47,,,40.07,,
1998-10-13,,0.6,,,14.27,4.73,4.13,40.23,,
1998-10-14,,0.5,,,14.09,4.58,4.08,38.96,,
1998-10-15,,0.45,,,14.08,4.58,4.13,33.34,,
1998-10-16,,0.58,,1.5682,14.16,4.44,3.86,34.82,,
1998-10-19,,0.57,,,13.39,4.47,3.9,33.13,,
1998-10-20,,0.59,,,13.45,4.57,3.98,33.11,,
1998-10-21,,0.47,,,14.14,4.59,4.12,33.21,,
1998-10-22,,0.46,,,14.0,4.62,4.16,31.53,,
1998-10-23,,0.5,,1.2635,14.06,4.7,4.2,32.27,,
1998-10-26,,0.5,,,14.39,4.73,4.23,32.38,,
1998-10-27,,0.51,,,14.19,4.63,4.12,32.95,,
1998-10-28,,0.59,,,14.35,4.6,4.01,32.42,,
1998-10-29,,0.54,,,14.31,4.54,4.0,29.5,,
1998-10-30,,0.52,,1.0026,14.48,4.64,4.12,28.05,,
1998-11-01,4.83,,,,,,,,102.7,0.0
1998-11-02,,0.51,,,14.45,4.77,4.26,27.26,,
1998-11-03,,0.53,,,14.24,4.78,4.25,27.76,,
1998-11-04,,0.4,,,14.09,4.83,4.43,27.37,,
1998-11-05,,0.35,,,13.93,4.82,4.47,26.01,,
1998-11-06,,0.34,,0.5633,13.93,4.93,4.59,25.7,,
1998-11-09,,0.31,,,13.39,4.88,4.57,28.09,,
1998-11-10,,0.31,,,13.54,4.81,4.5,28.17,,
1998-11-11,,,,,13.63,,,28.47,,
1998-11-12,,0.3,,,14.04,4.77,4.47,29.28,,
1998-11-13,,0.28,,0.8105,13.57,4.82,4.54,29.03,,
1998-11-16,,0.29,,,12.81,4.85,4.56,28.9,,
1998-11-17,,0.29,,,12.46,4.87,4.58,27.95,,
1998-11-18,,0.22,,,12.33,4.85,4.63,27.13,,
1998-11-19,,0.19,,,12.21,4.85,4.66,25.5,,
1998-11-20,,0.16,,0.5482,12.2,4.82,4.66,22.47,,
1998-11-23,,0.21,,,12.51,4.84,4.63,21.84,,
1998-11-24,,0.21,,,11.48,4.85,4.64,23.28,,
1998-11-25,,0.17,,,10.86,4.83,4.66,22.15,,
1998-11-26,,,,,,,,,,
1998-11-27,,0.19,,0.0486,,4.81,4.62,22.09,,
1998-11-30,,0.2,,,11.37,4.74,4.54,26.01,,
1998-12-01,4.68,0.23,,,11.27,4.67,4.44,24.97,100.5,0.0
1998-12-02,,0.23,,,11.31,4.59,4.36,25.43,,
1998-12-03,,0.22,,,11.25,4.58,4.36,28.7,,
1998-12-04,,0.16,,0.7139,11.2,4.62,4.46,25.31,,
1998-12-07,,0.15,,,11.61,4.69,4.54,24.9,,
1998-12-08,,0.14,,,11.33,4.6,4.46,25.58,,
1998-12-09,,0.14,,,11.2,4.56,4.42,25.66,,
1998-12-10,,0.14,,,10.82,4.53,4.39,26.81,,
1998-12-11,,0.15,,0.6178,10.86,4.61,4.46,27.72,,
1998-12-14,,0.16,,,11.3,4.58,4.42,31.31,,
1998-12-15,,0.15,,,11.64,4.62,4.47,29.42,,
1998-12-16,,0.18,,,12.55,4.58,4.4,29.96,,
1998-12-17,,0.16,,,11.05,4.58,4.42,27.96,,
1998-12-18,,0.13,,0.659,10.95,4.58,4.45,25.04,,
1998-12-21,,0.08,,,10.86,4.64,4.56,23.86,,
1998-12-22,,0.11,,,10.99,4.7,4.59,22.78,,
1998-12-23,,0.08,,,11.12,4.81,4.73,20.21,,
1998-12-24,,0.08,,,11.03,4.86,4.78,21.48,,
1998-12-25,,,,0.2799,,,,,,
1998-12-28,,0.05,,,11.59,4.78,4.73,23.5,,
1998-12-29,,0.11,,,11.82,4.71,4.6,22.18,,
1998-12-30,,0.09,,,11.75,4.65,4.56,23.34,,
1998-12-31,,0.11,,,12.14,4.65,4.54,24.42,,
1999-01-01,4.63,,,0.4445,,,,,103.9,0.0
1999-01-04,,0.11,,,12.42,4.69,4.58,26.17,,
1999-01-05,,0.1,,,12.04,4.74,4.64,24.46,,
1999-01-06,,0.11,,,12.84,4.73,4.62,23.34,,
1999-01-07,,0.14,,,12.99,4.77,4.63,24.37,,
1999-01-08,,0.15,,0.1659,13.06,4.86,4.71,23.28,,
1999-01-11,,0.16,,,13.43,4.9,4.74,25.46,,
1999-01-12,,0.14,,,12.91,4.82,4.68,28.1,,
1999-01-13,,0.13,,,12.33,4.74,4.61,30.11,,
1999-01-14,,0.16,,,12.23,4.63,4.47,32.98,,
1999-01-15,,0.1,,0.5806,12.21,4.66,4.56,29.24,,
1999-01-18,,,,,,,,,,
1999-01-19,,0.09,,,12.13,4.71,4.62,29.24,,
1999-01-20,,0.1,,,11.82,4.76,4.66,28.6,,
1999-01-21,,0.07,,,12.45,4.7,4.63,30.92,,
1999-01-22,,0.05,,0.5569,12.62,4.64,4.59,31.95,,
1999-01-25,,0.08,,,12.41,4.67,4.59,31.13,,
1999-01-26,,0.06,,,12.16,4.69,4.63,29.23,,
1999-01-27,,0.11,,,12.4,4.68,4.57,29.73,,
1999-01-28,,0.09,,,12.52,4.67,4.58,28.11,,
1999-01-29,,0.08,,0.2692,12.81,4.66,4.58,26.25,,
1999-02-01,4.76,0.1,,,12.36,4.75,4.65,27.67,108.1,0.0
1999-02-02,,0.09,,,12.21,4.79,4.7,28.16,,
1999-02-03,,0.11,,,12.42,4.83,4.72,27.88,,
1999-02-04,,0.12,,,11.94,4.89,4.77,29.48,,
1999-02-05,,0.14,,0.1439,11.85,4.94,4.8,29.67,,
1999-02-08,,0.14,,,11.65,4.94,4.8,30.27,,
1999-02-09,,0.12,,,11.66,4.91,4.79,31.36,,
1999-02-10,,0.13,,,11.88,4.9,4.77,30.45,,
1999-02-11,,0.13,,,11.94,4.93,4.8,27.42,,
1999-02-12,,0.15,,0.2149,11.9,5.06,4.91,29.76,,
1999-02-15,,,,,,,,,,
1999-02-16,,0.1,,,11.38,5.03,4.93,29.65,,
1999-02-17,,0.09,,,11.49,4.98,4.89,30.65,,
1999-02-18,,0.11,,,11.97,5.04,4.93,30.45,,
1999-02-19,,0.12,,0.0649,11.79,5.07,4.95,29.3,,
1999-02-22,,0.12,,,11.97,5.03,4.91,25.87,,
1999-02-23,,0.1,,,12.44,5.1,5.0,26.49,,
1999-02-24,,0.13,,,12.49,5.18,5.05,27.21,,
1999-02-25,,0.17,,,12.61,5.32,5.15,28.01,,
1999-02-26,,0.16,,-0.0153,12.31,5.29,5.13,27.88,,
1999-03-01,4.81,0.2,,,12.28,5.4,5.2,28.37,105.7,0.0
1999-03-02,,0.17,,,12.66,5.35,5.18,29.22,,
1999-03-03,,0.2,,,12.92,5.39,5.19,29.04,,
1999-03-04,,0.21,,,13.32,5.41,5.2,26.67,,
1999-03-05,,0.2,,0.0283,13.33,5.34,5.14,24.08,,
1999-03-08,,0.17,,,13.63,5.29,5.12,24.54,,
1999-03-09,,0.16,,,13.78,5.18,5.02,25.02,,
1999-03-10,,0.16,,,14.74,5.2,5.04,24.79,,
1999-03-11,,0.16,,,14.3,5.21,5.05,24.37,,
1999-03-12,,0.16,,0.0656,14.51,5.16,5.0,24.84,,
1999-03-15,,0.16,,,14.48,5.15,4.99,25.24,,
1999-03-16,,0.14,,,14.6,5.11,4.97,25.15,,
1999-03-17,,0.13,,,15.11,5.14,5.01,25.57,,
1999-03-18,,0.12,,,15.11,5.11,4.99,24.13,,
1999-03-19,,0.13,,0.0653,15.26,5.17,5.04,24.32,,
1999-03-22,,0.13,,,15.39,5.21,5.08,25.0,,
1999-03-23,,0.17,,,15.36,5.2,5.03,27.27,,
1999-03-24,,0.19,,,15.18,5.17,4.98,26.6,,
1999-03-25,,0.19,,,15.66,5.21,5.02,24.33,,
1999-03-26,,0.22,,0.1411,16.16,5.21,4.99,24.04,,
1999-03-29,,0.26,,,16.46,5.28,5.02,23.54,,
1999-03-30,,0.24,,,16.66,5.21,4.97,22.73,,
1999-03-31,,0.26,,,16.66,5.25,4.99,23.26,,
1999-04-01,4.74,0.26,,,16.65,5.27,5.01,22.06,104.6,0.0
1999-04-02,,0.24,,0.0894,,5.2,4.96,,,
1999-04-05,,0.24,,,16.94,5.2,4.96,22.19,,
1999-04-06,,0.2,,,16.79,5.13,4.93,22.65,,
1999-04-07,,0.21,,,16.02,5.14,4.93,22.81,,
1999-04-08,,0.17,,,15.92,5.03,4.86,22.59,,
1999-04-09,,0.17,,0.1859,16.59,5.05,4.88,21.77,,
1999-04-12,,0.13,,,16.44,5.06,4.93,21.93,,
1999-04-13,,0.18,,,16.73,5.12,4.94,22.73,,
1999-04-14,,0.18,,,16.51,5.13,4.95,24.94,,
1999-04-15,,0.21,,,16.85,5.18,4.97,23.93,,
1999-04-16,,0.21,,0.0743,17.34,5.23,5.02,23.9,,
1999-04-19,,0.19,,,17.82,5.18,4.99,26.42,,
1999-04-20,,0.21,,,17.79,5.16,4.95,25.02,,
1999-04-21,,0.18,,,18.05,5.17,4.99,23.31,,
1999-04-22,,0.2,,,18.02,5.25,5.05,22.62,,
1999-04-23,,0.22,,0.1168,17.96,5.26,5.04,22.76,,
1999-04-26,,0.19,,,17.67,5.23,5.04,23.53,,
1999-04-27,,0.18,,,17.82,5.22,5.04,23.36,,
1999-04-28,,0.25,,,18.43,5.27,5.02,24.4,,
1999-04-29,,0.27,,,18.53,5.22,4.95,25.06,,
1999-04-30,,0.28,,-0.0942,18.69,5.36,5.08,25.07,,
1999-05-01,4.74,,,,,,,,106.8,0.0
1999-05-03,,0.3,,,18.83,5.38,5.08,24.15,,
1999-05-04,,0.3,,,18.94,5.42,5.12,25.62,,
1999-05-05,,0.31,,,18.89,5.4,5.09,25.19,,
1999-05-06,,0.33,,,18.23,5.52,5.19,27.44,,
1999-05-07,,0.35,,-0.0492,18.23,5.54,5.19,25.36,,
1999-05-10,,0.39,,,18.57,5.54,5.15,26.62,,
1999-05-11,,0.4,,,17.84,5.59,5.19,25.62,,
1999-05-12,,0.32,,,17.44,5.51,5.19,26.13,,
1999-05-13,,0.29,,,18.11,5.41,5.12,25.02,,
1999-05-14,,0.32,,0.0111,18.04,5.62,5.3,26.86,,
1999-05-17,,0.35,,,17.76,5.66,5.31,27.28,,
1999-05-18,,0.3,,,17.09,5.68,5.38,27.26,,
1999-05-19,,0.23,,,16.77,5.6,5.37,25.08,,
1999-05-20,,0.25,,,17.04,5.6,5.35,24.46,,
1999-05-21,,0.22,,0.1468,17.22,5.52,5.3,24.4,,
1999-05-24,,0.22,,,16.77,5.5,5.28,27.62,,
1999-05-25,,0.19,,,17.25,5.49,5.3,28.9,,
1999-05-26,,0.22,,,17.32,5.55,5.33,27.57,,
1999-05-27,,0.19,,,17.18,5.62,5.43,28.12,,
1999-05-28,,0.22,,0.2722,16.85,5.64,5.42,25.39,,
1999-05-31,,,,,,,,,,
1999-06-01,4.76,0.24,,,16.31,5.78,5.54,26.62,107.3,0.0
1999-06-02,,0.25,,,16.61,5.8,5.55,26.21,,
1999-06-03,,0.26,,,16.81,5.8,5.54,26.2,,
1999-06-04,,0.26,,0.0694,17.36,5.82,5.56,23.43,,
1999-06-07,,0.25,,,17.91,5.81,5.56,23.78,,
1999-06-08,,0.26,,,17.66,5.83,5.57,24.02,,
1999-06-09,,0.26,,,17.98,5.87,5.61,23.9,,
1999-06-10,,0.26,,,17.82,5.92,5.66,25.32,,
1999-06-11,,0.32,,0.1067,18.45,6.02,5.7,25.9,,
1999-06-14,,0.32,,,18.24,5.98,5.66,26.51,,
1999-06-15,,0.32,,,18.61,5.98,5.66,25.91,,
1999-06-16,,0.33,,,17.92,5.94,5.61,22.4,,
1999-06-17,,0.3,,,18.25,5.79,5.49,21.95,,
1999-06-18,,0.28,,0.1514,18.01,5.84,5.56,21.75,,
1999-06-21,,0.28,,,17.79,5.9,5.62,21.81,,
1999-06-22,,0.29,,,17.62,5.94,5.65,21.7,,
1999-06-23,,0.3,,,18.42,6.0,5.7,21.32,,
1999-06-24,,0.3,,,18.26,6.05,5.75,23.06,,
1999-06-25,,0.29,,0.0287,18.17,6.02,5.73,21.76,,
1999-06-28,,0.28,,,18.22,5.96,5.68,22.63,,
1999-06-29,,0.25,,,18.56,5.93,5.68,22.51,,
1999-06-30,,0.28,,,19.33,5.81,5.53,21.09,,
1999-07-01,4.99,0.27,,,19.39,5.85,5.58,19.69,106.0,0.0
1999-07-02,,0.24,,0.1047,19.7,5.82,5.58,18.66,,
1999-07-05,,,,,,,,,,
1999-07-06,,0.24,,,19.78,5.88,5.64,20.73,,
1999-07-07,,0.28,,,19.98,5.92,5.64,20.35,,
1999-07-08,,0.26,,,19.76,5.85,5.59,20.24,,
1999-07-09,,0.23,,0.1839,19.94,5.84,5.61,17.96,,
1999-07-12,,0.21,,,19.92,5.74,5.53,19.73,,
1999-07-13,,0.21,,,20.33,5.71,5.5,19.95,,
1999-07-14,,0.19,,,19.89,5.74,5.55,19.71,,
1999-07-15,,0.19,,,20.26,5.72,5.53,18.68,,
1999-07-16,,0.18,,0.292,20.66,5.68,5.5,17.42,,
1999-07-19,,0.2,,,20.28,5.66,5.46,19.07,,
1999-07-20,,0.22,,,19.38,5.65,5.43,21.79,,
1999-07-21,,0.21,,,19.54,5.66,5.45,21.46,,
1999-07-22,,0.26,,,19.84,5.78,5.52,23.05,,
1999-07-23,,0.26,,0.3274,20.41,5.84,5.58,23.32,,
1999-07-26,,0.25,,,20.49,5.86,5.61,24.98,,
1999-07-27,,0.26,,,20.4,5.82,5.56,23.23,,
1999-07-28,,0.27,,,20.61,5.81,5.54,22.85,,
1999-07-29,,0.26,,,21.09,5.88,5.62,24.52,,
1999-07-30,,0.29,,0.3095,20.52,5.92,5.63,24.64,,
1999-08-01,5.07,,,,,,,,104.5,0.0
1999-08-02,,0.27,,,20.46,5.92,5.65,25.59,,
1999-08-03,,0.3,,,20.21,5.95,5.65,26.27,,
1999-08-04,,0.32,,,20.49,5.96,5.64,27.4,,
1999-08-05,,0.33,,,20.67,5.88,5.55,27.01,,
1999-08-06,,0.33,,0.4545,20.89,6.02,5.69,26.6,,
1999-08-09,,0.34,,,21.26,6.13,5.79,27.66,,
1999-08-10,,0.37,,,21.31,6.16,5.79,28.45,,
1999-08-11,,0.29,,,21.54,6.05,5.76,25.39,,
1999-08-12,,0.3,,,21.42,6.08,5.78,25.03,,
1999-08-13,,0.27,,0.3301,21.67,5.98,5.71,22.31,,
1999-08-16,,0.23,,,21.34,5.98,5.75,23.07,,
1999-08-17,,0.21,,,21.7,5.89,5.68,21.67,,
1999-08-18,,0.22,,,21.54,5.88,5.66,23.3,,
1999-08-19,,0.24,,,21.86,5.9,5.66,24.39,,
1999-08-20,,0.23,,0.318,21.66,5.88,5.65,22.95,,
1999-08-23,,0.23,,,21.61,5.89,5.66,22.55,,
1999-08-24,,0.2,,,21.36,5.85,5.65,22.4,,
1999-08-25,,0.2,,,20.66,5.73,5.53,20.96,,
1999-08-26,,0.19,,,21.09,5.75,5.56,21.21,,
1999-08-27,,0.2,,0.1498,21.31,5.85,5.65,21.83,,
1999-08-30,,0.22,,,21.93,5.95,5.73,24.63,,
1999-08-31,,0.25,,,22.15,5.98,5.73,24.45,,
1999-09-01,5.22,0.25,,,21.79,5.99,5.74,22.93,107.2,0.0
1999-09-02,,0.29,,,21.54,6.03,5.74,24.53,,
1999-09-03,,0.25,,0.2621,22.0,5.89,5.64,20.98,,
1999-09-06,,,,,,,,,,
1999-09-07,,0.26,,,22.58,5.95,5.69,23.44,,
1999-09-08,,0.26,,,22.64,5.93,5.67,23.82,,
1999-09-09,,0.26,,,23.24,5.97,5.71,23.01,,
1999-09-10,,0.25,,0.4251,23.55,5.89,5.64,22.03,,
1999-09-13,,0.26,,,24.18,5.92,5.66,22.89,,
1999-09-14,,0.25,,,23.86,5.96,5.71,23.77,,
1999-09-15,,0.27,,,24.1,5.94,5.67,24.56,,
1999-09-16,,0.27,,,24.52,5.9,5.63,25.25,,
1999-09-17,,0.24,,0.4611,24.72,5.87,5.63,23.3,,
1999-09-20,,0.24,,,24.32,5.91,5.67,24.03,,
1999-09-21,,0.27,,,24.48,5.94,5.67,25.65,,
1999-09-22,,0.25,,,24.26,5.92,5.67,25.19,,
1999-09-23,,0.24,,,24.76,5.87,5.63,27.84,,
1999-09-24,,0.2,,0.4865,24.81,5.75,5.55,27.79,,
1999-09-27,,0.21,,,24.63,5.83,5.62,26.4,,
1999-09-28,,0.24,,,24.52,5.89,5.65,26.06,,
1999-09-29,,0.29,,,24.69,5.97,5.68,26.49,,
1999-09-30,,0.27,,,24.54,5.9,5.63,25.41,,
1999-10-01,5.2,0.27,,0.5173,24.51,6.0,5.73,24.93,103.2,0.0
1999-10-04,,0.25,,,23.71,5.95,5.7,24.46,,
1999-10-05,,0.24,,,23.37,6.02,5.78,24.79,,
1999-10-06,,0.23,,,23.24,6.04,5.81,22.06,,
1999-10-07,,0.23,,,22.46,6.05,5.82,23.58,,
1999-10-08,,0.24,,0.8172,20.81,6.04,5.8,20.49,,
1999-10-11,,,,,21.58,,,20.63,,
1999-10-12,,0.25,,,22.93,6.07,5.82,22.84,,
1999-10-13,,0.25,,,22.93,6.12,5.87,25.96,,
1999-10-14,,0.27,,,22.46,6.17,5.9,26.05,,
1999-10-15,,0.27,,0.8686,22.81,6.09,5.82,28.75,,
1999-10-18,,0.27,,,22.44,6.12,5.85,28.19,,
1999-10-19,,0.26,,,22.36,6.18,5.92,26.56,,
1999-10-20,,0.25,,,22.21,6.19,5.94,23.9,,
1999-10-21,,0.27,,,22.74,6.2,5.93,24.02,,
1999-10-22,,0.25,,0.6959,23.48,6.21,5.96,21.64,,
1999-10-25,,0.24,,,23.22,6.22,5.98,23.6,,
1999-10-26,,0.22,,,23.17,6.24,6.02,24.26,,
1999-10-27,,0.25,,,22.71,6.19,5.94,24.2,,
1999-10-28,,0.25,,,21.59,6.12,5.87,21.34,,
1999-10-29,,0.23,,0.4574,21.79,6.02,5.79,22.2,,
1999-11-01,5.42,0.23,,,22.44,6.06,5.83,22.09,107.2,0.0
1999-11-02,,0.23,,,22.49,6.04,5.81,23.1,,
1999-11-03,,0.22,,,22.59,6.01,5.79,23.16,,
1999-11-04,,0.21,,,23.17,5.95,5.74,23.0,,
1999-11-05,,0.2,,0.5912,22.93,5.92,5.72,21.66,,
1999-11-08,,0.21,,,23.28,5.95,5.74,21.87,,
1999-11-09,,0.2,,,24.21,5.97,5.77,22.7,,
1999-11-10,,0.19,,,24.37,6.0,5.81,22.26,,
1999-11-11,,,,,24.33,,,22.07,,
1999-11-12,,0.15,,0.3576,24.91,5.93,5.78,21.65,,
1999-11-15,,0.15,,,25.31,5.94,5.79,22.74,,
1999-11-16,,0.12,,,26.04,5.97,5.85,20.73,,
1999-11-17,,0.14,,,26.57,6.04,5.9,20.96,,
1999-11-18,,0.16,,,25.71,6.06,5.9,19.76,,
1999-11-19,,0.15,,0.1087,26.61,6.07,5.92,19.11,,
1999-11-22,,0.14,,,28.03,6.09,5.95,19.98,,
1999-11-23,,0.15,,,26.91,6.08,5.93,21.0,,
1999-11-24,,0.12,,,27.22,6.09,5.97,20.26,,
1999-11-25,,,,,,,,,,
1999-11-26,,0.13,,0.189,27.22,6.12,5.99,22.33,,
1999-11-29,,0.17,,,25.84,6.21,6.04,23.57,,
1999-11-30,,0.17,,,24.87,6.18,6.01,24.18,,
1999-12-01,5.3,0.17,,,25.01,6.21,6.04,22.23,105.4,0.0
1999-12-02,,0.18,,,25.88,6.24,6.06,21.77,,
1999-12-03,,0.18,,0.3165,25.71,6.17,5.99,19.32,,
1999-12-06,,0.18,,,26.67,6.16,5.98,20.58,,
1999-12-07,,0.16,,,26.36,6.11,5.95,21.09,,
1999-12-08,,0.17,,,26.69,6.15,5.98,21.25,,
1999-12-09,,0.18,,,26.0,6.14,5.96,21.19,,
1999-12-10,,0.15,,0.4107,25.21,6.08,5.93,21.48,,
1999-12-13,,0.15,,,25.37,6.11,5.96,21.72,,
1999-12-14,,0.15,,,25.87,6.22,6.07,23.06,,
1999-12-15,,0.15,,,26.28,6.25,6.1,22.03,,
1999-12-16,,0.16,,,26.74,6.31,6.15,21.91,,
1999-12-17,,0.15,,0.206,26.76,6.3,6.15,21.35,,
1999-12-20,,0.15,,,26.55,6.36,6.21,23.78,,
1999-12-21,,0.17,,,26.34,6.38,6.21,22.66,,
1999-12-22,,0.15,,,25.51,6.39,6.24,22.43,,
1999-12-23,,0.17,,,25.86,6.41,6.24,21.12,,
1999-12-24,,,,0.1098,,,,,,
1999-12-27,,0.19,,,26.36,6.4,6.21,23.07,,
1999-12-28,,0.2,,,26.81,6.43,6.23,22.97,,
1999-12-29,,0.19,,,26.41,6.4,6.21,23.09,,
1999-12-30,,0.2,,,25.76,6.39,6.19,24.76,,
1999-12-31,,0.21,,0.4244,,6.45,6.24,24.64,,
2000-01-01,5.45,,,,,,,,112.0,0.0
2000-01-03,,0.2,,,,6.58,6.38,24.21,,
2000-01-04,,0.19,,,25.56,6.49,6.3,27.01,,
2000-01-05,,0.24,,,24.65,6.62,6.38,26.41,,
2000-01-06,,0.22,,,24.79,6.57,6.35,25.73,,
2000-01-07,,0.21,,0.0242,24.79,6.52,6.31,21.72,,
2000-01-10,,0.19,,,24.71,6.57,6.38,21.71,,
2000-01-11,,0.22,,,25.69,6.67,6.45,22.5,,
2000-01-12,,0.23,,,26.3,6.72,6.49,22.84,,
2000-01-13,,0.23,,,26.63,6.63,6.4,21.71,,
2000-01-14,,0.25,,0.0152,28.01,6.69,6.44,19.66,,
2000-01-17,,,,,,,,,,
2000-01-18,,0.28,,,28.98,6.75,6.47,21.5,,
2000-01-19,,0.27,,,29.11,6.73,6.46,21.72,,
2000-01-20,,0.3,,,29.67,6.79,6.49,21.75,,
2000-01-21,,0.31,,0.0311,29.71,6.79,6.48,20.82,,
2000-01-24,,0.26,,,29.25,6.69,6.43,24.07,,
2000-01-25,,0.26,,,30.28,6.7,6.44,23.02,,
2000-01-26,,0.24,,,27.66,6.69,6.45,23.03,,
2000-01-27,,0.17,,,27.22,6.68,6.51,23.54,,
2000-01-28,,0.08,,0.0643,27.27,6.66,6.58,26.14,,
2000-01-31,,0.07,,,27.65,6.68,6.61,24.95,,
2000-02-01,5.73,0.02,,,28.28,6.62,6.6,23.45,111.3,0.0
2000-02-02,,-0.03,,,27.52,6.6,6.63,23.12,,
2000-02-03,,-0.07,,,28.26,6.49,6.56,22.01,,
2000-02-04,,-0.1,,-0.0871,28.67,6.53,6.63,21.54,,
2000-02-07,,-0.04,,,28.4,6.64,6.68,22.79,,
2000-02-08,,-0.1,,,28.05,6.59,6.69,21.25,,
2000-02-09,,-0.13,,,28.71,6.56,6.69,22.9,,
2000-02-10,,0.0,,,29.49,6.67,6.67,23.07,,
2000-02-11,,-0.02,,0.0819,29.51,6.63,6.65,24.42,,
2000-02-14,,-0.06,,,30.3,6.56,6.62,24.38,,
2000-02-15,,-0.1,,,30.17,6.56,6.66,22.92,,
2000-02-16,,-0.07,,,30.01,6.56,6.63,23.51,,
2000-02-17,,-0.11,,,29.37,6.58,6.69,23.17,,
2000-02-18,,-0.17,,0.1249,29.51,6.49,6.66,26.0,,
2000-02-21,,,,,,,,,,
2000-02-22,,-0.21,,,29.63,6.36,6.57,25.86,,
2000-02-23,,-0.17,,,30.19,6.44,6.61,23.89,,
2000-02-24,,-0.16,,,30.23,6.36,6.52,24.38,,
2000-02-25,,-0.09,,0.2169,30.34,6.36,6.45,25.2,,
2000-02-28,,-0.1,,,30.11,6.37,6.47,24.68,,
2000-02-29,,-0.11,,,30.57,6.42,6.53,23.37,,
2000-03-01,5.85,-0.13,,,31.71,6.39,6.52,21.64,107.1,0.0
2000-03-02,,-0.12,,,31.51,6.4,6.52,21.06,,
2000-03-03,,-0.11,,-0.0684,31.46,6.39,6.5,19.21,,
2000-03-06,,-0.13,,,32.19,6.42,6.55,21.5,,
2000-03-07,,-0.09,,,33.9,6.39,6.48,24.31,,
2000-03-08,,-0.12,,,31.22,6.38,6.5,23.82,,
2000-03-09,,-0.13,,,31.61,6.35,6.48,22.21,,
2000-03-10,,-0.16,,-0.0183,31.76,6.39,6.55,21.24,,
2000-03-13,,-0.16,,,32.11,6.36,6.52,22.85,,
2000-03-14,,-0.17,,,31.93,6.31,6.48,24.41,,
2000-03-15,,-0.21,,,30.47,6.29,6.5,22.34,,
2000-03-16,,-0.24,,,31.1,6.26,6.5,20.77,,
2000-03-17,,-0.3,,-0.051,30.86,6.2,6.5,22.37,,
2000-03-20,,-0.34,,,29.33,6.18,6.52,22.96,,
2000-03-21,,-0.37,,,28.01,6.13,6.5,21.7,,
2000-03-22,,-0.37,,,27.28,6.13,6.5,21.49,,
2000-03-23,,-0.44,,,27.47,6.08,6.52,22.26,,
2000-03-24,,-0.44,,-0.2043,27.86,6.2,6.64,23.31,,
2000-03-27,,-0.45,,,27.59,6.21,6.66,24.53,,
2000-03-28,,-0.43,,,27.1,6.17,6.6,24.86,,
2000-03-29,,-0.41,,,26.36,6.18,6.59,24.1,,
2000-03-30,,-0.46,,,26.67,6.06,6.52,25.47,,
2000-03-31,,-0.47,,0.2006,26.86,6.03,6.5,24.11,,
2000-04-01,6.02,,,,,,,,109.2,0.0
2000-04-03,,-0.45,,,26.28,6.0,6.45,24.03,,
2000-04-04,,-0.45,,,25.46,5.9,6.35,27.12,,
2000-04-05,,-0.45,,,25.76,5.9,6.35,28.41,,
2000-04-06,,-0.45,,,25.51,5.93,6.38,27.15,,
2000-04-07,,-0.52,,0.4533,24.97,5.86,6.38,24.39,,
2000-04-10,,-0.51,,,23.91,5.8,6.31,25.99,,
2000-04-11,,-0.47,,,24.17,5.89,6.36,27.25,,
2000-04-12,,-0.43,,,25.49,5.97,6.4,28.98,,
2000-04-13,,-0.46,,,25.29,5.94,6.4,29.4,,
2000-04-14,,-0.42,,0.469,25.48,5.85,6.27,33.49,,
2000-04-17,,-0.32,,,26.06,6.01,6.33,28.95,,
2000-04-18,,-0.28,,,25.92,6.05,6.33,26.12,,
2000-04-19,,-0.34,,,27.38,5.99,6.33,27.02,,
2000-04-20,,-0.39,,,27.29,5.99,6.38,25.85,,
2000-04-21,,,,0.4378,,,,,,
2000-04-24,,-0.36,,,27.41,6.0,6.36,27.37,,
2000-04-25,,-0.34,,,26.41,6.14,6.48,25.24,,
2000-04-26,,-0.36,,,24.69,6.14,6.5,26.97,,
2000-04-27,,-0.4,,,25.53,6.23,6.63,26.19,,
2000-04-28,,-0.45,,0.3444,25.71,6.23,6.68,26.2,,
2000-05-01,6.27,-0.44,,,25.84,6.29,6.73,25.88,110.7,0.0
2000-05-02,,-0.4,,,26.86,6.32,6.72,28.5,,
2000-05-03,,-0.33,,,26.6,6.4,6.73,31.63,,
2000-05-04,,-0.31,,,27.08,6.46,6.77,30.77,,
2000-05-05,,-0.33,,0.5284,27.37,6.51,6.84,27.53,,
2000-05-08,,-0.3,,,28.05,6.57,6.87,28.2,,
2000-05-09,,-0.33,,,28.46,6.53,6.86,28.93,,
2000-05-10,,-0.37,,,28.1,6.47,6.84,29.87,,
2000-05-11,,-0.39,,,29.25,6.43,6.82,27.76,,
2000-05-12,,-0.4,,0.5359,29.64,6.51,6.91,26.05,,
2000-05-15,,-0.41,,,29.95,6.47,6.88,24.86,,
2000-05-16,,-0.46,,,29.76,6.43,6.89,24.34,,
2000-05-17,,-0.42,,,29.38,6.48,6.9,23.98,,
2000-05-18,,-0.37,,,30.28,6.56,6.93,23.96,,
2000-05-19,,-0.35,,0.3575,30.02,6.51,6.86,25.44,,
2000-05-22,,-0.37,,,28.62,6.44,6.81,26.0,,
2000-05-23,,-0.38,,,28.61,6.45,6.83,25.87,,
2000-05-24,,-0.32,,,29.89,6.47,6.79,24.32,,
2000-05-25,,-0.32,,,30.43,6.39,6.71,24.58,,
2000-05-26,,-0.36,,0.7864,29.76,6.33,6.69,24.47,,
2000-05-29,,,,,,,,,,
2000-05-30,,-0.36,,,30.36,6.38,6.74,23.62,,
2000-05-31,,-0.4,,,29.03,6.29,6.69,23.65,,
2000-06-01,6.53,-0.41,,,30.19,6.2,6.61,22.36,106.4,0.0
2000-06-02,,-0.37,,0.745,30.34,6.15,6.52,21.48,,
2000-06-05,,-0.37,,,29.87,6.12,6.49,22.71,,
2000-06-06,,-0.37,,,29.78,6.14,6.51,23.05,,
2000-06-07,,-0.39,,,29.29,6.13,6.52,22.48,,
2000-06-08,,-0.43,,,29.78,6.13,6.56,22.77,,
2000-06-09,,-0.43,,0.6019,30.22,6.13,6.56,22.14,,
2000-06-12,,-0.43,,,31.76,6.09,6.52,22.32,,
2000-06-13,,-0.38,,,32.73,6.11,6.49,21.67,,
2000-06-14,,-0.38,,,32.72,6.06,6.44,21.48,,
2000-06-15,,-0.39,,,32.7,6.05,6.44,20.68,,
2000-06-16,,-0.39,,0.6059,32.35,5.99,6.38,20.5,,
2000-06-19,,-0.4,,,31.57,6.0,6.4,20.63,,
2000-06-20,,-0.4,,,33.07,6.03,6.43,20.88,,
2000-06-21,,-0.39,,,33.64,6.11,6.5,20.61,,
2000-06-22,,-0.38,,,34.72,6.12,6.5,22.0,,
2000-06-23,,-0.36,,0.6348,34.76,6.19,6.55,22.34,,
2000-06-26,,-0.39,,,31.56,6.11,6.5,22.45,,
2000-06-27,,-0.4,,,32.01,6.1,6.5,21.8,,
2000-06-28,,-0.32,,,31.86,6.11,6.43,20.29,,
2000-06-29,,-0.33,,,32.73,6.04,6.37,19.7,,
2000-06-30,,-0.35,,0.5902,32.44,6.03,6.38,19.54,,
2000-07-01,6.54,,,,,,,,108.3,0.0
2000-07-03,,-0.31,,,,6.0,6.31,19.83,,
2000-07-04,,,,,,,,,,
2000-07-05,,-0.3,,,30.76,5.99,6.29,21.16,,
2000-07-06,,-0.29,,,30.19,6.05,6.34,20.94,,
2000-07-07,,-0.28,,0.4317,30.26,6.01,6.29,19.22,,
2000-07-10,,-0.27,,,29.51,6.04,6.31,20.33,,
2000-07-11,,-0.26,,,29.61,6.06,6.32,20.11,,
2000-07-12,,-0.25,,,30.34,6.09,6.34,20.03,,
2000-07-13,,-0.3,,,31.41,6.01,6.31,20.03,,
2000-07-14,,-0.31,,0.2145,31.31,6.1,6.41,19.32,,
2000-07-17,,-0.29,,,30.71,6.17,6.46,19.45,,
2000-07-18,,-0.28,,,31.94,6.16,6.44,19.75,,
2000-07-19,,-0.3,,,31.1,6.16,6.46,19.65,,
2000-07-20,,-0.31,,,30.94,6.01,6.32,18.94,,
2000-07-21,,-0.31,,0.1149,28.56,6.01,6.32,18.94,,
2000-07-24,,-0.31,,,27.97,6.04,6.35,19.92,,
2000-07-25,,-0.31,,,27.89,6.04,6.35,19.39,,
2000-07-26,,-0.25,,,27.81,6.04,6.29,19.67,,
2000-07-27,,-0.25,,,28.21,6.02,6.27,19.6,,
2000-07-28,,-0.26,,0.1595,28.22,6.04,6.3,20.84,,
2000-07-31,,-0.26,,,27.5,6.04,6.3,20.74,,
2000-08-01,6.5,-0.27,,,27.85,6.0,6.27,20.55,107.3,0.0
2000-08-02,,-0.25,,,28.27,5.98,6.23,20.0,,
2000-08-03,,-0.27,,,28.92,5.95,6.22,19.99,,
2000-08-04,,-0.24,,0.1475,29.94,5.91,6.15,18.62,,
2000-08-07,,-0.23,,,28.93,5.97,6.2,19.03,,
2000-08-08,,-0.23,,,29.26,5.93,6.16,18.79,,
2000-08-09,,-0.37,,,30.38,5.81,6.18,19.18,,
2000-08-10,,-0.4,,,31.09,5.76,6.16,19.19,,
2000-08-11,,-0.46,,-0.0456,31.02,5.79,6.25,18.55,,
2000-08-14,,-0.47,,,31.92,5.78,6.25,17.88,,
2000-08-15,,-0.47,,,31.43,5.81,6.28,17.98,,
2000-08-16,,-0.47,,,31.91,5.83,6.3,18.02,,
2000-08-17,,-0.49,,,31.88,5.81,6.3,17.48,,
2000-08-18,,-0.49,,-0.0341,31.97,5.78,6.27,17.05,,
2000-08-21,,-0.49,,,32.42,5.79,6.28,17.35,,
2000-08-22,,-0.49,,,31.24,5.78,6.27,17.47,,
2000-08-23,,-0.47,,,31.23,5.73,6.2,17.38,,
2000-08-24,,-0.46,,,33.41,5.73,6.19,17.04,,
2000-08-25,,-0.46,,-0.0126,34.01,5.73,6.19,16.53,,
2000-08-28,,-0.45,,,32.92,5.78,6.23,16.54,,
2000-08-29,,-0.45,,,32.73,5.81,6.26,16.89,,
2000-08-30,,-0.43,,,33.25,5.81,6.24,17.69,,
2000-08-31,,-0.45,,,33.09,5.73,6.18,16.84,,
2000-09-01,6.52,-0.41,,-0.1134,33.42,5.68,6.09,17.53,106.8,0.0
2000-09-04,,,,,,,,,,
2000-09-05,,-0.4,,,33.92,5.69,6.09,19.82,,
2000-09-06,,-0.39,,,34.97,5.72,6.11,20.79,,
2000-09-07,,-0.38,,,35.18,5.76,6.14,19.42,,
2000-09-08,,-0.38,,0.0586,33.62,5.73,6.11,18.46,,
2000-09-11,,-0.35,,,35.14,5.77,6.12,18.4,,
2000-09-12,,-0.34,,,34.25,5.78,6.12,18.59,,
2000-09-13,,-0.35,,,33.87,5.74,6.09,18.32,,
2000-09-14,,-0.32,,,34.37,5.79,6.11,18.26,,
2000-09-15,,-0.23,,0.12,35.87,5.84,6.07,18.52,,
2000-09-18,,-0.16,,,36.75,5.88,6.04,20.25,,
2000-09-19,,-0.19,,,36.96,5.86,6.05,19.54,,
2000-09-20,,-0.2,,,37.22,5.91,6.11,19.93,,
2000-09-21,,-0.23,,,33.84,5.88,6.11,20.18,,
2000-09-22,,-0.24,,0.2651,32.66,5.85,6.09,20.74,,
2000-09-25,,-0.27,,,31.5,5.84,6.11,21.41,,
2000-09-26,,-0.26,,,31.78,5.81,6.07,21.88,,
2000-09-27,,-0.17,,,31.23,5.83,6.0,21.67,,
2000-09-28,,-0.2,,,30.26,5.82,6.02,19.47,,
2000-09-29,,-0.18,,0.1322,30.87,5.8,5.98,20.57,,
2000-10-01,6.51,,,,,,,,105.8,0.0
2000-10-02,,-0.15,,,32.05,5.83,5.98,21.23,,
2000-10-03,,-0.13,,,31.86,5.87,6.0,21.85,,
2000-10-04,,-0.13,,,30.91,5.9,6.03,21.54,,
2000-10-05,,-0.15,,,30.66,5.87,6.02,21.03,,
2000-10-06,,-0.16,,0.2354,30.86,5.82,5.98,22.71,,
2000-10-09,,,,,31.98,,,24.02,,
2000-10-10,,-0.18,,,33.29,5.8,5.98,24.86,,
2000-10-11,,-0.16,,,33.2,5.77,5.93,26.57,,
2000-10-12,,-0.13,,,36.06,5.73,5.86,30.51,,
2000-10-13,,-0.11,,0.7308,34.96,5.73,5.84,27.6,,
2000-10-16,,-0.15,,,33.18,5.74,5.89,26.79,,
2000-10-17,,-0.15,,,33.36,5.68,5.83,27.84,,
2000-10-18,,-0.16,,,33.51,5.66,5.82,28.72,,
2000-10-19,,-0.2,,,33.06,5.66,5.86,25.09,,
2000-10-20,,-0.2,,0.4851,34.31,5.64,5.84,24.24,,
2000-10-23,,-0.23,,,34.9,5.59,5.82,24.69,,
2000-10-24,,-0.23,,,34.53,5.63,5.86,24.28,,
2000-10-25,,-0.2,,,33.62,5.67,5.87,26.65,,
2000-10-26,,-0.21,,,33.75,5.69,5.9,28.62,,
2000-10-27,,-0.22,,0.2639,32.78,5.72,5.94,26.47,,
2000-10-30,,-0.23,,,32.86,5.74,5.97,25.46,,
2000-10-31,,-0.17,,,32.7,5.77,5.94,23.63,,
2000-11-01,6.51,-0.14,,,33.14,5.74,5.88,24.28,107.6,0.0
2000-11-02,,-0.13,,,32.59,5.74,5.87,23.92,,
2000-11-03,,-0.11,,0.0555,32.62,5.83,5.94,23.67,,
2000-11-06,,-0.12,,,33.02,5.87,5.99,24.52,,
2000-11-07,,-0.12,,,33.44,5.87,5.99,24.91,,
2000-11-08,,-0.12,,,32.92,5.87,5.99,25.66,,
2000-11-09,,-0.12,,,33.87,5.82,5.94,27.2,,
2000-11-10,,-0.1,,0.2314,34.05,5.82,5.92,28.53,,
2000-11-13,,-0.13,,,34.3,5.77,5.9,29.06,,
2000-11-14,,-0.16,,,34.72,5.76,5.92,26.81,,
2000-11-15,,-0.18,,,35.54,5.72,5.9,26.15,,
2000-11-16,,-0.19,,,34.84,5.68,5.87,25.05,,
2000-11-17,,-0.17,,0.3543,35.62,5.71,5.88,24.81,,
2000-11-20,,-0.19,,,35.98,5.68,5.87,27.43,,
2000-11-21,,-0.19,,,35.54,5.67,5.86,26.62,,
2000-11-22,,-0.23,,,36.06,5.62,5.85,27.71,,
2000-11-23,,,,,,,,,,
2000-11-24,,-0.23,,0.5028,36.06,5.63,5.86,26.0,,
2000-11-27,,-0.22,,,36.24,5.64,5.86,26.93,,
2000-11-28,,-0.2,,,34.02,5.59,5.79,27.64,,
2000-11-29,,-0.14,,,34.58,5.55,5.69,27.49,,
2000-11-30,,-0.13,,,33.61,5.48,5.61,29.65,,
2000-12-01,6.4,-0.1,,0.5903,32.06,5.52,5.62,27.48,98.4,0.0
2000-12-04,,-0.06,,,31.28,5.53,5.59,27.78,,
2000-12-05,,-0.06,,,29.25,5.43,5.49,24.99,,
2000-12-06,,-0.1,,,30.24,5.32,5.42,25.07,,
2000-12-07,,-0.13,,,29.36,5.32,5.45,25.34,,
2000-12-08,,-0.15,,0.6746,28.31,5.35,5.5,22.41,,
2000-12-11,,-0.15,,,29.75,5.37,5.52,23.51,,
2000-12-12,,-0.18,,,29.81,5.36,5.54,24.88,,
2000-12-13,,-0.16,,,28.75,5.29,5.45,23.63,,
2000-12-14,,-0.2,,,28.06,5.23,5.43,24.86,,
2000-12-15,,-0.18,,0.4648,28.86,5.2,5.38,26.55,,
2000-12-18,,-0.16,,,29.52,5.17,5.33,27.7,,
2000-12-19,,-0.16,,,29.34,5.19,5.35,27.17,,
2000-12-20,,-0.16,,,25.83,5.08,5.24,31.74,,
2000-12-21,,-0.11,,,26.06,5.03,5.14,29.66,,
2000-12-22,,-0.08,,1.0891,26.16,5.02,5.1,27.55,,
2000-12-25,,,,,,,,,,
2000-12-26,,-0.06,,,27.0,5.04,5.1,28.73,,
2000-12-27,,0.01,,,26.55,5.11,5.1,28.14,,
2000-12-28,,-0.05,,,25.82,5.13,5.18,26.57,,
2000-12-29,,0.01,,0.7575,26.72,5.12,5.11,26.85,,
2001-01-01,5.98,,,,,,,,94.7,0.0
2001-01-02,,0.05,,,27.29,4.92,4.87,29.99,,
2001-01-03,,0.22,,,27.93,5.14,4.92,26.6,,
2001-01-04,,0.26,,,27.95,5.03,4.77,26.97,,
2001-01-05,,0.37,,1.0102,28.02,4.93,4.56,28.67,,
2001-01-08,,0.4,,,27.44,4.94,4.54,29.84,,
2001-01-09,,0.34,,,27.72,4.98,4.64,27.99,,
2001-01-10,,0.34,,,29.42,5.1,4.76,26.8,,
2001-01-11,,0.37,,,29.42,5.14,4.77,25.79,,
2001-01-12,,0.35,,0.4313,30.07,5.25,4.9,24.56,,
2001-01-15,,,,,,,,,,
2001-01-16,,0.35,,,30.19,5.24,4.89,25.28,,
2001-01-17,,0.35,,,29.77,5.19,4.84,24.93,,
2001-01-18,,0.4,,,30.42,5.12,4.72,23.37,,
2001-01-19,,0.44,,0.2201,32.12,5.19,4.75,23.24,,
2001-01-22,,0.5,,,32.21,5.25,4.75,23.25,,
2001-01-23,,0.48,,,31.66,5.3,4.82,21.57,,
2001-01-24,,0.52,,,31.46,5.33,4.81,22.03,,
2001-01-25,,0.51,,,31.61,5.29,4.78,22.64,,
2001-01-26,,0.51,,0.1919,29.79,5.29,4.78,22.57,,
2001-01-29,,0.55,,,29.07,5.32,4.77,22.61,,
2001-01-30,,0.54,,,29.12,5.24,4.7,22.57,,
2001-01-31,,0.57,,,28.62,5.19,4.62,22.02,,
2001-02-01,5.49,0.55,,,29.88,5.1,4.55,21.66,90.6,0.0
2001-02-02,,0.52,,0.3841,31.27,5.17,4.65,21.95,,
2001-02-05,,0.5,,,30.55,5.18,4.68,22.19,,
2001-02-06,,0.5,,,30.27,5.22,4.72,21.98,,
2001-02-07,,0.4,,,31.27,5.1,4.7,21.67,,
2001-02-08,,0.37,,,31.57,5.1,4.73,21.46,,
2001-02-09,,0.36,,0.3068,30.93,5.03,4.67,22.03,,
2001-02-12,,0.38,,,30.52,5.05,4.67,21.92,,
2001-02-13,,0.32,,,30.12,5.07,4.75,21.37,,
2001-02-14,,0.29,,,29.55,5.13,4.84,21.52,,
2001-02-15,,0.3,,,28.96,5.19,4.89,20.27,,
2001-02-16,,0.36,,0.2169,29.22,5.11,4.75,22.12,,
2001-02-19,,,,,,,,,,
2001-02-20,,0.38,,,28.6,5.11,4.73,24.69,,
2001-02-21,,0.46,,,28.64,5.14,4.68,25.75,,
2001-02-22,,0.52,,,28.52,5.15,4.63,26.76,,
2001-02-23,,0.57,,0.615,28.83,5.1,4.53,27.21,,
2001-02-26,,0.59,,,28.27,5.05,4.46,25.43,,
2001-02-27,,0.52,,,28.26,4.96,4.44,26.49,,
2001-02-28,,0.51,,,27.35,4.92,4.41,28.35,,
2001-03-01,5.31,0.46,,,27.78,4.87,4.41,28.08,91.5,0.0
2001-03-02,,0.47,,0.4697,27.89,4.95,4.48,27.43,,
2001-03-05,,0.49,,,28.61,4.98,4.49,27.12,,
2001-03-06,,0.5,,,28.4,4.99,4.49,25.89,,
2001-03-07,,0.49,,,28.95,4.92,4.43,24.12,,
2001-03-08,,0.46,,,28.31,4.89,4.43,24.29,,
2001-03-09,,0.48,,0.3307,27.97,4.95,4.47,25.62,,
2001-03-12,,0.46,,,27.91,4.92,4.46,30.32,,
2001-03-13,,0.49,,,27.45,4.95,4.46,27.55,,
2001-03-14,,0.52,,,26.49,4.84,4.32,29.61,,
2001-03-15,,0.59,,,26.56,4.81,4.22,28.56,,
2001-03-16,,0.52,,0.764,26.68,4.78,4.26,29.91,,
2001-03-19,,0.5,,,26.17,4.82,4.32,29.78,,
2001-03-20,,0.54,,,25.99,4.78,4.24,30.96,,
2001-03-21,,0.56,,,26.43,4.77,4.21,31.93,,
2001-03-22,,0.56,,,26.19,4.73,4.17,32.84,,
2001-03-23,,0.56,,1.0813,27.31,4.8,4.24,30.45,,
2001-03-26,,0.58,,,27.4,4.85,4.27,29.04,,
2001-03-27,,0.59,,,27.62,5.0,4.41,27.04,,
2001-03-28,,0.67,,,26.43,4.97,4.3,28.58,,
2001-03-29,,0.71,,,26.47,4.98,4.27,29.17,,
2001-03-30,,0.75,,0.543,26.37,4.93,4.18,28.64,,
2001-04-01,4.8,,,,,,,,88.4,1.0
2001-04-02,,0.76,,,25.7,4.98,4.22,31.21,,
2001-04-03,,0.79,,,26.65,4.94,4.15,34.72,,
2001-04-04,,0.82,,,27.16,4.94,4.12,34.07,,
2001-04-05,,0.79,,,27.24,4.98,4.19,29.94,,
2001-04-06,,0.82,,1.1188,27.07,4.89,4.07,31.69,,
2001-04-09,,0.83,,,27.45,4.93,4.1,31.91,,
2001-04-10,,0.85,,,28.47,5.09,4.24,29.44,,
2001-04-11,,0.83,,,28.42,5.12,4.29,28.46,,
2001-04-12,,0.81,,,28.75,5.17,4.36,26.12,,
2001-04-13,,,,0.8282,,,,,,
2001-04-16,,0.79,,,28.81,5.28,4.49,26.33,,
2001-04-17,,0.8,,,27.89,5.21,4.41,25.61,,
2001-04-18,,0.88,,,27.83,5.14,4.26,24.13,,
2001-04-19,,0.98,,,27.92,5.27,4.29,24.16,,
2001-04-20,,1.03,,0.6769,27.0,5.29,4.26,25.38,,
2001-04-23,,1.05,,,26.97,5.2,4.15,28.16,,
2001-04-24,,1.06,,,25.24,5.22,4.16,28.49,,
2001-04-25,,1.08,,,25.93,5.28,4.2,27.4,,
2001-04-26,,1.06,,,28.47,5.2,4.14,25.96,,
2001-04-27,,1.06,,0.787,28.35,5.34,4.28,24.02,,
2001-04-30,,1.05,,,28.48,5.35,4.3,25.48,,
2001-05-01,4.21,1.07,,,28.37,5.3,4.23,24.2,92.0,1.0
2001-05-02,,1.04,,,27.89,5.31,4.27,24.23,,
2001-05-03,,1.0,,,28.66,5.22,4.22,25.78,,
2001-05-04,,1.07,,0.2615,28.41,5.21,4.14,23.91,,
2001-05-07,,1.09,,,27.79,5.21,4.12,24.86,,
2001-05-08,,1.14,,,27.35,5.24,4.1,24.44,,
2001-05-09,,1.13,,,28.39,5.2,4.07,24.35,,
2001-05-10,,1.14,,,28.5,5.31,4.17,24.0,,
2001-05-11,,1.15,,0.3463,28.59,5.51,4.36,23.54,,
2001-05-14,,1.17,,,28.83,5.46,4.29,24.26,,
2001-05-15,,1.22,,,28.9,5.5,4.28,23.71,,
2001-05-16,,1.23,,,28.77,5.48,4.25,21.89,,
2001-05-17,,1.13,,,29.02,5.46,4.33,21.47,,
2001-05-18,,1.04,,0.377,29.9,5.41,4.37,21.23,,
2001-05-21,,1.04,,,29.96,5.41,4.37,20.76,,
2001-05-22,,1.08,,,29.75,5.42,4.34,21.35,,
2001-05-23,,1.12,,,28.85,5.41,4.29,22.08,,
2001-05-24,,1.2,,,27.97,5.52,4.32,20.57,,
2001-05-25,,1.21,,0.3111,28.08,5.52,4.31,20.6,,
2001-05-28,,,,,,,,,,
2001-05-29,,1.21,,,28.76,5.54,4.33,22.14,,
2001-05-30,,1.2,,,28.71,5.54,4.34,22.76,,
2001-05-31,,1.21,,,28.39,5.43,4.22,22.64,,
2001-06-01,3.97,1.17,,0.3178,27.88,5.39,4.22,21.59,92.6,1.0
2001-06-04,,1.16,,,28.14,5.35,4.19,21.38,,
2001-06-05,,1.17,,,27.84,5.29,4.12,19.58,,
2001-06-06,,1.15,,,27.56,5.27,4.12,20.39,,
2001-06-07,,1.19,,,27.91,5.33,4.14,19.67,,
2001-06-08,,1.21,,0.29,28.43,5.38,4.17,19.92,,
2001-06-11,,1.21,,,28.94,5.32,4.11,20.7,,
2001-06-12,,1.18,,,29.13,5.27,4.09,20.7,,
2001-06-13,,1.2,,,28.81,5.28,4.08,21.45,,
2001-06-14,,1.22,,,29.12,5.26,4.04,23.12,,
2001-06-15,,1.26,,0.3769,28.52,5.27,4.01,22.81,,
2001-06-18,,1.29,,,27.55,5.27,3.98,23.17,,
2001-06-19,,1.27,,,27.49,5.26,3.99,22.34,,
2001-06-20,,1.26,,,26.52,5.24,3.98,21.71,,
2001-06-21,,1.23,,,26.85,5.22,3.99,19.38,,
2001-06-22,,1.21,,0.3911,27.02,5.14,3.93,20.02,,
2001-06-25,,1.2,,,27.11,5.16,3.96,20.67,,
2001-06-26,,1.21,,,26.97,5.24,4.03,21.2,,
2001-06-27,,1.2,,,25.67,5.26,4.06,20.88,,
2001-06-28,,1.13,,,25.75,5.35,4.22,20.01,,
2001-06-29,,1.17,,0.1438,26.37,5.42,4.25,19.06,,
2001-07-01,3.77,,,,,,,,92.4,1.0
2001-07-02,,1.16,,,26.02,5.37,4.21,18.76,,
2001-07-03,,1.17,,,26.28,5.41,4.24,18.92,,
2001-07-04,,,,,,,,,,
2001-07-05,,1.2,,,27.07,5.44,4.24,20.09,,
2001-07-06,,1.25,,0.0985,28.1,5.41,4.16,21.63,,
2001-07-09,,1.22,,,27.63,5.37,4.15,22.48,,
2001-07-10,,1.24,,,27.22,5.32,4.08,23.25,,
2001-07-11,,1.24,,,27.07,5.31,4.07,24.01,,
2001-07-12,,1.2,,,26.85,5.27,4.07,22.09,,
2001-07-13,,1.15,,0.3922,26.57,5.27,4.12,21.14,,
2001-07-16,,1.14,,,26.02,5.21,4.07,22.91,,
2001-07-17,,1.13,,,25.33,5.22,4.09,22.61,,
2001-07-18,,1.16,,,24.65,5.12,3.96,23.6,,
2001-07-19,,1.15,,,24.65,5.13,3.98,22.51,,
2001-07-20,,1.17,,0.2846,25.67,5.15,3.98,22.34,,
2001-07-23,,1.15,,,25.88,5.13,3.98,23.74,,
2001-07-24,,1.16,,,26.18,5.13,3.97,25.24,,
2001-07-25,,1.22,,,26.71,5.2,3.98,24.0,,
2001-07-26,,1.25,,,26.74,5.19,3.94,23.01,,
2001-07-27,,1.26,,0.1372,26.98,5.13,3.87,22.0,,
2001-07-30,,1.25,,,26.6,5.11,3.86,22.69,,
2001-07-31,,1.28,,,26.7,5.07,3.79,21.62,,
2001-08-01,3.65,1.28,,,26.83,5.11,3.83,20.56,91.5,1.0
2001-08-02,,1.28,,,27.86,5.17,3.89,20.09,,
2001-08-03,,1.29,,0.0582,27.51,5.2,3.91,19.89,,
2001-08-06,,1.31,,,27.7,5.19,3.88,21.89,,
2001-08-07,,1.3,,,28.17,5.2,3.9,21.01,,
2001-08-08,,1.22,,,27.62,4.99,3.77,22.32,,
2001-08-09,,1.27,,,27.72,5.04,3.77,21.75,,
2001-08-10,,1.26,,0.0812,28.12,4.99,3.73,20.55,,
2001-08-13,,1.27,,,27.85,4.97,3.7,20.42,,
2001-08-14,,1.23,,,28.1,4.97,3.74,20.48,,
2001-08-15,,1.2,,,27.51,5.0,3.8,20.91,,
2001-08-16,,1.2,,,27.47,4.95,3.75,21.54,,
2001-08-17,,1.17,,0.2073,26.65,4.84,3.67,23.84,,
2001-08-20,,1.17,,,27.2,4.91,3.74,22.87,,
2001-08-21,,1.18,,,27.93,4.87,3.69,24.4,,
2001-08-22,,1.15,,,27.17,4.91,3.76,22.44,,
2001-08-23,,1.17,,,25.63,4.89,3.72,22.23,,
2001-08-24,,1.17,,0.2908,28.34,4.93,3.76,19.71,,
2001-08-27,,1.16,,,26.69,4.94,3.78,20.56,,
2001-08-28,,1.14,,,27.16,4.85,3.71,22.0,,
2001-08-29,,1.11,,,27.07,4.78,3.67,23.03,,
2001-08-30,,1.18,,,26.65,4.79,3.61,25.41,,
2001-08-31,,1.21,,0.1946,26.65,4.85,3.64,24.92,,
2001-09-01,3.07,,,,,,,,81.8,1.0
2001-09-03,,,,,,,,,,
2001-09-04,,1.16,,,26.94,4.99,3.83,25.85,,
2001-09-05,,1.18,,,27.03,4.97,3.79,26.35,,
2001-09-06,,1.21,,,27.54,4.86,3.65,28.61,,
2001-09-07,,1.27,,0.3103,27.99,4.8,3.53,30.99,,
2001-09-10,,1.31,,,27.66,4.84,3.53,31.84,,
2001-09-11,,,,,27.65,,,,,
2001-09-12,,,,,27.64,,,,,
2001-09-13,,1.65,,,28.58,4.64,2.99,,,
2001-09-14,,1.7,,1.4838,29.59,4.57,2.87,,,
2001-09-17,,1.67,,,28.84,4.63,2.96,41.76,,
2001-09-18,,1.76,,,27.81,4.72,2.96,38.87,,
2001-09-19,,1.88,,,26.73,4.69,2.81,40.56,,
2001-09-20,,1.84,,,26.6,4.75,2.91,43.74,,
2001-09-21,,1.79,,2.0215,25.46,4.7,2.91,42.66,,
2001-09-24,,1.79,,,21.46,4.73,2.94,37.75,,
2001-09-25,,1.84,,,21.63,4.72,2.88,35.81,,
2001-09-26,,1.83,,,22.4,4.65,2.82,35.26,,
2001-09-27,,1.8,,,22.8,4.58,2.78,34.0,,
2001-09-28,,1.74,,0.5538,23.44,4.6,2.86,31.93,,
2001-10-01,2.49,1.73,,,23.12,4.55,2.82,32.32,82.7,1.0
2001-10-02,,1.76,,,22.7,4.53,2.77,31.18,,
2001-10-03,,1.73,,,22.17,4.5,2.77,31.34,,
2001-10-04,,1.78,,,22.7,4.53,2.75,31.97,,
2001-10-05,,1.81,,1.0126,22.32,4.52,2.71,33.39,,
2001-10-08,,,,,22.25,,,35.12,,
2001-10-09,,1.88,,,22.55,4.62,2.74,34.83,,
2001-10-10,,1.83,,,22.51,4.61,2.78,31.6,,
2001-10-11,,1.81,,,23.49,4.69,2.88,31.5,,
2001-10-12,,1.87,,0.6673,22.49,4.68,2.81,35.27,,
2001-10-15,,1.84,,,22.37,4.62,2.78,35.31,,
2001-10-16,,1.82,,,22.01,4.59,2.77,32.88,,
2001-10-17,,1.79,,,21.89,4.59,2.8,35.08,,
2001-10-18,,1.81,,,21.33,4.58,2.77,34.95,,
2001-10-19,,1.86,,0.5746,21.99,4.63,2.77,34.11,,
2001-10-22,,1.84,,,21.78,4.63,2.79,32.25,,
2001-10-23,,1.85,,,21.28,4.66,2.81,32.0,,
2001-10-24,,1.89,,,22.0,4.61,2.72,30.95,,
2001-10-25,,1.93,,,21.75,4.56,2.63,29.46,,
2001-10-26,,1.9,,0.5476,22.07,4.53,2.63,28.42,,
2001-10-29,,1.95,,,22.1,4.5,2.55,31.64,,
2001-10-30,,1.96,,,21.83,4.44,2.48,33.46,,
2001-10-31,,1.86,,,21.2,4.3,2.44,33.56,,
2001-11-01,2.09,1.75,,,20.47,4.24,2.49,32.31,83.9,1.0
2001-11-02,,1.89,,0.886,20.24,4.37,2.48,30.71,,
2001-11-05,,1.85,,,20.0,4.31,2.46,30.5,,
2001-11-06,,1.93,,,19.93,4.3,2.37,28.8,,
2001-11-07,,1.9,,,20.11,4.22,2.32,29.13,,
2001-11-08,,1.9,,,21.21,4.32,2.42,28.62,,
2001-11-09,,1.89,,0.6822,22.23,4.34,2.45,27.44,,
2001-11-12,,,,,21.26,,,29.35,,
2001-11-13,,1.87,,,21.56,4.41,2.54,26.47,,
2001-11-14,,1.84,,,19.63,4.54,2.7,26.56,,
2001-11-15,,1.81,,,17.5,4.79,2.98,25.56,,
2001-11-16,,1.82,,0.1442,18.09,4.91,3.09,25.07,,
2001-11-19,,1.88,,,17.74,4.8,2.92,24.46,,
2001-11-20,,1.92,,,18.71,4.88,2.96,24.12,,
2001-11-21,,1.87,,,18.38,4.98,3.11,24.19,,
2001-11-22,,,,,,,,,,
2001-11-23,,1.84,,0.3247,,5.04,3.2,23.25,,
2001-11-26,,1.83,,,18.69,5.05,3.22,23.79,,
2001-11-27,,1.87,,,19.57,4.98,3.11,24.0,,
2001-11-28,,1.86,,,19.37,4.98,3.12,25.9,,
2001-11-29,,1.92,,,18.55,4.79,2.87,25.18,,
2001-11-30,,1.94,,0.5534,19.46,4.78,2.84,23.84,,
2001-12-01,1.82,,,,,,,,88.8,0.0
2001-12-03,,1.93,,,20.27,4.75,2.82,25.77,,
2001-12-04,,1.89,,,19.71,4.7,2.81,24.08,,
2001-12-05,,1.85,,,19.62,4.92,3.07,23.02,,
2001-12-06,,1.85,,,18.69,5.04,3.19,23.71,,
2001-12-07,,2.01,,0.6578,19.08,5.2,3.19,23.49,,
2001-12-10,,2.07,,,18.32,5.17,3.1,25.62,,
2001-12-11,,2.1,,,18.04,5.13,3.03,25.3,,
2001-12-12,,2.05,,,18.38,5.02,2.97,24.87,,
2001-12-13,,2.04,,,18.2,5.13,3.09,25.91,,
2001-12-14,,2.04,,0.6233,19.31,5.24,3.2,24.63,,
2001-12-17,,2.05,,,19.28,5.26,3.21,24.26,,
2001-12-18,,2.03,,,19.38,5.16,3.13,23.29,,
2001-12-19,,1.97,,,19.37,5.08,3.11,22.58,,
2001-12-20,,1.93,,,18.67,5.08,3.15,23.67,,
2001-12-21,,1.95,,0.6062,19.3,5.12,3.17,22.5,,
2001-12-24,,1.96,,,,5.18,3.22,22.62,,
2001-12-25,,,,,,,,,,
2001-12-26,,1.96,,,21.32,5.22,3.26,22.29,,
2001-12-27,,1.94,,,21.07,5.13,3.19,21.59,,
2001-12-28,,1.99,,0.4175,20.42,5.15,3.16,21.4,,
2001-12-31,,2.0,,,19.96,5.07,3.07,23.8,,
2002-01-01,1.73,,,,,,,,93.0,0.0
2002-01-02,,1.98,,,21.13,5.2,3.22,22.71,,
2002-01-03,,1.97,,,20.65,5.16,3.19,21.34,,
2002-01-04,,1.99,,0.3716,21.47,5.18,3.19,20.45,,
2002-01-07,,2.01,,,21.42,5.09,3.08,21.94,,
2002-01-08,,2.03,,,20.82,5.1,3.07,21.83,,
2002-01-09,,2.07,,,20.32,5.1,3.03,22.13,,
2002-01-10,,2.06,,,20.48,5.0,2.94,22.36,,
2002-01-11,,2.16,,0.3801,19.67,4.92,2.76,22.6,,
2002-01-14,,2.12,,,18.88,4.91,2.79,23.58,,
2002-01-15,,2.09,,,18.99,4.88,2.79,22.7,,
2002-01-16,,2.04,,,18.96,4.88,2.84,23.45,,
2002-01-17,,2.02,,,18.2,4.98,2.96,22.25,,
2002-01-18,,2.03,,0.4089,18.02,4.94,2.91,22.52,,
2002-01-21,,,,,,,,,,
2002-01-22,,1.99,,,18.36,4.96,2.97,23.61,,
2002-01-23,,1.98,,,19.1,5.05,3.07,21.88,,
2002-01-24,,1.92,,,19.57,5.07,3.15,21.15,,
2002-01-25,,1.93,,0.1277,19.8,5.1,3.17,21.01,,
2002-01-28,,1.93,,,20.05,5.12,3.19,21.14,,
2002-01-29,,1.97,,,19.3,5.02,3.05,24.35,,
2002-01-30,,1.96,,,19.11,5.02,3.06,23.22,,
2002-01-31,,1.91,,,19.71,5.07,3.16,21.09,,
2002-02-01,1.74,1.94,,0.3091,20.4,5.02,3.08,21.12,90.7,0.0
2002-02-04,,1.95,,,20.02,4.94,2.99,24.87,,
2002-02-05,,1.93,,,20.06,4.92,2.99,25.45,,
2002-02-06,,1.94,,,19.77,4.92,2.98,26.09,,
2002-02-07,,1.94,,,19.75,4.93,2.99,25.11,,
2002-02-08,,1.95,,0.497,20.25,4.9,2.95,23.26,,
2002-02-11,,1.96,,,21.29,4.91,2.95,21.78,,
2002-02-12,,1.93,,,20.76,4.97,3.04,21.62,,
2002-02-13,,1.92,,,21.19,5.01,3.09,20.85,,
2002-02-14,,1.88,,,21.19,4.95,3.07,21.77,,
2002-02-15,,1.89,,0.1757,21.47,4.86,2.97,22.37,,
2002-02-18,,,,,,,,,,
2002-02-19,,1.9,,,20.77,4.88,2.98,24.43,,
2002-02-20,,1.88,,,20.31,4.88,3.0,22.66,,
2002-02-21,,1.88,,,20.81,4.88,3.0,23.8,,
2002-02-22,,1.87,,0.3548,20.92,4.84,2.97,22.86,,
2002-02-25,,1.85,,,20.24,4.86,3.01,21.84,,
2002-02-26,,1.85,,,21.37,4.93,3.08,21.68,,
2002-02-27,,1.75,,,21.4,4.84,3.09,21.49,,
2002-02-28,,1.82,,,21.78,4.88,3.06,21.59,,
2002-03-01,1.73,1.8,,0.1777,22.37,4.98,3.18,19.96,95.7,0.0
2002-03-04,,1.78,,,22.55,5.02,3.24,20.5,,
2002-03-05,,1.77,,,23.18,5.02,3.25,20.3,,
2002-03-06,,1.8,,,23.32,5.06,3.26,19.94,,
2002-03-07,,1.86,,,23.62,5.22,3.36,20.04,,
2002-03-08,,1.73,,-0.0339,23.87,5.33,3.6,19.27,,
2002-03-11,,1.74,,,24.36,5.33,3.59,19.84,,
2002-03-12,,1.76,,,24.55,5.32,3.56,19.59,,
2002-03-13,,1.79,,,24.14,5.28,3.49,19.46,,
2002-03-14,,1.77,,,24.48,5.4,3.63,19.2,,
2002-03-15,,1.72,,-0.0518,24.47,5.35,3.63,18.42,,
2002-03-18,,1.65,,,25.03,5.32,3.67,18.93,,
2002-03-19,,1.69,,,25.02,5.33,3.64,18.16,,
2002-03-20,,1.69,,,24.92,5.4,3.71,18.46,,
2002-03-21,,1.66,,,25.74,5.39,3.73,18.15,,
2002-03-22,,1.63,,0.1005,25.56,5.4,3.77,17.77,,
2002-03-25,,1.63,,,25.69,5.41,3.78,18.48,,
2002-03-26,,1.67,,,25.75,5.35,3.68,18.13,,
2002-03-27,,1.69,,,25.79,5.35,3.66,17.7,,
2002-03-28,,1.7,,,26.21,5.42,3.72,17.4,,
2002-03-29,,,,0.1927,,,,,,
2002-04-01,1.75,1.7,,,26.82,5.44,3.74,18.73,93.0,0.0
2002-04-02,,1.73,,,27.75,5.36,3.63,19.16,,
2002-04-03,,1.75,,,27.55,5.3,3.55,20.2,,
2002-04-04,,1.71,,,26.64,5.28,3.57,19.78,,
2002-04-05,,1.73,,0.3142,26.21,5.22,3.49,19.13,,
2002-04-08,,1.74,,,26.16,5.25,3.51,19.61,,
2002-04-09,,1.74,,,25.45,5.22,3.48,19.47,,
2002-04-10,,1.76,,,26.15,5.24,3.48,18.19,,
2002-04-11,,1.75,,,24.93,5.22,3.47,20.3,,
2002-04-12,,1.77,,0.2846,23.51,5.18,3.41,19.42,,
2002-04-15,,1.77,,,24.53,5.15,3.38,19.82,,
2002-04-16,,1.77,,,24.92,5.2,3.43,18.11,,
2002-04-17,,1.83,,,25.94,5.24,3.41,18.43,,
2002-04-18,,1.85,,,25.86,5.23,3.38,19.29,,
2002-04-19,,1.85,,0.1482,26.43,5.21,3.36,18.3,,
2002-04-22,,1.82,,,26.28,5.19,3.37,19.77,,
2002-04-23,,1.79,,,26.28,5.18,3.39,20.28,,
2002-04-24,,1.83,,,26.28,5.11,3.28,20.77,,
2002-04-25,,1.85,,,26.36,5.1,3.25,20.95,,
2002-04-26,,1.86,,0.2211,27.12,5.08,3.22,22.14,,
2002-04-29,,1.87,,,27.45,5.13,3.26,24.05,,
2002-04-30,,1.87,,,27.32,5.11,3.24,21.91,,
2002-05-01,1.75,1.87,,,26.58,5.08,3.21,20.06,96.9,0.0
2002-05-02,,1.88,,,26.31,5.13,3.25,20.07,,
2002-05-03,,1.91,,0.0745,26.75,5.08,3.17,20.19,,
2002-05-06,,1.91,,,26.11,5.1,3.19,22.56,,
2002-05-07,,1.95,,,26.79,5.09,3.14,21.94,,
2002-05-08,,1.92,,,27.76,5.24,3.32,20.39,,
2002-05-09,,1.93,,,27.78,5.2,3.27,21.56,,
2002-05-10,,1.96,,0.165,27.92,5.15,3.19,22.41,,
2002-05-13,,1.95,,,28.62,5.23,3.28,20.72,,
2002-05-14,,1.92,,,29.17,5.32,3.4,19.35,,
2002-05-15,,1.91,,,28.17,5.28,3.37,19.19,,
2002-05-16,,1.92,,,28.0,5.2,3.28,18.5,,
2002-05-17,,1.86,,-0.0492,28.19,5.27,3.41,17.7,,
2002-05-20,,1.88,,,28.24,5.21,3.33,19.24,,
2002-05-21,,1.9,,,27.35,5.18,3.28,20.05,,
2002-05-22,,1.9,,,27.01,5.13,3.23,19.58,,
2002-05-23,,1.88,,,26.6,5.16,3.28,18.23,,
2002-05-24,,1.88,,0.1865,26.69,5.16,3.28,18.9,,
2002-05-27,,,,,,,,,,
2002-05-28,,1.86,,,25.08,5.16,3.3,20.31,,
2002-05-29,,1.87,,,25.64,5.11,3.24,20.39,,
2002-05-30,,1.89,,,24.78,5.06,3.17,20.61,,
2002-05-31,,1.86,,0.1572,25.37,5.08,3.22,19.98,,
2002-06-01,1.75,,,,,,,,92.4,0.0
2002-06-03,,1.87,,,25.1,5.06,3.19,23.37,,
2002-06-04,,1.91,,,25.32,5.04,3.13,23.89,,
2002-06-05,,1.92,,,25.02,5.08,3.16,22.61,,
2002-06-06,,1.91,,,24.89,5.04,3.13,24.16,,
2002-06-07,,1.94,,0.3433,24.72,5.1,3.16,23.51,,
2002-06-10,,1.92,,,24.24,5.07,3.15,23.72,,
2002-06-11,,1.93,,,24.21,5.02,3.09,24.45,,
2002-06-12,,1.93,,,24.79,4.98,3.05,24.15,,
2002-06-13,,1.94,,,25.54,4.94,3.0,25.02,,
2002-06-14,,1.91,,0.4492,25.9,4.83,2.92,25.96,,
2002-06-17,,1.93,,,25.98,4.89,2.96,24.64,,
2002-06-18,,1.95,,,25.36,4.88,2.93,24.24,,
2002-06-19,,1.95,,,25.57,4.76,2.81,26.06,,
2002-06-20,,1.92,,,25.62,4.85,2.93,27.48,,
2002-06-21,,1.91,,0.4833,25.51,4.79,2.88,27.23,,
2002-06-24,,1.94,,,26.31,4.87,2.93,26.98,,
2002-06-25,,1.96,,,26.06,4.88,2.92,27.84,,
2002-06-26,,1.98,,,26.67,4.75,2.77,28.42,,
2002-06-27,,1.99,,,26.77,4.84,2.85,26.29,,
2002-06-28,,1.96,,0.8226,26.79,4.86,2.9,25.4,,
2002-07-01,1.73,1.97,,,26.79,4.85,2.88,27.11,88.1,0.0
2002-07-02,,1.99,,,26.83,4.77,2.78,28.96,,
2002-07-03,,2.0,,,26.82,4.78,2.78,29.42,,
2002-07-04,,,,,,,,,,
2002-07-05,,2.0,,0.5813,,4.9,2.9,27.11,,
2002-07-08,,2.0,,,26.14,4.84,2.84,28.25,,
2002-07-09,,2.04,,,26.16,4.78,2.74,30.22,,
2002-07-10,,2.05,,,26.73,4.66,2.61,34.1,,
2002-07-11,,2.05,,,27.01,4.66,2.61,33.85,,
2002-07-12,,2.07,,0.7251,27.48,4.63,2.56,32.94,,
2002-07-15,,2.11,,,27.23,4.66,2.55,35.03,,
2002-07-16,,2.09,,,27.68,4.75,2.66,36.65,,
2002-07-17,,2.08,,,27.88,4.71,2.63,35.45,,
2002-07-18,,2.11,,,27.5,4.66,2.55,35.12,,
2002-07-19,,2.13,,0.8389,27.83,4.61,2.48,38.17,,
2002-07-22,,2.11,,,26.61,4.51,2.4,41.87,,
2002-07-23,,2.13,,,26.61,4.47,2.34,44.92,,
2002-07-24,,2.11,,,26.78,4.49,2.38,39.86,,
2002-07-25,,2.15,,,26.67,4.43,2.28,39.27,,
2002-07-26,,2.23,,1.3424,26.55,4.43,2.2,35.51,,
2002-07-29,,2.21,,,26.54,4.62,2.41,31.33,,
2002-07-30,,2.21,,,27.43,4.65,2.44,31.92,,
2002-07-31,,2.28,,,27.02,4.51,2.23,32.03,,
2002-08-01,1.74,2.32,,,26.51,4.47,2.15,36.95,87.6,0.0
2002-08-02,,2.34,,0.7218,26.87,4.33,1.99,41.29,,
2002-08-05,,2.36,,,26.55,4.29,1.93,45.08,,
2002-08-06,,2.31,,,27.18,4.42,2.11,42.03,,
2002-08-07,,2.37,,,26.58,4.35,1.98,38.73,,
2002-08-08,,2.3,,,26.67,4.4,2.1,36.33,,
2002-08-09,,2.17,,1.1297,26.87,4.27,2.1,35.33,,
2002-08-12,,2.12,,,27.84,4.22,2.1,37.05,,
2002-08-13,,2.12,,,28.35,4.12,2.0,35.82,,
2002-08-14,,1.94,,,28.19,4.06,2.12,32.36,,
2002-08-15,,1.95,,,28.99,4.17,2.22,29.43,,
2002-08-16,,2.04,,0.8508,29.24,4.32,2.28,28.81,,
2002-08-19,,2.04,,,29.86,4.29,2.25,28.61,,
2002-08-20,,2.05,,,30.12,4.17,2.12,29.59,,
2002-08-21,,2.08,,,30.37,4.2,2.12,28.23,,
2002-08-22,,2.08,,,30.11,4.3,2.22,27.75,,
2002-08-23,,2.06,,0.652,29.99,4.25,2.19,29.32,,
2002-08-26,,2.03,,,29.23,4.22,2.19,29.89,,
2002-08-27,,2.03,,,28.84,4.29,2.26,30.11,,
2002-08-28,,1.99,,,28.31,4.22,2.23,33.32,,
2002-08-29,,2.02,,,28.83,4.16,2.14,33.67,,
2002-08-30,,2.0,,0.6288,28.97,4.14,2.14,32.64,,
2002-09-01,1.75,,,,,,,,86.1,0.0
2002-09-02,,,,,,,,,,
2002-09-03,,1.97,,,27.76,3.98,2.01,39.97,,
2002-09-04,,1.94,,,28.28,3.96,2.02,37.44,,
2002-09-05,,1.96,,,29.06,3.91,1.95,38.86,,
2002-09-06,,1.97,,1.1629,29.51,4.05,2.08,36.33,,
2002-09-09,,1.92,,,29.8,4.05,2.13,36.45,,
2002-09-10,,1.88,,,29.62,4.0,2.12,35.08,,
2002-09-11,,1.89,,,29.77,4.07,2.18,34.81,,
2002-09-12,,1.86,,,28.95,3.98,2.12,37.5,,
2002-09-13,,1.85,,0.7892,29.83,3.92,2.07,35.82,,
2002-09-16,,1.83,,,29.14,3.9,2.07,36.74,,
2002-09-17,,1.81,,,29.08,3.87,2.06,38.01,,
2002-09-18,,1.82,,,29.57,3.86,2.04,37.52,,
2002-09-19,,1.86,,,29.49,3.79,1.93,40.65,,
2002-09-20,,1.85,,1.1165,29.65,3.79,1.94,38.98,,
2002-09-23,,1.77,,,30.85,3.7,1.93,39.68,,
2002-09-24,,1.76,,,30.79,3.69,1.93,40.52,,
2002-09-25,,1.77,,,30.69,3.77,2.0,37.33,,
2002-09-26,,1.82,,,30.31,3.79,1.97,34.6,,
2002-09-27,,1.87,,1.268,30.53,3.69,1.82,36.97,,
2002-09-30,,1.91,,,30.59,3.63,1.72,39.69,,
2002-10-01,1.75,1.92,,,30.71,3.72,1.8,34.12,80.6,0.0
2002-10-02,,1.96,,,30.59,3.71,1.75,36.83,,
2002-10-03,,1.95,,,29.73,3.7,1.75,37.31,,
2002-10-04,,1.91,,1.0854,29.65,3.69,1.78,39.46,,
2002-10-07,,1.87,,,29.65,3.64,1.77,42.64,,
2002-10-08,,1.85,,,29.56,3.65,1.8,41.02,,
2002-10-09,,1.89,,,29.31,3.61,1.72,42.13,,
2002-10-10,,1.93,,,28.96,3.68,1.75,37.55,,
2002-10-11,,1.98,,1.3713,29.36,3.83,1.85,35.7,,
2002-10-14,,,,,30.06,,,36.04,,
2002-10-15,,1.99,,,29.73,4.07,2.08,34.02,,
2002-10-16,,2.04,,,29.28,4.06,2.02,36.0,,
2002-10-17,,2.06,,,29.61,4.16,2.1,34.1,,
2002-10-18,,2.05,,0.5212,29.56,4.14,2.09,33.53,,
2002-10-21,,2.01,,,28.31,4.24,2.23,33.11,,
2002-10-22,,2.06,,,27.93,4.27,2.21,34.09,,
2002-10-23,,2.06,,,28.19,4.26,2.2,33.2,,
2002-10-24,,2.07,,,27.87,4.16,2.09,34.03,,
2002-10-25,,2.14,,0.7856,27.09,4.12,1.98,30.0,,
2002-10-28,,2.22,,,27.25,4.1,1.88,31.07,,
2002-10-29,,2.18,,,26.81,3.97,1.79,32.27,,
2002-10-30,,2.25,,,26.85,3.99,1.74,31.23,,
2002-10-31,,2.25,,,27.18,3.93,1.68,31.14,,
2002-11-01,1.34,2.25,,1.0721,27.04,4.01,1.76,29.3,84.2,0.0
2002-11-04,,2.28,,,26.89,4.07,1.79,30.82,,
2002-11-05,,2.28,,,26.06,4.1,1.82,31.23,,
2002-11-06,,2.22,,,25.72,4.09,1.87,30.73,,
2002-11-07,,2.02,,,25.36,3.88,1.86,31.42,,
2002-11-08,,1.98,,0.8905,25.83,3.85,1.87,29.41,,
2002-11-11,,,,,26.02,,,31.3,,
2002-11-12,,2.05,,,26.19,3.84,1.79,30.58,,
2002-11-13,,2.08,,,25.28,3.84,1.76,31.24,,
2002-11-14,,2.14,,,25.4,4.03,1.89,28.67,,
2002-11-15,,2.14,,0.8157,25.5,4.05,1.91,26.65,,
2002-11-18,,2.11,,,26.71,4.02,1.91,27.66,,
2002-11-19,,2.08,,,26.41,3.99,1.91,27.41,,
2002-11-20,,2.1,,,27.0,4.08,1.98,25.32,,
2002-11-21,,2.09,,,27.07,4.14,2.05,23.81,,
2002-11-22,,2.08,,0.3153,27.73,4.18,2.1,23.16,,
2002-11-25,,2.1,,,27.01,4.19,2.09,24.07,,
2002-11-26,,2.11,,,26.6,4.08,1.97,25.97,,
2002-11-27,,2.13,,,26.87,4.26,2.13,27.25,,
2002-11-28,,,,,,,,,,
2002-11-29,,2.14,,0.4877,,4.22,2.08,27.5,,
2002-12-01,1.24,,,,,,,,86.7,0.0
2002-12-02,,2.15,,,27.27,4.22,2.07,27.46,,
2002-12-03,,2.16,,,27.34,4.24,2.08,28.33,,
2002-12-04,,2.16,,,26.8,4.18,2.02,28.92,,
2002-12-05,,2.16,,,27.27,4.13,1.97,30.1,,
2002-12-06,,2.2,,0.6954,27.03,4.09,1.89,28.88,,
2002-12-09,,2.18,,,27.29,4.06,1.88,30.78,,
2002-12-10,,2.16,,,27.73,4.06,1.9,28.76,,
2002-12-11,,2.16,,,27.49,4.01,1.85,27.76,,
2002-12-12,,2.16,,,28.2,4.01,1.85,27.29,,
2002-12-13,,2.2,,0.7172,28.39,4.07,1.87,28.18,,
2002-12-16,,2.21,,,30.15,4.15,1.94,26.24,,
2002-12-17,,2.24,,,30.04,4.13,1.89,26.66,,
2002-12-18,,2.25,,,30.41,4.06,1.81,28.29,,
2002-12-19,,2.22,,,30.57,3.96,1.74,30.21,,
2002-12-20,,2.21,,0.48,30.57,3.97,1.76,26.71,,
2002-12-23,,2.19,,,32.09,3.98,1.79,26.2,,
2002-12-24,,2.22,,,32.13,3.95,1.73,26.49,,
2002-12-25,,,,,,,,,,
2002-12-26,,2.23,,,32.61,3.93,1.7,27.37,,
2002-12-27,,2.23,,0.7572,32.68,3.83,1.6,29.55,,
2002-12-30,,2.21,,,31.41,3.82,1.61,29.62,,
2002-12-31,,2.22,,,31.21,3.83,1.61,28.62,,
2003-01-01,1.24,,,,,,,,82.4,0.0
2003-01-02,,2.27,,,31.97,4.07,1.8,25.39,,
2003-01-03,,2.26,,0.6977,33.26,4.05,1.79,24.68,,
2003-01-06,,2.25,,,32.29,4.09,1.84,24.91,,
2003-01-07,,2.27,,,31.2,4.04,1.77,25.13,,
2003-01-08,,2.29,,,30.66,4.0,1.71,25.53,,
2003-01-09,,2.32,,,31.95,4.19,1.87,24.25,,
2003-01-10,,2.37,,0.2332,31.59,4.16,1.79,24.32,,
2003-01-13,,2.34,,,32.08,4.15,1.81,24.9,,
2003-01-14,,2.34,,,32.42,4.1,1.76,24.57,,
2003-01-15,,2.35,,,33.23,4.1,1.75,25.51,,
2003-01-16,,2.35,,,33.58,4.1,1.75,25.01,,
2003-01-17,,2.35,,0.4492,33.88,4.05,1.7,25.7,,
2003-01-20,,,,,,,,,,
2003-01-21,,2.34,,,34.62,4.01,1.67,27.59,,
2003-01-22,,2.29,,,34.32,3.95,1.66,29.01,,
2003-01-23,,2.29,,,33.9,3.98,1.69,27.53,,
2003-01-24,,2.28,,0.746,34.98,3.94,1.66,31.51,,
2003-01-27,,2.28,,,32.43,3.98,1.7,34.69,,
2003-01-28,,2.3,,,32.7,4.0,1.7,31.93,,
2003-01-29,,2.29,,,33.54,4.06,1.77,31.26,,
2003-01-30,,2.3,,,33.78,4.0,1.7,31.32,,
2003-01-31,,2.28,,0.7028,33.51,4.0,1.72,31.17,,
2003-02-01,1.26,,,,,,,,79.9,0.0
2003-02-03,,2.29,,,32.84,4.01,1.72,31.02,,
2003-02-04,,2.28,,,33.61,3.96,1.68,32.76,,
2003-02-05,,2.29,,,33.91,4.02,1.73,33.04,,
2003-02-06,,2.29,,,34.36,3.97,1.68,33.35,,
2003-02-07,,2.33,,0.7485,35.05,3.96,1.63,34.01,,
2003-02-10,,2.31,,,34.46,3.99,1.68,33.99,,
2003-02-11,,2.33,,,35.43,3.98,1.65,33.68,,
2003-02-12,,2.31,,,35.83,3.93,1.62,34.33,,
2003-02-13,,2.32,,,36.63,3.89,1.57,33.7,,
2003-02-14,,2.33,,0.6929,36.61,3.95,1.62,32.62,,
2003-02-17,,,,,,,,,,
2003-02-18,,2.28,,,36.88,3.94,1.66,31.11,,
2003-02-19,,2.27,,,37.02,3.88,1.61,31.31,,
2003-02-20,,2.26,,,36.45,3.85,1.59,31.16,,
2003-02-21,,2.27,,0.4518,36.76,3.9,1.63,30.25,,
2003-02-24,,2.26,,,37.29,3.86,1.6,31.98,,
2003-02-25,,2.23,,,36.06,3.81,1.58,31.74,,
2003-02-26,,2.21,,,37.96,3.78,1.57,31.94,,
2003-02-27,,2.18,,,36.83,3.76,1.58,30.53,,
2003-02-28,,2.18,,0.4363,36.76,3.71,1.53,29.63,,
2003-03-01,1.25,,,,,,,,77.6,0.0
2003-03-03,,2.16,,,36.1,3.68,1.52,30.43,,
2003-03-04,,2.16,,,36.95,3.65,1.49,31.83,,
2003-03-05,,2.17,,,36.86,3.63,1.46,30.38,,
2003-03-06,,2.2,,,37.21,3.67,1.47,31.37,,
2003-03-07,,2.24,,0.5162,37.76,3.63,1.39,31.08,,
2003-03-10,,2.24,,,37.18,3.59,1.35,33.31,,
2003-03-11,,2.22,,,36.81,3.6,1.38,33.61,,
2003-03-12,,2.15,,,37.87,3.6,1.45,33.51,,
2003-03-13,,2.15,,,36.05,3.74,1.59,31.76,,
2003-03-14,,2.16,,0.5641,35.41,3.72,1.56,30.98,,
2003-03-17,,2.19,,,34.92,3.82,1.63,31.75,,
2003-03-18,,2.19,,,31.55,3.91,1.72,30.43,,
2003-03-19,,2.26,,,30.01,3.98,1.72,31.54,,
2003-03-20,,2.26,,,28.62,4.01,1.75,30.44,,
2003-03-21,,2.31,,0.1949,27.18,4.11,1.8,28.67,,
2003-03-24,,2.27,,,29.51,3.98,1.71,30.39,,
2003-03-25,,2.28,,,33.42,3.97,1.69,28.75,,
2003-03-26,,2.28,,,28.71,3.96,1.68,28.23,,
2003-03-27,,2.33,,,30.31,3.95,1.62,27.96,,
2003-03-28,,2.36,,0.4215,30.21,3.92,1.56,27.75,,
2003-03-31,,2.32,,,31.14,3.83,1.51,29.15,,
2003-04-01,1.26,2.34,,,29.48,3.84,1.5,28.36,86.0,0.0
2003-04-02,,2.34,,,28.55,3.94,1.6,28.02,,
2003-04-03,,2.38,,,29.05,3.93,1.55,28.21,,
2003-04-04,,2.41,,0.3413,28.41,3.96,1.55,29.13,,
2003-04-07,,2.38,,,27.76,4.03,1.65,28.45,,
2003-04-08,,2.36,,,27.97,3.95,1.59,27.13,,
2003-04-09,,2.38,,,28.93,3.93,1.55,27.11,,
2003-04-10,,2.35,,,27.2,3.95,1.6,25.6,,
2003-04-11,,2.35,,0.2028,28.28,4.0,1.65,24.44,,
2003-04-14,,2.3,,,28.41,4.04,1.74,23.41,,
2003-04-15,,2.29,,,29.46,3.98,1.69,22.56,,
2003-04-16,,2.29,,,29.16,3.96,1.67,22.52,,
2003-04-17,,2.27,,,30.1,3.98,1.71,21.5,,
2003-04-18,,,,0.0235,,,,,,
2003-04-21,,2.29,,,30.76,4.0,1.71,21.95,,
2003-04-22,,2.31,,,29.92,4.01,1.7,20.7,,
2003-04-23,,2.32,,,28.04,4.02,1.7,20.8,,
2003-04-24,,2.31,,,27.52,3.93,1.62,20.33,,
2003-04-25,,2.34,,0.0321,25.92,3.91,1.57,20.8,,
2003-04-28,,2.33,,,25.25,3.92,1.59,20.84,,
2003-04-29,,2.34,,,25.32,3.96,1.62,20.76,,
2003-04-30,,2.38,,,26.09,3.89,1.51,21.21,,
2003-05-01,1.26,2.38,,,26.05,3.88,1.5,21.59,92.1,0.0
2003-05-02,,2.38,,-0.0002,25.74,3.94,1.56,20.63,,
2003-05-05,,2.37,,,26.43,3.92,1.55,21.13,,
2003-05-06,,2.39,,,25.65,3.84,1.45,20.8,,
2003-05-07,,2.27,,,26.24,3.72,1.45,21.0,,
2003-05-08,,2.21,,,26.94,3.7,1.49,21.24,,
2003-05-09,,2.24,,0.0441,27.65,3.69,1.45,19.69,,
2003-05-12,,2.18,,,27.34,3.64,1.46,19.52,,
2003-05-13,,2.16,,,28.51,3.63,1.47,19.91,,
2003-05-14,,2.12,,,29.21,3.53,1.41,20.0,,
2003-05-15,,2.07,,,28.57,3.53,1.46,19.24,,
2003-05-16,,2.08,,0.1795,29.07,3.46,1.38,18.4,,
2003-05-19,,2.11,,,28.84,3.46,1.35,20.51,,
2003-05-20,,2.07,,,29.29,3.38,1.31,21.29,,
2003-05-21,,2.01,,,29.51,3.39,1.38,21.21,,
2003-05-22,,1.98,,,29.09,3.34,1.36,19.78,,
2003-05-23,,1.96,,0.4299,29.74,3.34,1.38,19.17,,
2003-05-26,,,,,,,,,,
2003-05-27,,2.08,,,29.24,3.41,1.33,19.99,,
2003-05-28,,2.09,,,28.46,3.44,1.35,20.03,,
2003-05-29,,2.04,,,29.15,3.34,1.3,20.43,,
2003-05-30,,2.04,,0.208,29.56,3.37,1.33,19.47,,
2003-06-01,1.22,,,,,,,,89.7,0.0
2003-06-02,,2.1,,,30.72,3.43,1.33,20.85,,
2003-06-03,,2.14,,,30.78,3.34,1.2,20.84,,
2003-06-04,,2.1,,,29.81,3.3,1.2,20.62,,
2003-06-05,,2.09,,,30.84,3.34,1.25,20.83,,
2003-06-06,,2.1,,0.1377,31.26,3.37,1.27,21.25,,
2003-06-09,,2.1,,,31.36,3.29,1.19,22.15,,
2003-06-10,,2.07,,,31.72,3.2,1.13,20.64,,
2003-06-11,,2.05,,,32.17,3.21,1.16,20.21,,
2003-06-12,,2.05,,,31.41,3.18,1.13,20.41,,
2003-06-13,,2.03,,0.2044,30.63,3.13,1.1,20.66,,
2003-06-16,,2.0,,,31.14,3.18,1.18,20.22,,
2003-06-17,,2.02,,,31.08,3.27,1.25,20.01,,
2003-06-18,,2.1,,,30.28,3.37,1.27,19.76,,
2003-06-19,,2.18,,,29.86,3.35,1.17,19.8,,
2003-06-20,,2.18,,0.0244,30.63,3.4,1.22,19.14,,
2003-06-23,,2.15,,,30.22,3.32,1.17,20.58,,
2003-06-24,,2.15,,,30.05,3.29,1.14,20.75,,
2003-06-25,,2.08,,,31.65,3.38,1.3,20.81,,
2003-06-26,,2.14,,,28.97,3.55,1.41,19.4,,
2003-06-27,,2.2,,0.2459,29.18,3.58,1.38,19.16,,
2003-06-30,,2.22,,,30.15,3.54,1.32,19.52,,
2003-07-01,1.01,2.26,,,30.41,3.56,1.3,19.46,90.9,0.0
2003-07-02,,2.26,,,30.29,3.56,1.3,19.03,,
2003-07-03,,2.35,,,30.39,3.67,1.32,19.39,,
2003-07-04,,,,0.1994,,,,,,
2003-07-07,,2.38,,,30.08,3.74,1.36,20.06,,
2003-07-08,,2.36,,,30.32,3.75,1.39,19.48,,
2003-07-09,,2.36,,,30.87,3.73,1.37,18.93,,
2003-07-10,,2.37,,,31.04,3.7,1.33,19.19,,
2003-07-11,,2.37,,0.0618,31.33,3.66,1.29,18.47,,
2003-07-14,,2.39,,,31.2,3.74,1.35,19.59,,
2003-07-15,,2.49,,,31.6,3.94,1.45,19.55,,
2003-07-16,,2.48,,,31.2,3.97,1.49,19.76,,
2003-07-17,,2.51,,,31.44,3.98,1.47,20.22,,
2003-07-18,,2.49,,-0.0852,31.96,4.0,1.51,19.11,,
2003-07-21,,2.58,,,31.67,4.19,1.61,19.78,,
2003-07-22,,2.6,,,30.2,4.17,1.57,19.17,,
2003-07-23,,2.58,,,30.13,4.12,1.54,18.64,,
2003-07-24,,2.66,,,30.72,4.2,1.54,18.6,,
2003-07-25,,2.7,,-0.0582,30.31,4.22,1.52,17.75,,
2003-07-28,,2.7,,,29.98,4.31,1.61,18.36,,
2003-07-29,,2.75,,,30.21,4.42,1.67,18.67,,
2003-07-30,,2.7,,,30.69,4.34,1.64,18.85,,
2003-07-31,,2.69,,,30.56,4.49,1.8,19.49,,
2003-08-01,1.03,2.59,,0.0985,32.23,4.44,1.85,20.75,89.3,0.0
2003-08-04,,2.64,,,31.8,4.35,1.71,21.27,,
2003-08-05,,2.59,,,32.34,4.47,1.88,22.68,,
2003-08-06,,2.54,,,31.77,4.32,1.78,21.5,,
2003-08-07,,2.56,,,32.41,4.3,1.74,20.26,,
2003-08-08,,2.55,,0.3888,32.23,4.27,1.72,19.59,,
2003-08-11,,2.57,,,31.91,4.38,1.81,19.75,,
2003-08-12,,2.66,,,31.91,4.37,1.71,17.94,,
2003-08-13,,2.72,,,30.85,4.58,1.86,18.77,,
2003-08-14,,2.69,,,30.85,4.55,1.86,18.47,,
2003-08-15,,2.7,,-0.023,31.01,4.55,1.85,18.27,,
2003-08-18,,2.62,,,30.81,4.49,1.87,18.18,,
2003-08-19,,2.57,,,30.76,4.38,1.81,17.86,,
2003-08-20,,2.61,,,30.96,4.45,1.84,17.82,,
2003-08-21,,2.55,,,31.78,4.53,1.98,17.84,,
2003-08-22,,2.51,,-0.0132,31.64,4.48,1.97,18.55,,
2003-08-25,,2.51,,,31.43,4.53,2.02,19.53,,
2003-08-26,,2.54,,,32.01,4.5,1.96,19.49,,
2003-08-27,,2.49,,,31.18,4.54,2.05,19.13,,
2003-08-28,,2.49,,,31.41,4.42,1.93,18.48,,
2003-08-29,,2.5,,-0.1288,31.76,4.45,1.95,18.63,,
2003-09-01,1.01,,,,,,,,87.7,0.0
2003-09-02,,2.57,,,29.57,4.61,2.04,19.02,,
2003-09-03,,2.58,,,29.43,4.6,2.02,19.44,,
2003-09-04,,2.61,,,28.87,4.52,1.91,18.71,,
2003-09-05,,2.63,,-0.062,28.93,4.35,1.72,18.17,,
2003-09-08,,2.66,,,28.85,4.41,1.75,18.26,,
2003-09-09,,2.66,,,29.22,4.37,1.71,18.85,,
2003-09-10,,2.64,,,29.41,4.28,1.64,20.01,,
2003-09-11,,2.64,,,28.86,4.35,1.71,19.25,,
2003-09-12,,2.61,,0.048,28.26,4.27,1.66,18.68,,
2003-09-15,,2.65,,,28.15,4.28,1.63,19.28,,
2003-09-16,,2.66,,,27.6,4.29,1.63,18.03,,
2003-09-17,,2.57,,,27.0,4.2,1.63,18.15,,
2003-09-18,,2.51,,,27.26,4.19,1.68,17.57,,
2003-09-19,,2.47,,-0.1651,26.93,4.17,1.7,17.54,,
2003-09-22,,2.56,,,26.97,4.26,1.7,19.65,,
2003-09-23,,2.56,,,27.0,4.24,1.68,19.47,,
2003-09-24,,2.5,,,28.19,4.16,1.66,21.22,,
2003-09-25,,2.47,,,28.29,4.12,1.65,22.26,,
2003-09-26,,2.44,,-0.0558,28.21,4.04,1.6,22.23,,
2003-09-29,,2.48,,,28.35,4.09,1.61,21.67,,
2003-09-30,,2.46,,,29.19,3.96,1.5,22.72,,
2003-10-01,1.01,2.49,,,29.43,3.96,1.47,21.07,89.6,0.0
2003-10-02,,2.55,,,29.83,4.03,1.48,20.8,,
2003-10-03,,2.56,,0.0485,30.37,4.21,1.65,19.5,,
2003-10-06,,2.57,,,30.4,4.17,1.6,19.51,,
2003-10-07,,2.6,,,30.48,4.27,1.67,19.41,,
2003-10-08,,2.62,,,29.6,4.27,1.65,19.18,,
2003-10-09,,2.63,,,30.97,4.32,1.69,18.82,,
2003-10-10,,2.64,,-0.2566,32.01,4.29,1.65,18.45,,
2003-10-13,,,,,31.91,,,17.55,,
2003-10-14,,2.64,,,31.68,4.37,1.73,17.37,,
2003-10-15,,2.64,,,31.74,4.43,1.79,17.69,,
2003-10-16,,2.51,,,31.51,4.47,1.96,17.19,,
2003-10-17,,2.51,,-0.4303,30.61,4.41,1.9,17.62,,
2003-10-20,,2.53,,,30.37,4.41,1.88,17.04,,
2003-10-21,,2.49,,,30.19,4.38,1.89,16.55,,
2003-10-22,,2.49,,,30.0,4.29,1.8,17.67,,
2003-10-23,,2.5,,,30.31,4.34,1.84,17.68,,
2003-10-24,,2.48,,-0.1581,29.99,4.24,1.76,17.71,,
2003-10-27,,2.47,,,29.95,4.3,1.83,18.05,,
2003-10-28,,2.52,,,29.57,4.23,1.71,16.82,,
2003-10-29,,2.52,,,28.95,4.31,1.79,16.43,,
2003-10-30,,2.5,,,28.67,4.36,1.86,16.33,,
2003-10-31,,2.48,,-0.3032,29.24,4.33,1.85,16.1,,
2003-11-01,1.0,,,,,,,,93.7,0.0
2003-11-03,,2.5,,,28.81,4.4,1.9,16.55,,
2003-11-04,,2.47,,,28.86,4.33,1.86,16.55,,
2003-11-05,,2.44,,,30.29,4.38,1.94,16.86,,
2003-11-06,,2.44,,,30.25,4.45,2.01,16.74,,
2003-11-07,,2.44,,-0.3869,30.73,4.48,2.04,16.93,,
2003-11-10,,2.43,,,31.01,4.49,2.06,17.62,,
2003-11-11,,,,,31.21,,,17.54,,
2003-11-12,,2.39,,,31.37,4.44,2.05,16.75,,
2003-11-13,,2.38,,,31.89,4.3,1.92,16.47,,
2003-11-14,,2.38,,-0.2698,32.31,4.22,1.84,16.94,,
2003-11-17,,2.38,,,31.75,4.18,1.8,18.6,,
2003-11-18,,2.34,,,33.16,4.17,1.83,19.11,,
2003-11-19,,2.34,,,32.84,4.24,1.9,18.8,,
2003-11-20,,2.33,,,32.87,4.16,1.83,19.48,,
2003-11-21,,2.31,,-0.1182,32.26,4.15,1.84,18.98,,
2003-11-24,,2.29,,,29.99,4.23,1.94,17.44,,
2003-11-25,,2.3,,,30.02,4.19,1.89,16.71,,
2003-11-26,,2.28,,,30.33,4.25,1.97,16.23,,
2003-11-27,,,,,,,,,,
2003-11-28,,2.28,,-0.4399,,4.34,2.06,16.32,,
2003-12-01,0.98,2.28,,,29.89,4.4,2.12,16.77,92.6,0.0
2003-12-02,,2.31,,,30.74,4.38,2.07,16.27,,
2003-12-03,,2.32,,,30.61,4.41,2.09,16.63,,
2003-12-04,,2.32,,,31.24,4.38,2.06,16.3,,
2003-12-05,,2.35,,-0.3375,30.68,4.23,1.88,17.09,,
2003-12-08,,2.35,,,32.08,4.29,1.94,16.54,,
2003-12-09,,2.35,,,31.72,4.32,1.97,17.63,,
2003-12-10,,2.36,,,31.92,4.3,1.94,17.87,,
2003-12-11,,2.44,,,32.01,4.27,1.83,16.73,,
2003-12-12,,2.42,,-0.2856,33.06,4.26,1.84,16.41,,
2003-12-15,,2.4,,,33.17,4.28,1.88,17.23,,
2003-12-16,,2.41,,,32.94,4.24,1.83,15.93,,
2003-12-17,,2.36,,,33.36,4.19,1.83,15.58,,
2003-12-18,,2.31,,,33.72,4.16,1.85,16.16,,
2003-12-19,,2.33,,-0.2838,32.81,4.15,1.82,16.42,,
2003-12-22,,2.34,,,31.71,4.18,1.84,16.94,,
2003-12-23,,2.32,,,32.03,4.28,1.96,16.49,,
2003-12-24,,2.37,,,32.99,4.2,1.83,16.66,,
2003-12-25,,,,,,,,,,
2003-12-26,,2.35,,-0.2757,,4.17,1.82,17.45,,
2003-12-29,,2.38,,,32.51,4.24,1.86,17.09,,
2003-12-30,,2.43,,,33.01,4.29,1.86,17.68,,
2003-12-31,,2.43,,,32.51,4.27,1.84,18.31,,
2004-01-01,1.0,,,,,,,,103.8,0.0
2004-01-02,,2.44,,-0.3367,,4.38,1.94,18.22,,
2004-01-05,,2.46,,,33.71,4.41,1.95,17.49,,
2004-01-06,,2.45,,,33.54,4.29,1.84,16.73,,
2004-01-07,,2.43,,,33.57,4.27,1.84,15.5,,
2004-01-08,,2.42,,,34.27,4.27,1.85,15.61,,
2004-01-09,,2.43,,-0.4091,34.38,4.11,1.68,16.75,,
2004-01-12,,2.43,,,34.92,4.11,1.68,16.82,,
2004-01-13,,2.42,,,34.26,4.05,1.63,18.04,,
2004-01-14,,2.36,,,34.62,4.01,1.65,16.75,,
2004-01-15,,2.32,,,33.61,3.99,1.67,15.56,,
2004-01-16,,2.34,,-0.3762,35.16,4.04,1.7,15.0,,
2004-01-19,,,,,,,,,,
2004-01-20,,2.39,,,36.21,4.08,1.69,15.21,,
2004-01-21,,2.36,,,35.53,4.05,1.69,14.34,,
2004-01-22,,2.33,,,35.12,3.99,1.66,14.71,,
2004-01-23,,2.38,,-0.4926,34.94,4.09,1.71,14.84,,
2004-01-26,,2.41,,,34.41,4.16,1.75,14.55,,
2004-01-27,,2.41,,,33.99,4.11,1.7,15.35,,
2004-01-28,,2.35,,,33.63,4.22,1.87,16.78,,
2004-01-29,,2.34,,,32.86,4.22,1.88,17.14,,
2004-01-30,,2.32,,-0.4391,33.16,4.16,1.84,16.63,,
2004-02-01,1.01,,,,,,,,94.4,0.0
2004-02-02,,2.35,,,34.02,4.18,1.83,17.11,,
2004-02-03,,2.35,,,34.2,4.13,1.78,17.34,,
2004-02-04,,2.35,,,33.06,4.15,1.8,17.87,,
2004-02-05,,2.35,,,33.26,4.2,1.85,17.71,,
2004-02-06,,2.35,,-0.4175,32.49,4.12,1.77,16.0,,
2004-02-09,,2.33,,,32.91,4.09,1.76,16.39,,
2004-02-10,,2.31,,,34.03,4.13,1.82,15.94,,
2004-02-11,,2.32,,,33.93,4.05,1.73,15.39,,
2004-02-12,,2.35,,,34.03,4.1,1.75,15.31,,
2004-02-13,,2.35,,-0.4969,34.51,4.05,1.7,15.58,,
2004-02-16,,,,,,,,,,
2004-02-17,,2.35,,,35.13,4.05,1.7,15.4,,
2004-02-18,,2.33,,,35.42,4.05,1.72,15.59,,
2004-02-19,,2.35,,,35.81,4.05,1.7,15.8,,
2004-02-20,,2.35,,-0.5411,35.8,4.1,1.75,16.04,,
2004-02-23,,2.36,,,35.75,4.05,1.69,16.29,,
2004-02-24,,2.35,,,35.85,4.04,1.69,15.9,,
2004-02-25,,2.35,,,37.28,4.02,1.67,14.93,,
2004-02-26,,2.36,,,35.45,4.05,1.69,14.83,,
2004-02-27,,2.33,,-0.5726,36.08,3.99,1.66,14.55,,
2004-03-01,1.0,2.33,,,36.85,4.0,1.67,14.44,95.8,0.0
2004-03-02,,2.31,,,36.6,4.05,1.74,14.86,,
2004-03-03,,2.33,,,35.8,4.07,1.74,14.55,,
2004-03-04,,2.31,,,36.81,4.04,1.73,14.4,,
2004-03-05,,2.28,,-0.726,37.31,3.85,1.57,14.48,,
2004-03-08,,2.26,,,36.53,3.78,1.52,15.79,,
2004-03-09,,2.22,,,36.29,3.73,1.51,16.6,,
2004-03-10,,2.2,,,36.21,3.74,1.54,18.67,,
2004-03-11,,2.22,,,36.95,3.74,1.52,20.67,,
2004-03-12,,2.24,,-0.3544,36.21,3.78,1.54,18.3,,
2004-03-15,,2.22,,,37.44,3.78,1.56,21.13,,
2004-03-16,,2.19,,,37.36,3.7,1.51,20.34,,
2004-03-17,,2.18,,,38.21,3.71,1.53,18.11,,
2004-03-18,,2.21,,,37.81,3.76,1.55,18.53,,
2004-03-19,,2.24,,-0.4074,38.09,3.8,1.56,19.15,,
2004-03-22,,2.22,,,37.12,3.74,1.52,21.58,,
2004-03-23,,2.21,,,37.81,3.73,1.52,20.67,,
2004-03-24,,2.23,,,37.06,3.73,1.5,19.81,,
2004-03-25,,2.24,,,35.67,3.75,1.51,17.88,,
2004-03-26,,2.26,,-0.3634,35.61,3.85,1.59,17.33,,
2004-03-29,,2.28,,,35.41,3.91,1.63,16.5,,
2004-03-30,,2.28,,,36.15,3.91,1.63,16.28,,
2004-03-31,,2.26,,,35.75,3.86,1.6,16.74,,
2004-04-01,1.0,2.26,,,34.47,3.91,1.65,16.65,94.2,0.0
2004-04-02,,2.29,,-0.733,34.39,4.15,1.86,15.64,,
2004-04-05,,2.33,,,34.29,4.24,1.91,14.97,,
2004-04-06,,2.33,,,35.09,4.19,1.86,15.32,,
2004-04-07,,2.32,,,36.28,4.19,1.87,15.76,,
2004-04-08,,2.33,,,37.14,4.21,1.88,16.26,,
2004-04-09,,,,-0.6567,,,,,,
2004-04-12,,2.34,,,37.79,4.25,1.91,15.28,,
2004-04-13,,2.34,,,37.09,4.35,2.01,17.26,,
2004-04-14,,2.27,,,36.62,4.4,2.13,15.62,,
2004-04-15,,2.32,,,37.74,4.42,2.1,15.74,,
2004-04-16,,2.34,,-0.5169,37.7,4.37,2.03,14.94,,
2004-04-19,,2.32,,,37.46,4.39,2.07,15.42,,
2004-04-20,,2.32,,,37.61,4.43,2.11,16.67,,
2004-04-21,,2.23,,,36.61,4.45,2.22,15.6,,
2004-04-22,,2.25,,,37.7,4.4,2.15,14.61,,
2004-04-23,,2.19,,-0.5021,37.22,4.48,2.29,14.01,,
2004-04-26,,2.18,,,37.02,4.46,2.28,14.77,,
2004-04-27,,2.22,,,37.49,4.43,2.21,15.07,,
2004-04-28,,2.2,,,37.23,4.5,2.3,16.29,,
2004-04-29,,2.21,,,37.5,4.55,2.34,16.6,,
2004-04-30,,2.22,,-0.4565,37.31,4.53,2.31,17.19,,
2004-05-01,1.0,,,,,,,,90.2,0.0
2004-05-03,,2.19,,,38.26,4.53,2.34,16.62,,
2004-05-04,,2.24,,,38.86,4.56,2.32,16.55,,
2004-05-05,,2.27,,,39.69,4.61,2.34,15.77,,
2004-05-06,,2.24,,,39.41,4.63,2.39,17.05,,
2004-05-07,,2.15,,-0.4527,39.98,4.79,2.64,18.13,,
2004-05-10,,2.2,,,38.9,4.81,2.61,19.77,,
2004-05-11,,2.18,,,40.3,4.79,2.61,18.57,,
2004-05-12,,2.21,,,40.3,4.83,2.62,18.14,,
2004-05-13,,2.18,,,40.94,4.85,2.67,18.86,,
2004-05-14,,2.2,,-0.3375,41.42,4.79,2.59,18.47,,
2004-05-17,,2.19,,,41.53,4.7,2.51,19.96,,
2004-05-18,,2.16,,,40.32,4.74,2.58,19.33,,
2004-05-19,,2.18,,,41.61,4.79,2.61,18.93,,
2004-05-20,,2.17,,,40.92,4.72,2.55,18.67,,
2004-05-21,,2.16,,-0.4613,39.83,4.76,2.6,18.49,,
2004-05-24,,2.16,,,42.03,4.75,2.59,18.08,,
2004-05-25,,2.15,,,41.45,4.73,2.58,15.96,,
2004-05-26,,2.15,,,40.6,4.67,2.52,15.97,,
2004-05-27,,2.14,,,39.25,4.6,2.46,15.28,,
2004-05-28,,2.12,,-0.6029,39.9,4.66,2.54,15.5,,
2004-05-31,,,,,,,,,,
2004-06-01,1.03,2.11,,,42.33,4.71,2.6,16.3,95.6,0.0
2004-06-02,,2.09,,,39.96,4.74,2.65,16.08,,
2004-06-03,,2.08,,,39.29,4.71,2.63,17.03,,
2004-06-04,,2.08,,-0.5991,38.44,4.78,2.7,16.78,,
2004-06-07,,2.11,,,38.72,4.78,2.67,15.39,,
2004-06-08,,2.05,,,37.18,4.78,2.73,15.01,,
2004-06-09,,2.03,,,37.6,4.82,2.79,15.39,,
2004-06-10,,2.0,,,38.45,4.81,2.81,15.04,,
2004-06-11,,,,-0.779,,,,15.04,,
2004-06-14,,1.92,,,37.58,4.89,2.97,16.07,,
2004-06-15,,1.92,,,37.18,4.69,2.77,15.05,,
2004-06-16,,1.9,,,37.33,4.74,2.84,14.79,,
2004-06-17,,1.9,,,38.51,4.71,2.81,15.15,,
2004-06-18,,1.91,,-0.5561,38.68,4.72,2.81,14.99,,
2004-06-21,,1.9,,,37.69,4.7,2.8,15.26,,
2004-06-22,,1.92,,,38.11,4.72,2.8,14.31,,
2004-06-23,,1.93,,,37.56,4.71,2.78,13.98,,
2004-06-24,,1.92,,,37.81,4.66,2.74,14.81,,
2004-06-25,,1.92,,-0.5569,37.34,4.66,2.74,15.19,,
2004-06-28,,1.9,,,36.25,4.76,2.86,16.07,,
2004-06-29,,1.87,,,35.6,4.7,2.83,15.47,,
2004-06-30,,1.92,,,36.92,4.62,2.7,14.34,,
2004-07-01,1.26,1.93,,,38.56,4.57,2.64,15.2,96.7,0.0
2004-07-02,,1.94,,-0.5231,38.37,4.48,2.54,15.08,,
2004-07-05,,,,,,,,,,
2004-07-06,,1.93,,,39.56,4.49,2.56,16.25,,
2004-07-07,,1.94,,,39.18,4.5,2.56,15.81,,
2004-07-08,,1.94,,,40.27,4.49,2.55,16.2,,
2004-07-09,,1.94,,-0.4061,39.9,4.49,2.55,15.78,,
2004-07-12,,1.93,,,39.3,4.46,2.53,14.96,,
2004-07-13,,1.92,,,39.55,4.5,2.58,14.46,,
2004-07-14,,1.88,,,40.98,4.5,2.62,13.76,,
2004-07-15,,1.86,,,40.7,4.5,2.64,14.71,,
2004-07-16,,1.84,,-0.5598,41.1,4.38,2.54,14.34,,
2004-07-19,,1.82,,,41.55,4.38,2.56,15.17,,
2004-07-20,,1.8,,,40.86,4.47,2.67,14.17,,
2004-07-21,,1.79,,,40.63,4.5,2.71,16.41,,
2004-07-22,,1.79,,,41.51,4.48,2.69,15.75,,
2004-07-23,,1.76,,-0.5598,41.82,4.45,2.69,16.5,,
2004-07-26,,1.74,,,41.45,4.49,2.75,17.3,,
2004-07-27,,1.8,,,41.83,4.62,2.82,16.55,,
2004-07-28,,1.83,,,42.81,4.61,2.78,16.15,,
2004-07-29,,1.85,,,42.69,4.6,2.75,15.68,,
2004-07-30,,1.82,,-0.577,43.72,4.5,2.68,15.32,,
2004-08-01,1.43,,,,,,,,95.9,0.0
2004-08-02,,1.82,,,43.83,4.48,2.66,15.37,,
2004-08-03,,1.79,,,44.13,4.45,2.66,16.03,,
2004-08-04,,1.79,,,42.73,4.45,2.66,16.21,,
2004-08-05,,1.79,,,44.39,4.43,2.64,18.32,,
2004-08-06,,1.84,,-0.3405,43.95,4.24,2.4,19.34,,
2004-08-09,,1.83,,,44.86,4.28,2.45,18.89,,
2004-08-10,,1.77,,,44.51,4.32,2.55,17.47,,
2004-08-11,,1.76,,,44.72,4.3,2.54,18.04,,
2004-08-12,,1.75,,,45.52,4.27,2.52,19.08,,
2004-08-13,,1.75,,-0.4925,46.61,4.22,2.47,17.98,,
2004-08-16,,1.75,,,46.02,4.26,2.51,17.57,,
2004-08-17,,1.77,,,46.75,4.21,2.44,17.02,,
2004-08-18,,1.79,,,47.36,4.23,2.44,16.23,,
2004-08-19,,1.79,,,48.66,4.22,2.43,16.96,,
2004-08-20,,1.78,,-0.5158,47.6,4.24,2.46,16.0,,
2004-08-23,,1.78,,,46.0,4.28,2.5,15.88,,
2004-08-24,,1.78,,,45.68,4.28,2.5,15.33,,
2004-08-25,,1.75,,,43.83,4.26,2.51,14.98,,
2004-08-26,,1.74,,,43.06,4.22,2.48,14.91,,
2004-08-27,,1.75,,-0.6408,43.11,4.23,2.48,14.71,,
2004-08-30,,1.72,,,42.32,4.19,2.47,15.44,,
2004-08-31,,1.72,,,42.23,4.13,2.41,15.29,,
2004-09-01,1.61,1.72,,,43.89,4.13,2.41,14.91,94.2,0.0
2004-09-02,,1.74,,,44.04,4.2,2.46,14.28,,
2004-09-03,,1.69,,-0.5665,43.94,4.3,2.61,13.91,,
2004-09-06,,,,,,,,,,
2004-09-07,,1.68,,,43.18,4.26,2.58,14.07,,
2004-09-08,,1.68,,,42.77,4.18,2.5,14.06,,
2004-09-09,,1.72,,,44.53,4.22,2.5,14.01,,
2004-09-10,,1.69,,-0.6725,42.84,4.19,2.5,13.76,,
2004-09-13,,1.66,,,43.86,4.16,2.5,13.17,,
2004-09-14,,1.68,,,44.62,4.15,2.47,13.56,,
2004-09-15,,1.67,,,43.83,4.18,2.51,14.64,,
2004-09-16,,1.64,,,44.03,4.08,2.44,14.39,,
2004-09-17,,1.61,,-0.6181,45.63,4.14,2.53,14.03,,
2004-09-20,,1.61,,,46.33,4.07,2.46,14.43,,
2004-09-21,,1.56,,,47.11,4.05,2.49,13.66,,
2004-09-22,,1.5,,,48.41,4.0,2.5,14.74,,
2004-09-23,,1.45,,,48.37,4.02,2.57,14.8,,
2004-09-24,,1.42,,-0.6564,48.86,4.04,2.62,14.28,,
2004-09-27,,1.42,,,49.56,4.01,2.59,14.62,,
2004-09-28,,1.47,,,49.76,4.02,2.55,13.83,,
2004-09-29,,1.49,,,49.53,4.1,2.61,13.21,,
2004-09-30,,1.51,,,49.56,4.14,2.63,13.34,,
2004-10-01,1.76,1.58,,-0.6099,50.16,4.21,2.63,12.75,91.7,0.0
2004-10-04,,1.54,,,49.85,4.19,2.65,13.41,,
2004-10-05,,1.53,,,51.08,4.18,2.65,13.95,,
2004-10-06,,1.53,,,51.98,4.23,2.7,13.28,,
2004-10-07,,1.54,,,52.56,4.26,2.72,14.5,,
2004-10-08,,1.54,,-0.5833,53.4,4.15,2.61,15.05,,
2004-10-11,,,,,53.65,,,14.71,,
2004-10-12,,1.56,,,53.49,4.12,2.56,15.05,,
2004-10-13,,1.56,,,53.86,4.09,2.53,15.42,,
2004-10-14,,1.55,,,54.69,4.03,2.48,16.43,,
2004-10-15,,1.54,,-0.4168,54.89,4.07,2.53,15.04,,
2004-10-18,,1.52,,,53.59,4.07,2.55,14.71,,
2004-10-19,,1.5,,,53.28,4.07,2.57,15.13,,
2004-10-20,,1.48,,,54.93,4.01,2.53,14.85,,
2004-10-21,,1.44,,,54.51,4.01,2.57,14.54,,
2004-10-22,,1.45,,-0.5018,55.83,4.0,2.55,15.28,,
2004-10-25,,1.45,,,55.52,3.99,2.54,16.58,,
2004-10-26,,1.47,,,56.37,4.01,2.54,16.39,,
2004-10-27,,1.48,,,52.52,4.11,2.63,15.72,,
2004-10-28,,1.5,,,50.95,4.09,2.59,15.39,,
2004-10-29,,1.49,,-0.7017,51.78,4.05,2.56,16.27,,
2004-11-01,1.93,1.5,,,50.1,4.11,2.61,16.27,92.8,0.0
2004-11-02,,1.5,,,49.6,4.1,2.6,16.18,,
2004-11-03,,1.49,,,50.9,4.09,2.6,14.04,,
2004-11-04,,1.47,,,48.8,4.1,2.63,13.97,,
2004-11-05,,1.41,,-0.8508,49.65,4.21,2.8,13.84,,
2004-11-08,,1.42,,,49.1,4.22,2.8,13.8,,
2004-11-09,,1.42,,,47.4,4.22,2.8,13.61,,
2004-11-10,,1.43,,,48.7,4.25,2.82,13.08,,
2004-11-11,,,,,47.5,,,13.04,,
2004-11-12,,1.34,,-0.8981,47.3,4.2,2.86,13.33,,
2004-11-15,,1.31,,,46.95,4.2,2.89,13.38,,
2004-11-16,,1.3,,,46.1,4.21,2.91,13.21,,
2004-11-17,,1.29,,,46.85,4.14,2.85,13.21,,
2004-11-18,,1.26,,,46.3,4.12,2.86,12.98,,
2004-11-19,,1.25,,-0.8267,48.9,4.2,2.95,13.5,,
2004-11-22,,1.23,,,48.48,4.18,2.95,12.97,,
2004-11-23,,1.21,,,48.74,4.19,2.98,12.67,,
2004-11-24,,1.19,,,49.14,4.2,3.01,12.72,,
2004-11-25,,,,,,,,,,
2004-11-26,,1.21,,-0.8927,,4.24,3.03,12.79,,
2004-11-29,,1.27,,,49.71,4.34,3.07,13.3,,
2004-11-30,,1.34,,,49.16,4.36,3.02,13.24,,
2004-12-01,2.16,1.37,,,45.56,4.38,3.01,12.97,97.1,0.0
2004-12-02,,1.36,,,43.31,4.4,3.04,12.98,,
2004-12-03,,1.33,,-0.7949,42.56,4.27,2.94,12.96,,
2004-12-06,,1.31,,,42.96,4.24,2.93,13.19,,
2004-12-07,,1.28,,,41.51,4.23,2.95,13.67,,
2004-12-08,,1.23,,,41.96,4.14,2.91,13.19,,
2004-12-09,,1.26,,,42.41,4.19,2.93,12.88,,
2004-12-10,,1.21,,-0.762,40.71,4.16,2.95,12.76,,
2004-12-13,,1.18,,,41.06,4.16,2.98,12.54,,
2004-12-14,,1.15,,,41.76,4.14,2.99,12.73,,
2004-12-15,,1.12,,,44.21,4.09,2.97,12.35,,
2004-12-16,,1.18,,,44.16,4.19,3.01,12.27,,
2004-12-17,,1.18,,-0.9029,46.31,4.21,3.03,11.95,,
2004-12-20,,1.15,,,45.57,4.21,3.06,11.83,,
2004-12-21,,1.13,,,45.76,4.18,3.05,11.55,,
2004-12-22,,1.17,,,44.05,4.21,3.04,11.45,,
2004-12-23,,1.21,,,42.19,4.23,3.02,11.23,,
2004-12-24,,,,-0.8315,,,,,,
2004-12-27,,1.23,,,41.26,4.3,3.07,12.14,,
2004-12-28,,1.23,,,41.78,4.31,3.08,12.0,,
2004-12-29,,1.21,,,43.69,4.33,3.12,11.62,,
2004-12-30,,1.17,,,43.36,4.27,3.1,12.56,,
2004-12-31,,1.16,,-0.8003,,4.24,3.08,13.29,,
2005-01-01,2.28,,,,,,,,95.5,0.0
2005-01-03,,1.13,,,42.16,4.23,3.1,14.08,,
2005-01-04,,1.09,,,43.96,4.29,3.2,13.98,,
2005-01-05,,1.07,,,43.41,4.29,3.22,14.09,,
2005-01-06,,1.11,,,45.51,4.29,3.18,13.58,,
2005-01-07,,1.09,,-0.7069,45.32,4.29,3.2,13.49,,
2005-01-10,,1.06,,,45.31,4.29,3.23,13.23,,
2005-01-11,,1.02,,,45.66,4.26,3.24,13.19,,
2005-01-12,,1.03,,,46.46,4.25,3.22,12.56,,
2005-01-13,,0.99,,,48.11,4.2,3.21,12.84,,
2005-01-14,,0.99,,-0.702,48.41,4.23,3.24,12.43,,
2005-01-17,,,,,,,,,,
2005-01-18,,0.95,,,48.46,4.21,3.26,12.47,,
2005-01-19,,0.94,,,47.61,4.2,3.26,13.18,,
2005-01-20,,0.96,,,47.01,4.17,3.21,13.83,,
2005-01-21,,1.0,,-0.6795,48.31,4.16,3.16,14.36,,
2005-01-24,,0.94,,,48.61,4.14,3.2,14.65,,
2005-01-25,,0.97,,,49.43,4.2,3.23,14.06,,
2005-01-26,,0.94,,,48.8,4.21,3.27,13.44,,
2005-01-27,,0.94,,,48.8,4.22,3.28,13.24,,
2005-01-28,,0.91,,-0.7621,47.15,4.16,3.25,13.24,,
2005-01-31,,0.85,,,48.25,4.14,3.29,12.82,,
2005-02-01,2.5,0.86,,,47.1,4.15,3.29,12.03,94.1,0.0
2005-02-02,,0.83,,,46.65,4.15,3.32,11.66,,
2005-02-03,,0.84,,,46.4,4.18,3.34,11.79,,
2005-02-04,,0.8,,-0.8794,46.45,4.09,3.29,11.21,,
2005-02-07,,0.76,,,45.35,4.07,3.31,11.73,,
2005-02-08,,0.72,,,45.4,4.05,3.33,11.6,,
2005-02-09,,0.76,,,45.45,4.0,3.24,12.0,,
2005-02-10,,0.78,,,47.05,4.07,3.29,11.51,,
2005-02-11,,0.76,,-0.8554,47.15,4.1,3.34,11.43,,
2005-02-14,,0.7,,,47.5,4.08,3.38,11.52,,
2005-02-15,,0.73,,,47.3,4.1,3.37,11.27,,
2005-02-16,,0.75,,,48.35,4.16,3.41,11.1,,
2005-02-17,,0.81,,,47.5,4.19,3.38,11.77,,
2005-02-18,,0.82,,-0.9605,48.45,4.27,3.45,11.18,,
2005-02-21,,,,,,,,,,
2005-02-22,,0.83,,,51.0,4.29,3.46,13.14,,
2005-02-23,,0.81,,,51.73,4.27,3.46,12.39,,
2005-02-24,,0.77,,,52.05,4.29,3.52,11.57,,
2005-02-25,,0.73,,-0.9969,52.2,4.27,3.54,11.49,,
2005-02-28,,0.77,,,51.75,4.36,3.59,12.08,,
2005-03-01,2.63,0.79,,,51.67,4.38,3.59,12.04,92.6,0.0
2005-03-02,,0.81,,,53.0,4.38,3.57,12.5,,
2005-03-03,,0.8,,,53.6,4.39,3.59,12.93,,
2005-03-04,,0.75,,-0.9459,53.7,4.32,3.57,11.94,,
2005-03-07,,0.7,,,53.9,4.31,3.61,12.26,,
2005-03-08,,0.76,,,54.55,4.38,3.62,12.4,,
2005-03-09,,0.86,,,54.75,4.52,3.66,12.7,,
2005-03-10,,0.8,,,53.52,4.48,3.68,12.49,,
2005-03-11,,0.83,,-0.976,54.4,4.56,3.73,12.8,,
2005-03-14,,0.77,,,54.9,4.52,3.75,12.39,,
2005-03-15,,0.79,,,55.05,4.54,3.75,13.15,,
2005-03-16,,0.8,,,56.5,4.52,3.72,13.49,,
2005-03-17,,0.77,,,56.4,4.47,3.7,13.29,,
2005-03-18,,0.79,,-0.7979,56.8,4.51,3.72,13.14,,
2005-03-21,,0.81,,,56.7,4.53,3.72,13.61,,
2005-03-22,,0.77,,,55.95,4.63,3.86,14.27,,
2005-03-23,,0.77,,,49.43,4.61,3.84,14.06,,
2005-03-24,,0.72,,,49.7,4.6,3.88,13.42,,
2005-03-25,,,,-0.7405,,,,,,
2005-03-28,,0.74,,,54.06,4.64,3.9,13.75,,
2005-03-29,,0.73,,,54.26,4.6,3.87,14.49,,
2005-03-30,,0.7,,,53.96,4.56,3.86,13.64,,
2005-03-31,,0.7,,,55.31,4.5,3.8,14.02,,
2005-04-01,2.79,0.71,,-0.6877,57.26,4.46,3.75,14.09,87.7,0.0
2005-04-04,,0.73,,,56.86,4.47,3.74,14.11,,
2005-04-05,,0.73,,,55.83,4.48,3.75,13.68,,
2005-04-06,,0.74,,,55.88,4.44,3.7,13.15,,
2005-04-07,,0.77,,,54.16,4.49,3.72,12.33,,
2005-04-08,,0.73,,-0.6748,53.46,4.5,3.77,12.62,,
2005-04-11,,0.7,,,53.71,4.45,3.75,11.98,,
2005-04-12,,0.67,,,51.54,4.38,3.71,11.3,,
2005-04-13,,0.72,,,50.21,4.38,3.66,13.31,,
2005-04-14,,0.77,,,51.11,4.37,3.6,14.53,,
2005-04-15,,0.73,,-0.6088,50.61,4.27,3.54,17.74,,
2005-04-18,,0.72,,,50.52,4.27,3.55,16.56,,
2005-04-19,,0.71,,,52.33,4.21,3.5,14.96,,
2005-04-20,,0.7,,,52.45,4.22,3.52,16.92,,
2005-04-21,,0.67,,,52.49,4.32,3.65,14.41,,
2005-04-22,,0.64,,-0.5802,54.16,4.26,3.62,15.38,,
2005-04-25,,0.62,,,53.16,4.26,3.64,14.62,,
2005-04-26,,0.61,,,54.33,4.28,3.67,14.91,,
2005-04-27,,0.61,,,51.37,4.25,3.64,14.87,,
2005-04-28,,0.6,,,51.92,4.19,3.59,16.86,,
2005-04-29,,0.55,,-0.7247,49.2,4.21,3.66,15.31,,
2005-05-01,3.0,,,,,,,,86.9,0.0
2005-05-02,,0.57,,,50.94,4.21,3.64,15.12,,
2005-05-03,,0.53,,,49.6,4.21,3.68,14.53,,
2005-05-04,,0.57,,,50.22,4.2,3.63,13.85,,
2005-05-05,,0.61,,,51.12,4.19,3.58,13.98,,
2005-05-06,,0.55,,-0.7078,51.3,4.28,3.73,14.05,,
2005-05-09,,0.53,,,52.04,4.29,3.76,13.75,,
2005-05-10,,0.54,,,51.76,4.23,3.69,14.91,,
2005-05-11,,0.53,,,50.39,4.21,3.68,14.45,,
2005-05-12,,0.52,,,48.83,4.18,3.66,16.12,,
2005-05-13,,0.51,,-0.5313,48.65,4.12,3.61,16.32,,
2005-05-16,,0.52,,,48.64,4.13,3.61,15.68,,
2005-05-17,,0.51,,,48.97,4.12,3.61,14.57,,
2005-05-18,,0.51,,,46.99,4.07,3.56,13.63,,
2005-05-19,,0.47,,,47.0,4.11,3.64,13.32,,
2005-05-20,,0.44,,-0.4151,47.25,4.13,3.69,13.14,,
2005-05-23,,0.42,,,48.68,4.07,3.65,12.95,,
2005-05-24,,0.43,,,49.14,4.04,3.61,12.69,,
2005-05-25,,0.47,,,50.37,4.08,3.61,12.58,,
2005-05-26,,0.44,,,50.89,4.08,3.64,12.24,,
2005-05-27,,0.44,,-0.7437,51.65,4.08,3.64,12.15,,
2005-05-30,,,,,,,,,,
2005-05-31,,0.4,,,52.08,4.0,3.6,13.29,,
2005-06-01,3.04,0.41,,,54.4,3.91,3.5,12.36,96.0,0.0
2005-06-02,,0.37,,,53.46,3.89,3.52,11.84,,
2005-06-03,,0.41,,-0.6358,55.08,3.98,3.57,12.15,,
2005-06-06,,0.37,,,54.46,3.96,3.59,12.28,,
2005-06-07,,0.35,,,53.84,3.92,3.57,12.39,,
2005-06-08,,0.35,,,52.51,3.95,3.6,12.7,,
2005-06-09,,0.34,,,54.36,3.98,3.64,12.08,,
2005-06-10,,0.34,,-0.6278,53.55,4.05,3.71,11.96,,
2005-06-13,,0.38,,,55.47,4.09,3.71,11.65,,
2005-06-14,,0.42,,,55.03,4.13,3.71,11.79,,
2005-06-15,,0.4,,,55.53,4.12,3.72,11.46,,
2005-06-16,,0.39,,,56.48,4.09,3.7,11.15,,
2005-06-17,,0.37,,-0.7023,58.4,4.09,3.72,11.48,,
2005-06-20,,0.39,,,59.19,4.11,3.72,11.47,,
2005-06-21,,0.35,,,58.9,4.06,3.71,11.08,,
2005-06-22,,0.33,,,58.27,3.95,3.62,11.05,,
2005-06-23,,0.33,,,59.23,3.96,3.63,12.13,,
2005-06-24,,0.33,,-0.5705,59.63,3.92,3.59,12.18,,
2005-06-27,,0.3,,,59.78,3.9,3.6,12.52,,
2005-06-28,,0.32,,,58.32,3.97,3.65,11.58,,
2005-06-29,,0.34,,,57.23,3.99,3.65,11.77,,
2005-06-30,,0.28,,,56.63,3.94,3.66,12.04,,
2005-07-01,3.26,0.3,,-0.7166,59.11,4.06,3.76,11.4,96.5,0.0
2005-07-04,,,,,,,,,,
2005-07-05,,0.32,,,59.71,4.11,3.79,11.68,,
2005-07-06,,0.31,,,61.24,4.08,3.77,12.27,,
2005-07-07,,0.34,,,60.76,4.05,3.71,12.49,,
2005-07-08,,0.33,,-0.6572,59.71,4.11,3.78,11.45,,
2005-07-11,,0.3,,,59.23,4.11,3.81,11.28,,
2005-07-12,,0.33,,,60.49,4.15,3.82,10.95,,
2005-07-13,,0.33,,,60.0,4.17,3.84,10.84,,
2005-07-14,,0.33,,,57.83,4.19,3.86,10.81,,
2005-07-15,,0.32,,-0.8251,58.36,4.18,3.86,10.33,,
2005-07-18,,0.33,,,57.12,4.22,3.89,10.77,,
2005-07-19,,0.32,,,57.61,4.2,3.88,10.45,,
2005-07-20,,0.27,,,56.73,4.17,3.9,10.23,,
2005-07-21,,0.32,,,57.31,4.28,3.96,10.97,,
2005-07-22,,0.31,,-0.7945,57.75,4.23,3.92,10.52,,
2005-07-25,,0.3,,,58.16,4.25,3.95,11.1,,
2005-07-26,,0.29,,,59.05,4.24,3.95,10.99,,
2005-07-27,,0.28,,,59.12,4.27,3.99,10.36,,
2005-07-28,,0.24,,,59.91,4.2,3.96,10.52,,
2005-07-29,,0.26,,-0.9033,60.71,4.28,4.02,11.57,,
2005-08-01,3.5,0.28,,,61.51,4.32,4.04,12.08,89.1,0.0
2005-08-02,,0.28,,,61.87,4.34,4.06,11.75,,
2005-08-03,,0.28,,,60.76,4.3,4.02,11.83,,
2005-08-04,,0.28,,,61.6,4.32,4.04,12.52,,
2005-08-05,,0.29,,-0.8909,62.44,4.4,4.11,12.48,,
2005-08-08,,0.26,,,63.92,4.42,4.16,13.21,,
2005-08-09,,0.28,,,63.13,4.41,4.13,12.4,,
2005-08-10,,0.27,,,64.8,4.4,4.13,12.38,,
2005-08-11,,0.22,,,65.67,4.32,4.1,12.42,,
2005-08-12,,0.19,,-0.8518,66.71,4.24,4.05,12.74,,
2005-08-15,,0.19,,,66.21,4.27,4.08,12.26,,
2005-08-16,,0.2,,,66.11,4.23,4.03,13.52,,
2005-08-17,,0.21,,,63.29,4.28,4.07,13.3,,
2005-08-18,,0.2,,,63.47,4.21,4.01,13.42,,
2005-08-19,,0.18,,-0.7431,65.51,4.21,4.03,13.42,,
2005-08-22,,0.19,,,65.46,4.22,4.03,13.42,,
2005-08-23,,0.19,,,65.81,4.2,4.01,13.34,,
2005-08-24,,0.2,,,67.1,4.19,3.99,14.17,,
2005-08-25,,0.18,,,67.29,4.18,4.0,13.73,,
2005-08-26,,0.14,,-0.744,66.05,4.2,4.06,13.72,,
2005-08-29,,0.14,,,67.41,4.2,4.06,13.52,,
2005-08-30,,0.19,,,69.91,4.16,3.97,13.65,,
2005-08-31,,0.18,,,68.63,4.02,3.84,12.6,,
2005-09-01,3.62,0.3,,,69.5,4.02,3.72,13.15,76.9,0.0
2005-09-02,,0.28,,-0.579,66.91,4.03,3.75,13.57,,
2005-09-05,,,,,,,,,,
2005-09-06,,0.29,,,65.83,4.09,3.8,12.93,,
2005-09-07,,0.28,,,64.38,4.15,3.87,12.52,,
2005-09-08,,0.28,,,64.8,4.15,3.87,12.93,,
2005-09-09,,0.26,,-0.7616,64.21,4.14,3.88,11.98,,
2005-09-12,,0.26,,,63.29,4.18,3.92,11.65,,
2005-09-13,,0.26,,,63.18,4.14,3.88,12.39,,
2005-09-14,,0.27,,,65.2,4.17,3.9,12.91,,
2005-09-15,,0.32,,,64.64,4.22,3.9,12.49,,
2005-09-16,,0.29,,-0.7311,62.91,4.26,3.97,11.22,,
2005-09-19,,0.32,,,67.21,4.25,3.93,12.14,,
2005-09-20,,0.26,,,66.24,4.26,4.0,12.64,,
2005-09-21,,0.23,,,66.96,4.19,3.96,13.79,,
2005-09-22,,0.24,,,67.07,4.19,3.95,13.33,,
2005-09-23,,0.23,,-0.6536,64.67,4.25,4.02,12.96,,
2005-09-26,,0.23,,,65.98,4.3,4.07,13.04,,
2005-09-27,,0.22,,,64.94,4.3,4.08,12.76,,
2005-09-28,,0.17,,,66.36,4.26,4.09,12.63,,
2005-09-29,,0.16,,,66.83,4.29,4.13,12.24,,
2005-09-30,,0.16,,-0.6912,66.21,4.34,4.18,11.92,,
2005-10-01,3.78,,,,,,,,74.2,0.0
2005-10-03,,0.18,,,65.36,4.39,4.21,12.46,,
2005-10-04,,0.16,,,63.74,4.38,4.22,13.2,,
2005-10-05,,0.15,,,62.56,4.36,4.21,14.55,,
2005-10-06,,0.17,,,61.81,4.37,4.2,14.96,,
2005-10-07,,0.17,,-0.5762,61.81,4.35,4.18,14.59,,
2005-10-10,,,,,60.71,,,15.55,,
2005-10-11,,0.17,,,63.84,4.39,4.22,15.63,,
2005-10-12,,0.21,,,64.13,4.45,4.24,16.22,,
2005-10-13,,0.24,,,63.05,4.48,4.24,16.47,,
2005-10-14,,0.21,,-0.473,62.61,4.48,4.27,14.87,,
2005-10-17,,0.21,,,64.26,4.5,4.29,14.67,,
2005-10-18,,0.22,,,62.94,4.49,4.27,15.33,,
2005-10-19,,0.22,,,62.11,4.47,4.25,13.5,,
2005-10-20,,0.19,,,61.04,4.46,4.27,16.11,,
2005-10-21,,0.17,,-0.7749,61.05,4.39,4.22,16.13,,
2005-10-24,,0.2,,,60.63,4.45,4.25,14.74,,
2005-10-25,,0.2,,,62.83,4.54,4.34,14.53,,
2005-10-26,,0.22,,,60.85,4.6,4.38,14.59,,
2005-10-27,,0.21,,,61.03,4.57,4.36,16.02,,
2005-10-28,,0.18,,-0.82,61.3,4.58,4.4,14.25,,
2005-10-31,,0.17,,,59.8,4.57,4.4,15.32,,
2005-11-01,4.0,0.16,,,59.85,4.58,4.42,14.85,81.6,0.0
2005-11-02,,0.18,,,59.75,4.61,4.43,13.48,,
2005-11-03,,0.18,,,61.7,4.65,4.47,13.0,,
2005-11-04,,0.19,,-0.8593,60.6,4.66,4.47,13.17,,
2005-11-07,,0.18,,,59.4,4.65,4.47,13.1,,
2005-11-08,,0.14,,,59.7,4.57,4.43,13.08,,
2005-11-09,,0.15,,,59.65,4.64,4.49,12.8,,
2005-11-10,,0.11,,,57.8,4.55,4.44,11.9,,
2005-11-11,,,,-0.7658,57.45,,,11.63,,
2005-11-14,,0.11,,,57.6,4.61,4.5,12.18,,
2005-11-15,,0.09,,,57.05,4.56,4.47,12.23,,
2005-11-16,,0.07,,,57.85,4.49,4.42,12.26,,
2005-11-17,,0.09,,,56.2,4.46,4.37,11.25,,
2005-11-18,,0.1,,-0.65,56.3,4.5,4.4,11.12,,
2005-11-21,,0.07,,,57.75,4.46,4.39,10.82,,
2005-11-22,,0.11,,,58.3,4.43,4.32,10.6,,
2005-11-23,,0.11,,,58.35,4.47,4.36,10.96,,
2005-11-24,,,,,,,,,,
2005-11-25,,0.1,,-0.6734,,4.43,4.33,10.88,,
2005-11-28,,0.08,,,57.36,4.41,4.33,11.84,,
2005-11-29,,0.08,,,56.46,4.48,4.4,11.89,,
2005-11-30,,0.07,,,57.33,4.49,4.42,12.06,,
2005-12-01,4.16,0.07,,,58.46,4.52,4.45,11.24,91.5,0.0
2005-12-02,,0.09,,-0.6157,59.31,4.52,4.43,11.01,,
2005-12-05,,0.1,,,59.91,4.57,4.47,11.6,,
2005-12-06,,0.07,,,59.96,4.49,4.42,11.52,,
2005-12-07,,0.1,,,59.21,4.52,4.42,12.18,,
2005-12-08,,0.1,,,60.66,4.47,4.37,12.21,,
2005-12-09,,0.11,,-0.6019,59.41,4.54,4.43,11.69,,
2005-12-12,,0.11,,,61.36,4.56,4.45,11.47,,
2005-12-13,,0.11,,,61.36,4.54,4.43,11.11,,
2005-12-14,,0.08,,,60.86,4.45,4.37,10.48,,
2005-12-15,,0.1,,,60.01,4.47,4.37,10.73,,
2005-12-16,,0.08,,-0.5726,58.01,4.45,4.37,10.68,,
2005-12-19,,0.07,,,57.31,4.45,4.38,11.38,,
2005-12-20,,0.05,,,57.81,4.47,4.42,11.19,,
2005-12-21,,0.06,,,58.56,4.49,4.43,10.81,,
2005-12-22,,0.04,,,58.08,4.44,4.4,10.29,,
2005-12-23,,0.01,,-0.5494,58.08,4.38,4.37,10.27,,
2005-12-26,,,,,,,,,,
2005-12-27,,-0.01,,,58.16,4.34,4.35,11.57,,
2005-12-28,,0.01,,,59.81,4.38,4.37,11.35,,
2005-12-29,,-0.01,,,60.26,4.37,4.38,11.61,,
2005-12-30,,-0.02,,-0.5031,61.06,4.39,4.41,12.07,,
2006-01-01,4.29,,,,,,,,91.2,0.0
2006-01-02,,,,,,,,,,
2006-01-03,,0.03,,,63.11,4.37,4.34,11.14,,
2006-01-04,,0.05,,,63.41,4.36,4.31,11.37,,
2006-01-05,,0.04,,,62.81,4.36,4.32,11.31,,
2006-01-06,,0.02,,-0.7665,64.21,4.38,4.36,11.0,,
2006-01-09,,0.02,,,63.56,4.38,4.36,11.13,,
2006-01-10,,0.02,,,63.41,4.43,4.41,10.86,,
2006-01-11,,0.02,,,63.91,4.46,4.44,10.94,,
2006-01-12,,0.03,,,63.96,4.42,4.39,11.2,,
2006-01-13,,0.02,,-0.9489,63.86,4.36,4.34,11.23,,
2006-01-16,,,,,,,,,,
2006-01-17,,0.01,,,66.36,4.34,4.33,11.91,,
2006-01-18,,0.01,,,65.76,4.34,4.33,12.25,,
2006-01-19,,0.01,,,66.86,4.38,4.37,11.98,,
2006-01-20,,0.0,,-0.7879,68.16,4.37,4.37,14.56,,
2006-01-23,,0.01,,,68.06,4.36,4.35,13.93,,
2006-01-24,,0.03,,,66.83,4.4,4.37,13.31,,
2006-01-25,,0.03,,,65.6,4.49,4.46,12.87,,
2006-01-26,,0.04,,,65.8,4.53,4.49,12.42,,
2006-01-27,,0.01,,-0.9798,67.81,4.52,4.51,11.97,,
2006-01-30,,0.02,,,68.36,4.54,4.52,12.39,,
2006-01-31,,-0.01,,,67.86,4.53,4.54,12.95,,
2006-02-01,4.49,-0.02,,,66.61,4.57,4.59,12.36,86.7,0.0
2006-02-02,,-0.02,,,64.71,4.57,4.59,13.23,,
2006-02-03,,-0.05,,-1.0493,65.41,4.54,4.59,12.96,,
2006-02-06,,-0.07,,,65.11,4.55,4.62,13.04,,
2006-02-07,,-0.04,,,63.01,4.57,4.61,13.59,,
2006-02-08,,-0.08,,,62.51,4.56,4.64,12.83,,
2006-02-09,,-0.12,,,62.66,4.54,4.66,13.12,,
2006-02-10,,-0.1,,-0.9036,62.01,4.59,4.69,12.87,,
2006-02-13,,-0.1,,,61.26,4.58,4.68,13.35,,
2006-02-14,,-0.07,,,59.61,4.62,4.69,12.25,,
2006-02-15,,-0.1,,,57.61,4.61,4.71,12.31,,
2006-02-16,,-0.1,,,58.61,4.59,4.69,11.48,,
2006-02-17,,-0.12,,-1.008,59.76,4.54,4.66,12.01,,
2006-02-20,,,,,,,,,,
2006-02-21,,-0.14,,,61.21,4.57,4.71,12.41,,
2006-02-22,,-0.15,,,59.03,4.53,4.68,11.88,,
2006-02-23,,-0.16,,,58.03,4.56,4.72,11.87,,
2006-02-24,,-0.16,,-1.0891,61.46,4.58,4.74,11.46,,
2006-02-27,,-0.15,,,61.01,4.59,4.74,11.59,,
2006-02-28,,-0.14,,,61.37,4.55,4.69,12.34,,
2006-03-01,4.59,-0.12,,,62.01,4.59,4.71,11.54,88.9,0.0
2006-03-02,,-0.08,,,63.36,4.64,4.72,11.72,,
2006-03-03,,-0.08,,-1.0472,63.61,4.68,4.76,11.96,,
2006-03-06,,-0.03,,,62.46,4.74,4.77,12.74,,
2006-03-07,,-0.03,,,61.51,4.74,4.77,12.66,,
2006-03-08,,0.01,,,60.06,4.73,4.72,12.32,,
2006-03-09,,0.02,,,60.51,4.74,4.72,12.68,,
2006-03-10,,0.02,,-0.9054,59.91,4.76,4.74,11.85,,
2006-03-13,,0.03,,,61.81,4.77,4.74,11.37,,
2006-03-14,,0.05,,,63.01,4.71,4.66,10.74,,
2006-03-15,,0.04,,,62.11,4.73,4.69,11.35,,
2006-03-16,,0.03,,,63.46,4.65,4.62,11.98,,
2006-03-17,,0.03,,-0.952,62.81,4.68,4.65,12.12,,
2006-03-20,,0.01,,,60.31,4.66,4.65,11.79,,
2006-03-21,,-0.01,,,60.41,4.71,4.72,11.62,,
2006-03-22,,-0.04,,,60.03,4.7,4.74,11.21,,
2006-03-23,,-0.04,,,62.13,4.73,4.77,11.17,,
2006-03-24,,-0.05,,-1.0075,63.9,4.67,4.72,11.19,,
2006-03-27,,-0.02,,,63.75,4.7,4.72,11.46,,
2006-03-28,,-0.02,,,65.65,4.79,4.81,11.58,,
2006-03-29,,-0.01,,,66.0,4.81,4.82,10.95,,
2006-03-30,,0.02,,,66.7,4.86,4.84,11.57,,
2006-03-31,,0.04,,-0.9686,66.25,4.86,4.82,11.39,,
2006-04-01,4.79,,,,,,,,87.4,0.0
2006-04-03,,0.02,,,66.07,4.88,4.86,11.57,,
2006-04-04,,0.03,,,65.75,4.87,4.84,11.14,,
2006-04-05,,0.03,,,66.76,4.84,4.81,11.13,,
2006-04-06,,0.06,,,67.22,4.9,4.84,11.45,,
2006-04-07,,0.08,,-0.9382,67.02,4.97,4.89,12.26,,
2006-04-10,,0.08,,,68.29,4.97,4.89,12.19,,
2006-04-11,,0.05,,,69.03,4.93,4.88,13.0,,
2006-04-12,,0.07,,,68.53,4.98,4.91,12.76,,
2006-04-13,,0.09,,,69.53,5.05,4.96,12.38,,
2006-04-14,,,,-0.8578,,,,,,
2006-04-17,,0.1,,,70.3,5.01,4.91,12.58,,
2006-04-18,,0.15,,,71.28,4.99,4.84,11.4,,
2006-04-19,,0.18,,,72.07,5.04,4.86,11.32,,
2006-04-20,,0.15,,,71.96,5.04,4.89,11.64,,
2006-04-21,,0.11,,-0.9403,73.73,5.01,4.9,11.59,,
2006-04-24,,0.1,,,70.19,4.99,4.89,11.75,,
2006-04-25,,0.12,,,67.43,5.07,4.95,11.75,,
2006-04-26,,0.13,,,71.71,5.12,4.99,11.76,,
2006-04-27,,0.18,,,70.76,5.09,4.91,11.84,,
2006-04-28,,0.2,,-1.0185,71.8,5.07,4.87,11.59,,
2006-05-01,4.94,0.2,,,73.75,5.14,4.94,12.54,79.1,0.0
2006-05-02,,0.2,,,74.62,5.12,4.92,11.99,,
2006-05-03,,0.21,,,72.26,5.15,4.94,11.99,,
2006-05-04,,0.19,,,69.98,5.16,4.97,11.86,,
2006-05-05,,0.18,,-1.0283,70.09,5.12,4.94,11.62,,
2006-05-08,,0.15,,,69.75,5.12,4.97,12.0,,
2006-05-09,,0.16,,,70.71,5.13,4.97,11.99,,
2006-05-10,,0.12,,,72.15,5.13,5.01,11.78,,
2006-05-11,,0.15,,,73.0,5.14,4.99,12.49,,
2006-05-12,,0.18,,-1.0487,71.87,5.19,5.01,14.19,,
2006-05-15,,0.16,,,69.25,5.15,4.99,13.57,,
2006-05-16,,0.14,,,69.4,5.1,4.96,13.35,,
2006-05-17,,0.19,,,68.65,5.16,4.97,16.26,,
2006-05-18,,0.14,,,69.63,5.08,4.94,16.99,,
2006-05-19,,0.09,,-0.7795,68.44,5.05,4.96,17.18,,
2006-05-22,,0.1,,,69.23,5.04,4.94,17.72,,
2006-05-23,,0.1,,,70.78,5.07,4.97,18.26,,
2006-05-24,,0.09,,,69.47,5.03,4.94,17.36,,
2006-05-25,,0.09,,,70.92,5.07,4.98,15.5,,
2006-05-26,,0.1,,-0.6729,71.35,5.06,4.96,14.26,,
2006-05-29,,,,,,,,,,
2006-05-30,,0.1,,,71.85,5.09,4.99,18.66,,
2006-05-31,,0.08,,,71.42,5.12,5.04,16.44,,
2006-06-01,4.99,0.07,,,70.11,5.11,5.04,14.52,84.9,0.0
2006-06-02,,0.08,,-0.8163,72.73,5.0,4.92,14.32,,
2006-06-05,,0.03,,,72.5,5.02,4.99,16.65,,
2006-06-06,,0.02,,,72.43,5.01,4.99,17.34,,
2006-06-07,,0.0,,,70.9,5.02,5.02,17.8,,
2006-06-08,,-0.01,,,70.25,5.0,5.01,18.35,,
2006-06-09,,-0.03,,-0.6596,71.62,4.98,5.01,18.12,,
2006-06-12,,-0.03,,,70.28,4.99,5.02,20.96,,
2006-06-13,,-0.05,,,68.48,4.97,5.02,23.81,,
2006-06-14,,-0.06,,,69.12,5.05,5.11,21.46,,
2006-06-15,,-0.04,,,69.78,5.1,5.14,15.9,,
2006-06-16,,-0.03,,-0.5815,69.75,5.13,5.16,17.25,,
2006-06-19,,-0.05,,,69.21,5.14,5.19,17.83,,
2006-06-20,,-0.04,,,69.3,5.15,5.19,16.69,,
2006-06-21,,-0.04,,,70.07,5.16,5.2,15.52,,
2006-06-22,,-0.03,,,70.62,5.2,5.23,15.88,,
2006-06-23,,-0.04,,-0.638,70.5,5.23,5.27,15.89,,
2006-06-26,,-0.02,,,71.63,5.25,5.27,15.62,,
2006-06-27,,-0.03,,,72.05,5.21,5.24,16.4,,
2006-06-28,,-0.04,,,72.15,5.25,5.29,15.79,,
2006-06-29,,0.01,,,73.5,5.22,5.21,13.03,,
2006-06-30,,-0.01,,-0.7234,73.94,5.15,5.16,13.08,,
2006-07-01,5.24,,,,,,,,84.7,0.0
2006-07-03,,-0.02,,,,5.15,5.17,13.05,,
2006-07-04,,,,,,,,,,
2006-07-05,,-0.01,,,75.2,5.23,5.24,14.15,,
2006-07-06,,-0.03,,,75.0,5.19,5.22,13.65,,
2006-07-07,,-0.03,,-0.855,73.76,5.14,5.17,13.97,,
2006-07-10,,-0.04,,,73.5,5.13,5.17,14.02,,
2006-07-11,,-0.07,,,74.05,5.1,5.17,13.14,,
2006-07-12,,-0.07,,,74.99,5.1,5.17,14.49,,
2006-07-13,,-0.04,,,76.7,5.08,5.12,17.79,,
2006-07-14,,-0.01,,-0.6575,76.8,5.07,5.08,18.05,,
2006-07-17,,-0.05,,,75.7,5.07,5.12,18.64,,
2006-07-18,,-0.06,,,73.87,5.13,5.19,17.74,,
2006-07-19,,-0.06,,,72.79,5.06,5.12,15.55,,
2006-07-20,,-0.03,,,74.0,5.03,5.06,16.21,,
2006-07-21,,-0.03,,-0.6798,73.52,5.05,5.08,17.4,,
2006-07-24,,-0.05,,,74.29,5.05,5.1,14.98,,
2006-07-25,,-0.04,,,73.46,5.07,5.11,14.85,,
2006-07-26,,-0.02,,,73.82,5.04,5.06,14.62,,
2006-07-27,,0.0,,,74.5,5.07,5.07,14.94,,
2006-07-28,,0.02,,-0.8439,73.3,5.0,4.98,14.33,,
2006-07-31,,0.02,,,74.56,4.99,4.97,14.95,,
2006-08-01,5.25,0.02,,,74.93,4.99,4.97,15.05,82.0,0.0
2006-08-02,,-0.01,,,76.16,4.96,4.97,14.34,,
2006-08-03,,-0.02,,,75.59,4.96,4.98,14.46,,
2006-08-04,,0.0,,-0.7951,74.78,4.91,4.91,14.34,,
2006-08-07,,-0.03,,,77.05,4.93,4.96,15.23,,
2006-08-08,,0.02,,,76.29,4.93,4.91,15.23,,
2006-08-09,,0.01,,,76.28,4.92,4.91,15.2,,
2006-08-10,,0.0,,,74.17,4.93,4.93,14.46,,
2006-08-11,,0.01,,-0.8473,74.38,4.97,4.96,14.3,,
2006-08-14,,-0.01,,,73.33,5.0,5.01,14.26,,
2006-08-15,,-0.01,,,72.95,4.93,4.94,13.42,,
2006-08-16,,0.0,,,71.64,4.87,4.87,12.41,,
2006-08-17,,-0.02,,,70.12,4.87,4.89,12.24,,
2006-08-18,,-0.03,,-0.9639,70.93,4.84,4.87,11.64,,
2006-08-21,,-0.03,,,72.45,4.82,4.85,12.22,,
2006-08-22,,-0.05,,,72.55,4.82,4.87,12.19,,
2006-08-23,,-0.05,,,71.45,4.82,4.87,12.4,,
2006-08-24,,-0.07,,,72.02,4.81,4.88,12.4,,
2006-08-25,,-0.07,,-0.9149,72.13,4.79,4.86,12.31,,
2006-08-28,,-0.08,,,70.47,4.8,4.88,12.18,,
2006-08-29,,-0.08,,,69.74,4.79,4.87,12.28,,
2006-08-30,,-0.07,,,70.2,4.76,4.83,12.22,,
2006-08-31,,-0.05,,,70.38,4.74,4.79,12.31,,
2006-09-01,5.25,-0.04,,-0.8744,69.24,4.73,4.77,11.96,85.4,0.0
2006-09-04,,,,,,,,,,
2006-09-05,,-0.02,,,68.7,4.78,4.8,12.63,,
2006-09-06,,-0.02,,,67.75,4.8,4.82,13.74,,
2006-09-07,,-0.02,,,67.37,4.8,4.82,13.88,,
2006-09-08,,-0.02,,-0.8034,66.3,4.78,4.8,13.16,,
2006-09-11,,-0.03,,,65.42,4.8,4.83,12.99,,
2006-09-12,,-0.04,,,63.81,4.78,4.82,11.92,,
2006-09-13,,-0.03,,,64.09,4.77,4.8,11.18,,
2006-09-14,,-0.04,,,63.27,4.79,4.83,11.55,,
2006-09-15,,-0.07,,-0.8167,63.3,4.8,4.87,11.76,,
2006-09-18,,-0.07,,,63.84,4.81,4.88,11.78,,
2006-09-19,,-0.05,,,61.77,4.74,4.79,11.98,,
2006-09-20,,-0.08,,,60.0,4.73,4.81,11.39,,
2006-09-21,,-0.06,,,61.62,4.65,4.71,12.25,,
2006-09-22,,-0.07,,-0.7012,59.79,4.6,4.67,12.59,,
2006-09-25,,-0.07,,,60.74,4.56,4.63,12.12,,
2006-09-26,,-0.09,,,60.63,4.59,4.68,11.53,,
2006-09-27,,-0.06,,,62.96,4.6,4.66,11.58,,
2006-09-28,,-0.05,,,62.46,4.63,4.68,11.72,,
2006-09-29,,-0.07,,-0.6517,62.9,4.64,4.71,11.98,,
2006-10-01,5.25,,,,,,,,93.6,0.0
2006-10-02,,-0.04,,,60.96,4.62,4.66,12.57,,
2006-10-03,,-0.05,,,58.64,4.62,4.67,12.24,,
2006-10-04,,-0.03,,,59.53,4.57,4.6,11.86,,
2006-10-05,,-0.04,,,60.02,4.61,4.65,11.98,,
2006-10-06,,-0.04,,-0.7335,59.68,4.7,4.74,11.56,,
2006-10-09,,,,,59.93,,,11.68,,
2006-10-10,,-0.07,,,58.5,4.75,4.82,11.52,,
2006-10-11,,-0.07,,,57.56,4.78,4.85,11.62,,
2006-10-12,,-0.06,,,58.23,4.79,4.85,11.09,,
2006-10-13,,-0.06,,-0.9816,58.69,4.81,4.87,10.75,,
2006-10-16,,-0.06,,,59.91,4.79,4.85,11.09,,
2006-10-17,,-0.05,,,58.91,4.78,4.83,11.73,,
2006-10-18,,-0.08,,,57.66,4.77,4.85,11.34,,
2006-10-19,,-0.06,,,58.55,4.79,4.85,10.9,,
2006-10-20,,-0.08,,-0.9274,57.35,4.79,4.87,10.63,,
2006-10-23,,-0.07,,,56.74,4.83,4.9,11.08,,
2006-10-24,,-0.08,,,57.55,4.83,4.91,10.78,,
2006-10-25,,-0.1,,,59.09,4.78,4.88,10.66,,
2006-10-26,,-0.08,,,60.27,4.73,4.81,10.56,,
2006-10-27,,-0.08,,-0.9784,60.75,4.68,4.76,10.8,,
2006-10-30,,-0.1,,,58.41,4.68,4.78,11.2,,
2006-10-31,,-0.1,,,58.72,4.61,4.71,11.1,,
2006-11-01,5.25,-0.09,,,58.64,4.57,4.66,11.51,92.1,0.0
2006-11-02,,-0.07,,,57.87,4.6,4.67,11.42,,
2006-11-03,,-0.1,,-0.8332,59.13,4.72,4.82,11.16,,
2006-11-06,,-0.11,,,60.11,4.71,4.82,11.16,,
2006-11-07,,-0.11,,,58.94,4.66,4.77,11.09,,
2006-11-08,,-0.11,,,59.93,4.64,4.75,10.75,,
2006-11-09,,-0.13,,,61.18,4.62,4.75,11.01,,
2006-11-10,,-0.14,,-0.9674,59.66,4.59,4.73,10.79,,
2006-11-13,,-0.15,,,58.59,4.61,4.76,10.86,,
2006-11-14,,-0.17,,,58.28,4.57,4.74,10.5,,
2006-11-15,,-0.19,,,58.79,4.61,4.8,10.31,,
2006-11-16,,-0.19,,,56.23,4.66,4.85,10.16,,
2006-11-17,,-0.15,,-0.9583,55.9,4.61,4.76,10.05,,
2006-11-20,,-0.16,,,56.42,4.6,4.76,9.97,,
2006-11-21,,-0.17,,,58.01,4.58,4.75,9.9,,
2006-11-22,,-0.17,,,57.28,4.57,4.74,10.14,,
2006-11-23,,,,,,,,,,
2006-11-24,,-0.18,,-0.8699,,4.55,4.73,10.73,,
2006-11-27,,-0.17,,,60.3,4.54,4.71,12.3,,
2006-11-28,,-0.16,,,60.97,4.51,4.67,11.62,,
2006-11-29,,-0.17,,,62.45,4.52,4.69,10.83,,
2006-11-30,,-0.16,,,62.97,4.46,4.62,10.91,,
2006-12-01,5.24,-0.09,,-0.7251,63.43,4.43,4.52,11.66,91.7,0.0
2006-12-04,,-0.09,,,62.39,4.43,4.52,11.23,,
2006-12-05,,-0.07,,,62.4,4.45,4.52,11.27,,
2006-12-06,,-0.11,,,62.2,4.48,4.59,11.33,,
2006-12-07,,-0.09,,,62.54,4.49,4.58,12.67,,
2006-12-08,,-0.12,,-0.827,62.06,4.56,4.68,12.07,,
2006-12-11,,-0.15,,,61.26,4.52,4.67,10.71,,
2006-12-12,,-0.12,,,61.06,4.49,4.61,10.65,,
2006-12-13,,-0.12,,,61.34,4.58,4.7,10.18,,
2006-12-14,,-0.13,,,62.48,4.6,4.73,9.97,,
2006-12-15,,-0.13,,-0.8842,63.4,4.6,4.73,10.05,,
2006-12-18,,-0.11,,,62.19,4.6,4.71,10.6,,
2006-12-19,,-0.11,,,62.87,4.6,4.71,10.3,,
2006-12-20,,-0.11,,,63.08,4.6,4.71,10.26,,
2006-12-21,,-0.11,,,62.05,4.55,4.66,10.53,,
2006-12-22,,-0.08,,-0.8404,61.81,4.63,4.71,11.36,,
2006-12-25,,,,,,,,,,
2006-12-26,,-0.1,,,61.07,4.61,4.71,11.26,,
2006-12-27,,-0.11,,,60.31,4.66,4.77,10.64,,
2006-12-28,,-0.12,,,60.39,4.7,4.82,10.99,,
2006-12-29,,-0.11,,-0.892,60.85,4.71,4.82,11.56,,
2007-01-01,5.25,,,,,,,,96.9,0.0
2007-01-02,,-0.12,,,60.77,4.68,4.8,,,
2007-01-03,,-0.09,,,58.31,4.67,4.76,12.04,,
2007-01-04,,-0.09,,,55.65,4.62,4.71,11.51,,
2007-01-05,,-0.11,,-0.8228,56.29,4.65,4.76,12.14,,
2007-01-08,,-0.12,,,56.08,4.66,4.78,12.0,,
2007-01-09,,-0.13,,,55.65,4.66,4.79,11.91,,
2007-01-10,,-0.12,,,53.95,4.69,4.81,11.47,,
2007-01-11,,-0.12,,,51.91,4.74,4.86,10.87,,
2007-01-12,,-0.11,,-0.9578,52.96,4.77,4.88,10.15,,
2007-01-15,,,,,,,,,,
2007-01-16,,-0.11,,,51.23,4.75,4.86,10.74,,
2007-01-17,,-0.12,,,52.3,4.79,4.91,10.59,,
2007-01-18,,-0.14,,,50.51,4.75,4.89,10.85,,
2007-01-19,,-0.15,,-1.0814,51.98,4.78,4.93,10.4,,
2007-01-22,,-0.15,,,51.11,4.76,4.91,10.77,,
2007-01-23,,-0.13,,,53.61,4.81,4.94,10.34,,
2007-01-24,,-0.12,,,54.24,4.81,4.93,9.89,,
2007-01-25,,-0.11,,,53.49,4.87,4.98,11.22,,
2007-01-26,,-0.11,,-1.1126,55.38,4.88,4.99,11.13,,
2007-01-29,,-0.09,,,54.01,4.9,4.99,11.45,,
2007-01-30,,-0.1,,,57.03,4.88,4.98,10.96,,
2007-01-31,,-0.11,,,58.17,4.83,4.94,10.42,,
2007-02-01,5.26,-0.12,,,57.35,4.84,4.96,10.31,91.3,0.0
2007-02-02,,-0.11,,-1.0583,59.01,4.83,4.94,10.08,,
2007-02-05,,-0.11,,,58.69,4.81,4.92,10.55,,
2007-02-06,,-0.13,,,58.91,4.77,4.9,10.65,,
2007-02-07,,-0.13,,,57.75,4.74,4.87,10.32,,
2007-02-08,,-0.14,,,59.76,4.73,4.87,10.44,,
2007-02-09,,-0.13,,-1.069,59.86,4.79,4.92,11.1,,
2007-02-12,,-0.14,,,57.76,4.8,4.94,11.61,,
2007-02-13,,-0.13,,,58.98,4.82,4.95,10.34,,
2007-02-14,,-0.13,,,58.0,4.74,4.87,10.23,,
2007-02-15,,-0.13,,,57.92,4.7,4.83,10.22,,
2007-02-16,,-0.14,,-1.1009,59.38,4.69,4.83,10.02,,
2007-02-19,,,,,,,,,,
2007-02-20,,-0.13,,,58.32,4.68,4.81,10.24,,
2007-02-21,,-0.13,,,59.4,4.69,4.82,10.2,,
2007-02-22,,-0.14,,,60.28,4.73,4.87,10.18,,
2007-02-23,,-0.14,,-1.1281,60.28,4.68,4.82,10.58,,
2007-02-26,,-0.14,,,61.41,4.63,4.77,11.15,,
2007-02-27,,-0.09,,,61.46,4.5,4.59,18.31,,
2007-02-28,,-0.09,,,61.78,4.56,4.65,15.42,,
2007-03-01,5.26,-0.07,,,61.97,4.56,4.63,15.82,88.4,0.0
2007-03-02,,-0.04,,-0.6577,61.58,4.52,4.56,18.61,,
2007-03-05,,-0.02,,,60.05,4.51,4.53,19.63,,
2007-03-06,,-0.05,,,60.66,4.53,4.58,15.96,,
2007-03-07,,-0.04,,,61.85,4.5,4.54,15.24,,
2007-03-08,,-0.05,,,61.63,4.51,4.56,14.29,,
2007-03-09,,-0.07,,-0.7476,60.06,4.59,4.66,14.09,,
2007-03-12,,-0.06,,,58.94,4.56,4.62,13.99,,
2007-03-13,,-0.02,,,58.03,4.5,4.52,18.13,,
2007-03-14,,-0.01,,,58.15,4.53,4.54,17.27,,
2007-03-15,,-0.03,,,57.52,4.54,4.57,16.43,,
2007-03-16,,-0.03,,-0.7983,57.06,4.55,4.58,16.79,,
2007-03-19,,-0.03,,,56.65,4.58,4.61,14.59,,
2007-03-20,,-0.04,,,56.41,4.56,4.6,13.27,,
2007-03-21,,0.02,,,56.98,4.53,4.51,12.19,,
2007-03-22,,0.02,,,60.21,4.6,4.58,12.93,,
2007-03-23,,0.02,,-0.9637,61.07,4.62,4.6,12.95,,
2007-03-26,,0.04,,,61.77,4.6,4.56,13.16,,
2007-03-27,,0.04,,,62.98,4.62,4.58,13.48,,
2007-03-28,,0.09,,,64.11,4.62,4.53,14.98,,
2007-03-29,,0.06,,,66.1,4.64,4.58,15.14,,
2007-03-30,,0.07,,-0.889,65.94,4.65,4.58,14.64,,
2007-04-01,5.25,,,,,,,,87.1,0.0
2007-04-02,,0.05,,,66.03,4.65,4.6,14.53,,
2007-04-03,,0.04,,,64.59,4.67,4.63,13.46,,
2007-04-04,,0.05,,,64.4,4.66,4.61,13.24,,
2007-04-05,,0.05,,,64.26,4.68,4.63,13.23,,
2007-04-06,,0.01,,-0.8976,,4.76,4.75,,,
2007-04-09,,0.02,,,61.51,4.75,4.73,13.14,,
2007-04-10,,0.02,,,61.92,4.73,4.71,12.68,,
2007-04-11,,0.01,,,61.98,4.74,4.73,13.49,,
2007-04-12,,0.01,,,63.87,4.74,4.73,12.71,,
2007-04-13,,0.0,,-0.964,63.63,4.76,4.76,12.2,,
2007-04-16,,0.0,,,63.63,4.74,4.74,11.98,,
2007-04-17,,0.01,,,63.14,4.69,4.68,12.14,,
2007-04-18,,0.02,,,63.14,4.66,4.64,12.42,,
2007-04-19,,0.04,,,61.81,4.68,4.64,12.54,,
2007-04-20,,0.04,,-0.9484,63.56,4.68,4.64,12.07,,
2007-04-23,,0.04,,,65.33,4.66,4.62,13.04,,
2007-04-24,,0.05,,,64.1,4.63,4.58,13.12,,
2007-04-25,,0.03,,,65.33,4.66,4.63,13.21,,
2007-04-26,,0.02,,,65.08,4.69,4.67,12.79,,
2007-04-27,,0.04,,-0.909,66.45,4.71,4.67,12.45,,
2007-04-30,,0.03,,,65.78,4.63,4.6,14.22,,
2007-05-01,5.25,0.01,,,64.43,4.64,4.63,13.51,88.3,0.0
2007-05-02,,0.0,,,63.78,4.65,4.65,13.08,,
2007-05-03,,-0.03,,,63.23,4.68,4.71,13.09,,
2007-05-04,,-0.03,,-0.7841,61.89,4.65,4.68,12.91,,
2007-05-07,,-0.04,,,61.48,4.64,4.68,13.15,,
2007-05-08,,-0.05,,,62.26,4.63,4.68,13.21,,
2007-05-09,,-0.06,,,61.54,4.67,4.73,12.88,,
2007-05-10,,-0.05,,,61.85,4.65,4.7,13.6,,
2007-05-11,,-0.04,,-0.8329,62.35,4.67,4.71,12.95,,
2007-05-14,,-0.04,,,62.55,4.69,4.73,13.96,,
2007-05-15,,-0.04,,,63.16,4.71,4.75,14.01,,
2007-05-16,,-0.02,,,62.57,4.71,4.73,13.5,,
2007-05-17,,-0.02,,,64.83,4.76,4.78,13.51,,
2007-05-18,,-0.01,,-0.7794,64.93,4.81,4.82,12.76,,
2007-05-21,,-0.02,,,66.25,4.79,4.81,13.3,,
2007-05-22,,0.0,,,64.91,4.83,4.83,13.06,,
2007-05-23,,0.01,,,65.1,4.86,4.85,13.24,,
2007-05-24,,0.01,,,63.62,4.86,4.85,14.08,,
2007-05-25,,0.01,,-0.8569,64.59,4.86,4.85,13.34,,
2007-05-28,,,,,,,,,,
2007-05-29,,0.0,,,63.19,4.88,4.88,13.53,,
2007-05-30,,-0.01,,,63.47,4.88,4.89,12.83,,
2007-05-31,,-0.02,,,64.02,4.9,4.92,13.05,,
2007-06-01,5.25,-0.02,,-0.7641,65.09,4.95,4.97,12.78,85.3,0.0
2007-06-04,,-0.04,,,66.17,4.93,4.97,13.29,,
2007-06-05,,-0.01,,,65.63,4.98,4.99,13.63,,
2007-06-06,,0.0,,,65.97,4.97,4.97,14.87,,
2007-06-07,,0.08,,,66.93,5.11,5.03,17.06,,
2007-06-08,,0.11,,-0.6285,64.78,5.12,5.01,14.84,,
2007-06-11,,0.13,,,65.93,5.14,5.01,14.71,,
2007-06-12,,0.18,,,65.36,5.26,5.08,16.67,,
2007-06-13,,0.12,,,66.17,5.2,5.08,14.73,,
2007-06-14,,0.13,,,67.62,5.23,5.1,13.64,,
2007-06-15,,0.11,,-0.4806,68.04,5.16,5.05,13.94,,
2007-06-18,,0.14,,,69.06,5.15,5.01,13.42,,
2007-06-19,,0.15,,,69.15,5.09,4.94,12.85,,
2007-06-20,,0.17,,,68.5,5.14,4.97,14.67,,
2007-06-21,,0.18,,,68.35,5.16,4.98,14.21,,
2007-06-22,,0.22,,-0.443,68.85,5.14,4.92,15.75,,
2007-06-25,,0.22,,,68.83,5.09,4.87,16.65,,
2007-06-26,,0.2,,,67.78,5.1,4.9,18.89,,
2007-06-27,,0.18,,,68.98,5.09,4.91,15.53,,
2007-06-28,,0.16,,,69.61,5.12,4.96,15.54,,
2007-06-29,,0.16,,-0.3681,70.47,5.03,4.87,16.23,,
2007-07-01,5.26,,,,,,,,90.4,0.0
2007-07-02,,0.14,,,71.11,5.0,4.86,15.4,,
2007-07-03,,0.16,,,71.41,5.05,4.89,14.92,,
2007-07-04,,,,,,,,,,
2007-07-05,,0.17,,,71.81,5.16,4.99,15.48,,
2007-07-06,,0.2,,-0.6676,72.8,5.19,4.99,14.72,,
2007-07-09,,0.19,,,72.14,5.16,4.97,15.16,,
2007-07-10,,0.18,,,72.8,5.03,4.85,17.57,,
2007-07-11,,0.2,,,72.58,5.09,4.89,16.64,,
2007-07-12,,0.19,,,72.55,5.13,4.94,15.54,,
2007-07-13,,0.17,,-0.5836,73.89,5.11,4.94,15.15,,
2007-07-16,,0.16,,,74.11,5.05,4.89,15.59,,
2007-07-17,,0.17,,,74.03,5.08,4.91,15.63,,
2007-07-18,,0.18,,,75.03,5.02,4.84,16.0,,
2007-07-19,,0.17,,,75.9,5.04,4.87,15.23,,
2007-07-20,,0.17,,-0.578,75.53,4.96,4.79,16.95,,
2007-07-23,,0.17,,,74.65,4.97,4.8,16.81,,
2007-07-24,,0.17,,,73.38,4.94,4.77,18.55,,
2007-07-25,,0.18,,,75.74,4.92,4.74,18.1,,
2007-07-26,,0.23,,,74.96,4.79,4.56,20.74,,
2007-07-27,,0.24,,-0.0187,77.03,4.8,4.56,24.17,,
2007-07-30,,0.23,,,76.82,4.82,4.59,20.87,,
2007-07-31,,0.22,,,78.2,4.78,4.56,23.52,,
2007-08-01,5.02,0.2,,,76.49,4.76,4.56,23.67,83.4,0.0
2007-08-02,,0.18,,,76.84,4.77,4.59,21.22,,
2007-08-03,,0.25,,0.1069,75.41,4.71,4.46,25.16,,
2007-08-06,,0.26,,,72.03,4.72,4.46,22.94,,
2007-08-07,,0.21,,,72.25,4.77,4.56,21.56,,
2007-08-08,,0.2,,,72.23,4.84,4.64,21.45,,
2007-08-09,,0.3,,,71.62,4.79,4.49,26.48,,
2007-08-10,,0.34,,0.2293,71.49,4.81,4.47,28.3,,
2007-08-13,,0.32,,,71.6,4.78,4.46,26.57,,
2007-08-14,,0.34,,,72.4,4.73,4.39,27.68,,
2007-08-15,,0.42,,,73.36,4.69,4.27,30.67,,
2007-08-16,,0.52,,,70.99,4.6,4.08,30.83,,
2007-08-17,,0.5,,1.4471,71.9,4.68,4.18,29.99,,
2007-08-20,,0.53,,,71.12,4.64,4.11,26.33,,
2007-08-21,,0.55,,,69.49,4.6,4.05,25.25,,
2007-08-22,,0.48,,,69.3,4.63,4.15,22.89,,
2007-08-23,,0.42,,,69.86,4.62,4.2,22.62,,
2007-08-24,,0.33,,1.6734,71.17,4.63,4.3,20.72,,
2007-08-27,,0.32,,,71.98,4.6,4.28,22.72,,
2007-08-28,,0.4,,,71.79,4.53,4.13,26.3,,
2007-08-29,,0.43,,,73.52,4.57,4.14,23.81,,
2007-08-30,,0.43,,,73.37,4.51,4.08,25.06,,
2007-08-31,,0.39,,1.1469,73.98,4.54,4.15,23.38,,
2007-09-01,4.94,,,,,,,,83.4,0.0
2007-09-03,,,,,,,,,,
2007-09-04,,0.43,,,75.07,4.56,4.13,22.78,,
2007-09-05,,0.45,,,75.74,4.48,4.03,24.58,,
2007-09-06,,0.43,,,76.34,4.51,4.08,23.99,,
2007-09-07,,0.48,,1.5006,76.7,4.38,3.9,26.23,,
2007-09-10,,0.47,,,77.53,4.34,3.87,27.38,,
2007-09-11,,0.42,,,78.16,4.37,3.95,25.27,,
2007-09-12,,0.46,,,79.85,4.41,3.95,24.96,,
2007-09-13,,0.41,,,80.05,4.49,4.08,24.76,,
2007-09-14,,0.42,,1.6742,79.14,4.47,4.05,24.92,,
2007-09-17,,0.4,,,80.55,4.48,4.08,26.48,,
2007-09-18,,0.5,,,81.51,4.5,4.0,20.35,,
2007-09-19,,0.53,,,81.99,4.53,4.0,20.03,,
2007-09-20,,0.59,,,83.85,4.69,4.1,20.45,,
2007-09-21,,0.58,,0.8379,83.38,4.64,4.06,19.0,,
2007-09-24,,0.58,,,82.51,4.63,4.05,19.37,,
2007-09-25,,0.63,,,81.2,4.63,4.0,18.6,,
2007-09-26,,0.66,,,80.31,4.63,3.97,17.63,,
2007-09-27,,0.63,,,82.86,4.58,3.95,17.0,,
2007-09-28,,0.62,,0.9006,81.64,4.59,3.97,18.0,,
2007-10-01,4.76,0.54,,,80.31,4.56,4.02,17.84,80.9,0.0
2007-10-02,,0.56,,,80.0,4.54,3.98,18.49,,
2007-10-03,,0.53,,,79.97,4.55,4.02,18.8,,
2007-10-04,,0.54,,,81.48,4.54,4.0,18.44,,
2007-10-05,,0.57,,0.7413,81.2,4.65,4.08,16.91,,
2007-10-08,,,,,78.97,,,17.46,,
2007-10-09,,0.52,,,80.23,4.67,4.15,16.12,,
2007-10-10,,0.5,,,81.3,4.65,4.15,16.67,,
2007-10-11,,0.53,,,83.05,4.66,4.13,18.88,,
2007-10-12,,0.47,,0.404,83.73,4.7,4.23,17.73,,
2007-10-15,,0.47,,,86.19,4.69,4.22,19.25,,
2007-10-16,,0.54,,,87.58,4.66,4.12,20.02,,
2007-10-17,,0.57,,,87.19,4.57,4.0,18.54,,
2007-10-18,,0.59,,,89.48,4.52,3.93,18.5,,
2007-10-19,,0.61,,0.8184,88.58,4.41,3.8,22.96,,
2007-10-22,,0.57,,,87.6,4.42,3.85,21.64,,
2007-10-23,,0.6,,,86.45,4.41,3.81,20.41,,
2007-10-24,,0.62,,,88.3,4.36,3.74,20.8,,
2007-10-25,,0.63,,,92.09,4.37,3.74,21.17,,
2007-10-26,,0.64,,0.8704,91.73,4.41,3.77,19.56,,
2007-10-29,,0.6,,,93.45,4.39,3.79,19.87,,
2007-10-30,,0.58,,,90.33,4.4,3.82,21.07,,
2007-10-31,,0.54,,,94.16,4.48,3.94,18.53,,
2007-11-01,4.49,0.59,,,93.53,4.36,3.77,23.21,76.1,0.0
2007-11-02,,0.65,,0.5856,95.81,4.31,3.66,23.01,,
2007-11-05,,0.66,,,94.06,4.35,3.69,24.31,,
2007-11-06,,0.68,,,96.65,4.38,3.7,21.39,,
2007-11-07,,0.73,,,96.46,4.34,3.61,26.49,,
2007-11-08,,0.81,,,95.51,4.28,3.47,26.16,,
2007-11-09,,0.81,,1.412,96.36,4.23,3.42,28.5,,
2007-11-12,,,,,94.4,,,31.09,,
2007-11-13,,0.72,,,91.18,4.26,3.54,24.1,,
2007-11-14,,0.71,,,94.02,4.28,3.57,25.94,,
2007-11-15,,0.82,,,93.37,4.17,3.35,28.06,,
2007-11-16,,0.82,,1.4436,94.81,4.15,3.33,25.49,,
2007-11-19,,0.89,,,95.75,4.07,3.18,26.01,,
2007-11-20,,0.92,,,99.16,4.06,3.14,24.88,,
2007-11-21,,1.01,,,98.57,4.0,2.99,26.84,,
2007-11-22,,,,,,,,,,
2007-11-23,,0.94,,2.2229,98.24,4.01,3.07,25.61,,
2007-11-26,,0.91,,,97.66,3.83,2.92,28.91,,
2007-11-27,,0.9,,,94.39,3.95,3.05,26.28,,
2007-11-28,,0.86,,,90.71,4.03,3.17,24.11,,
2007-11-29,,0.88,,,90.98,3.94,3.06,23.97,,
2007-11-30,,0.93,,2.351,88.6,3.97,3.04,22.87,,
2007-12-01,4.24,,,,,,,,75.5,0.0
2007-12-03,,0.99,,,89.29,3.89,2.9,23.61,,
2007-12-04,,0.99,,,88.31,3.89,2.9,23.79,,
2007-12-05,,1.02,,,87.45,3.92,2.9,22.53,,
2007-12-06,,0.99,,,90.25,4.02,3.03,20.96,,
2007-12-07,,1.0,,2.1561,88.23,4.12,3.12,20.85,,
2007-12-10,,0.98,,,87.72,4.15,3.17,20.74,,
2007-12-11,,1.04,,,90.12,3.98,2.94,23.59,,
2007-12-12,,0.98,,,94.41,4.05,3.07,22.47,,
2007-12-13,,0.97,,,92.35,4.18,3.21,22.56,,
2007-12-14,,0.93,,2.2059,91.31,4.24,3.31,23.27,,
2007-12-17,,0.96,,,90.69,4.2,3.24,24.52,,
2007-12-18,,0.95,,,89.93,4.14,3.19,22.64,,
2007-12-19,,0.94,,,91.11,4.06,3.12,21.68,,
2007-12-20,,0.95,,,90.88,4.04,3.09,20.58,,
2007-12-21,,0.99,,2.09,93.19,4.18,3.19,18.47,,
2007-12-24,,0.99,,,94.0,4.23,3.24,18.6,,
2007-12-25,,,,,,,,,,
2007-12-26,,0.99,,,95.89,4.3,3.31,18.66,,
2007-12-27,,0.97,,,96.63,4.21,3.24,20.26,,
2007-12-28,,0.99,,1.5204,96.03,4.11,3.12,20.74,,
2007-12-31,,0.99,,,95.95,4.04,3.05,22.5,,
2008-01-01,3.94,,,,,,,,78.4,1.0
2008-01-02,,1.03,,,99.64,3.91,2.88,23.17,,
2008-01-03,,1.08,,,99.17,3.91,2.83,22.49,,
2008-01-04,,1.14,,1.8101,97.9,3.88,2.74,23.94,,
2008-01-07,,1.1,,,95.08,3.86,2.76,23.79,,
2008-01-08,,1.1,,,96.43,3.86,2.76,25.43,,
2008-01-09,,1.13,,,95.64,3.82,2.69,24.12,,
2008-01-10,,1.2,,,93.92,3.91,2.71,23.45,,
2008-01-11,,1.23,,1.3858,92.74,3.82,2.59,23.68,,
2008-01-14,,1.23,,,94.23,3.81,2.58,22.9,,
2008-01-15,,1.19,,,91.87,3.72,2.53,23.34,,
2008-01-16,,1.23,,,90.8,3.74,2.51,24.38,,
2008-01-17,,1.22,,,90.11,3.66,2.44,28.46,,
2008-01-18,,1.3,,1.0886,90.55,3.66,2.36,27.18,,
2008-01-21,,,,,,,,,,
2008-01-22,,1.44,,,89.64,3.52,2.08,31.01,,
2008-01-23,,1.42,,,87.65,3.51,2.09,29.02,,
2008-01-24,,1.43,,,89.98,3.68,2.25,27.78,,
2008-01-25,,1.38,,1.8341,90.37,3.61,2.23,29.08,,
2008-01-28,,1.41,,,90.99,3.61,2.2,27.78,,
2008-01-29,,1.4,,,91.66,3.69,2.29,27.32,,
2008-01-30,,1.48,,,92.34,3.78,2.3,27.62,,
2008-01-31,,1.5,,,91.67,3.67,2.17,26.2,,
2008-02-01,2.98,1.53,,1.1203,89.03,3.62,2.09,24.02,70.8,1.0
2008-02-04,,1.6,,,90.07,3.68,2.08,25.99,,
2008-02-05,,1.68,,,88.32,3.61,1.93,28.24,,
2008-02-06,,1.65,,,87.16,3.61,1.96,28.97,,
2008-02-07,,1.75,,,88.07,3.74,1.99,27.66,,
2008-02-08,,1.71,,1.5705,91.77,3.64,1.93,28.01,,
2008-02-11,,1.69,,,93.56,3.62,1.93,27.6,,
2008-02-12,,1.72,,,92.82,3.66,1.94,26.33,,
2008-02-13,,1.79,,,93.28,3.7,1.91,24.88,,
2008-02-14,,1.92,,,95.42,3.85,1.93,25.54,,
2008-02-15,,1.85,,1.2688,95.57,3.76,1.91,25.02,,
2008-02-18,,,,,,,,,,
2008-02-19,,1.83,,,99.99,3.89,2.06,25.59,,
2008-02-20,,1.79,,,100.86,3.93,2.14,24.4,,
2008-02-21,,1.79,,,98.57,3.77,1.98,25.12,,
2008-02-22,,1.81,,1.1218,99.03,3.79,1.98,24.06,,
2008-02-25,,1.78,,,99.4,3.91,2.13,23.03,,
2008-02-26,,1.84,,,100.83,3.88,2.04,21.9,,
2008-02-27,,1.84,,,99.59,3.85,2.01,22.69,,
2008-02-28,,1.84,,,102.6,3.71,1.87,23.53,,
2008-02-29,,1.88,,1.4812,101.78,3.53,1.65,26.54,,
2008-03-01,2.61,,,,,,,,69.5,1.0
2008-03-03,,1.93,,,102.42,3.54,1.61,26.28,,
2008-03-04,,1.98,,,99.72,3.63,1.65,25.52,,
2008-03-05,,2.04,,,104.45,3.7,1.66,24.6,,
2008-03-06,,2.09,,,105.51,3.62,1.53,27.55,,
2008-03-07,,2.03,,2.6169,105.12,3.56,1.53,27.49,,
2008-03-10,,1.99,,,107.9,3.46,1.47,29.38,,
2008-03-11,,1.86,,,108.73,3.6,1.74,26.36,,
2008-03-12,,1.86,,,109.86,3.49,1.63,27.22,,
2008-03-13,,1.93,,,110.21,3.56,1.63,27.29,,
2008-03-14,,1.97,,2.2212,110.03,3.44,1.47,31.16,,
2008-03-17,,1.99,,,105.74,3.34,1.35,32.24,,
2008-03-18,,1.9,,,109.57,3.48,1.58,25.79,,
2008-03-19,,1.84,,,103.25,3.38,1.54,29.84,,
2008-03-20,,1.75,,,102.57,3.34,1.59,26.62,,
2008-03-21,,,,2.7026,,,,,,
2008-03-24,,1.72,,,101.7,3.56,1.84,25.73,,
2008-03-25,,1.72,,,101.78,3.51,1.79,25.72,,
2008-03-26,,1.8,,,105.83,3.51,1.71,26.08,,
2008-03-27,,1.83,,,107.56,3.56,1.73,25.88,,
2008-03-28,,1.8,,1.7544,105.59,3.47,1.67,25.71,,
2008-03-31,,1.83,,,101.54,3.45,1.62,25.61,,
2008-04-01,2.28,1.77,,,100.92,3.57,1.8,22.68,62.6,1.0
2008-04-02,,1.72,,,104.83,3.6,1.88,23.43,,
2008-04-03,,1.7,,,103.92,3.61,1.91,23.21,,
2008-04-04,,1.67,,1.7689,106.09,3.5,1.83,22.45,,
2008-04-07,,1.62,,,108.91,3.57,1.95,22.42,,
2008-04-08,,1.71,,,108.54,3.58,1.87,22.36,,
2008-04-09,,1.72,,,110.89,3.49,1.77,22.81,,
2008-04-10,,1.71,,,110.07,3.55,1.84,21.98,,
2008-04-11,,1.73,,1.917,110.14,3.49,1.76,23.46,,
2008-04-14,,1.75,,,111.71,3.53,1.78,23.82,,
2008-04-15,,1.76,,,113.77,3.6,1.84,22.78,,
2008-04-16,,1.74,,,114.8,3.72,1.98,20.53,,
2008-04-17,,1.62,,,114.8,3.75,2.13,20.37,,
2008-04-18,,1.58,,1.9861,116.56,3.77,2.19,20.13,,
2008-04-21,,1.55,,,117.48,3.75,2.2,20.5,,
2008-04-22,,1.5,,,119.17,3.74,2.24,20.87,,
2008-04-23,,1.55,,,119.28,3.77,2.22,20.26,,
2008-04-24,,1.46,,,117.1,3.87,2.41,20.06,,
2008-04-25,,1.47,,1.7301,119.64,3.91,2.44,19.59,,
2008-04-28,,1.5,,,118.78,3.86,2.36,19.64,,
2008-04-29,,1.5,,,115.67,3.85,2.35,20.24,,
2008-04-30,,1.48,,,113.7,3.77,2.29,20.79,,
2008-05-01,1.98,1.41,,,112.6,3.78,2.37,18.88,59.8,1.0
2008-05-02,,1.42,,1.3374,116.36,3.89,2.47,18.18,,
2008-05-05,,1.46,,,119.94,3.88,2.42,18.9,,
2008-05-06,,1.55,,,121.82,3.93,2.38,18.21,,
2008-05-07,,1.56,,,123.56,3.87,2.31,19.73,,
2008-05-08,,1.54,,,123.77,3.79,2.25,19.4,,
2008-05-09,,1.52,,1.1687,125.94,3.77,2.25,19.41,,
2008-05-12,,1.48,,,124.02,3.78,2.3,17.79,,
2008-05-13,,1.43,,,125.83,3.9,2.47,17.98,,
2008-05-14,,1.39,,,124.21,3.92,2.53,17.66,,
2008-05-15,,1.38,,,124.25,3.83,2.45,16.3,,
2008-05-16,,1.38,,0.8624,126.5,3.85,2.47,16.47,,
2008-05-19,,1.41,,,127.15,3.83,2.42,17.01,,
2008-05-20,,1.44,,,128.93,3.78,2.34,17.58,,
2008-05-21,,1.4,,,132.99,3.81,2.41,18.59,,
2008-05-22,,1.36,,,130.04,3.92,2.56,18.05,,
2008-05-23,,1.39,,0.7752,131.58,3.85,2.46,19.55,,
2008-05-26,,,,,,,,,,
2008-05-27,,1.38,,,128.81,3.93,2.55,19.64,,
2008-05-28,,1.41,,,131.0,4.03,2.62,19.07,,
2008-05-29,,1.41,,,126.7,4.08,2.67,18.14,,
2008-05-30,,1.4,,0.7853,127.35,4.06,2.66,17.83,,
2008-06-01,2.0,,,,,,,,56.4,1.0
2008-06-02,,1.47,,,127.75,3.98,2.51,19.83,,
2008-06-03,,1.47,,,124.33,3.92,2.45,20.24,,
2008-06-04,,1.51,,,122.3,3.98,2.47,20.8,,
2008-06-05,,1.54,,,127.93,4.06,2.52,18.63,,
2008-06-06,,1.54,,1.1993,138.51,3.94,2.4,23.56,,
2008-06-09,,1.29,,,134.44,4.02,2.73,23.12,,
2008-06-10,,1.2,,,131.38,4.11,2.91,23.18,,
2008-06-11,,1.27,,,136.43,4.1,2.83,24.12,,
2008-06-12,,1.2,,,136.91,4.23,3.03,23.33,,
2008-06-13,,1.22,,1.0446,134.84,4.27,3.05,21.22,,
2008-06-16,,1.23,,,134.52,4.25,3.02,20.95,,
2008-06-17,,1.29,,,133.99,4.23,2.94,21.13,,
2008-06-18,,1.27,,,136.54,4.16,2.89,22.24,,
2008-06-19,,1.23,,,131.88,4.22,2.99,21.58,,
2008-06-20,,1.28,,1.1252,134.78,4.16,2.88,22.87,,
2008-06-23,,1.21,,,135.98,4.19,2.98,22.64,,
2008-06-24,,1.23,,,136.49,4.1,2.87,22.42,,
2008-06-25,,1.3,,,133.92,4.12,2.82,21.14,,
2008-06-26,,1.39,,,138.91,4.07,2.68,23.93,,
2008-06-27,,1.34,,1.6854,139.69,3.99,2.65,23.44,,
2008-06-30,,1.36,,,139.96,3.99,2.63,23.95,,
2008-07-01,2.01,1.38,,,141.06,4.01,2.63,23.65,61.2,1.0
2008-07-02,,1.39,,,143.74,3.99,2.6,25.92,,
2008-07-03,,1.45,,,145.31,3.99,2.54,24.79,,
2008-07-04,,,,1.7518,,,,,,
2008-07-07,,1.48,,,141.38,3.95,2.47,25.78,,
2008-07-08,,1.44,,,136.06,3.91,2.47,23.15,,
2008-07-09,,1.44,,,135.88,3.85,2.41,25.23,,
2008-07-10,,1.39,,,141.47,3.83,2.44,25.59,,
2008-07-11,,1.37,,1.711,144.96,3.96,2.59,27.49,,
2008-07-14,,1.43,,,145.16,3.9,2.47,28.48,,
2008-07-15,,1.48,,,138.68,3.87,2.39,28.54,,
2008-07-16,,1.53,,,134.63,3.97,2.44,25.1,,
2008-07-17,,1.49,,,129.43,4.07,2.58,25.01,,
2008-07-18,,1.45,,1.7884,128.94,4.11,2.66,24.05,,
2008-07-21,,1.43,,,131.43,4.09,2.66,23.05,,
2008-07-22,,1.4,,,127.25,4.14,2.74,21.18,,
2008-07-23,,1.35,,,123.73,4.16,2.81,21.31,,
2008-07-24,,1.42,,,124.62,4.03,2.61,23.44,,
2008-07-25,,1.43,,1.1325,122.59,4.13,2.7,22.91,,
2008-07-28,,1.47,,,124.72,4.06,2.59,24.23,,
2008-07-29,,1.44,,,122.21,4.09,2.65,22.03,,
2008-07-30,,1.43,,,126.74,4.07,2.64,21.21,,
2008-07-31,,1.47,,,124.17,3.99,2.52,22.94,,
2008-08-01,2.0,1.46,,1.5965,125.03,3.97,2.51,22.57,63.0,1.0
2008-08-04,,1.45,,,121.45,3.98,2.53,23.49,,
2008-08-05,,1.5,,,118.71,4.04,2.54,21.14,,
2008-08-06,,1.5,,,118.57,4.06,2.56,20.23,,
2008-08-07,,1.49,,,119.84,3.92,2.43,21.15,,
2008-08-08,,1.43,,1.4595,115.42,3.94,2.51,20.66,,
2008-08-11,,1.43,,,114.44,3.99,2.56,20.12,,
2008-08-12,,1.46,,,113.1,3.91,2.45,21.17,,
2008-08-13,,1.44,,,115.96,3.94,2.5,21.55,,
2008-08-14,,1.44,,,115.05,3.89,2.45,20.34,,
2008-08-15,,1.44,,1.35,113.46,3.84,2.4,19.58,,
2008-08-18,,1.47,,,112.92,3.82,2.35,20.98,,
2008-08-19,,1.51,,,114.39,3.83,2.32,21.28,,
2008-08-20,,1.54,,,115.48,3.79,2.25,20.42,,
2008-08-21,,1.51,,,121.23,3.84,2.33,19.82,,
2008-08-22,,1.45,,1.6609,114.48,3.87,2.42,18.81,,
2008-08-25,,1.46,,,114.85,3.79,2.33,20.97,,
2008-08-26,,1.44,,,116.31,3.79,2.35,20.49,,
2008-08-27,,1.46,,,118.17,3.77,2.31,19.76,,
2008-08-28,,1.42,,,115.58,3.79,2.37,19.43,,
2008-08-29,,1.47,,1.4263,115.55,3.83,2.36,20.65,,
2008-09-01,1.81,,,,,,,,70.3,1.0
2008-09-02,,1.48,,,109.63,3.74,2.26,21.99,,
2008-09-03,,1.45,,,109.38,3.71,2.26,21.43,,
2008-09-04,,1.44,,,107.99,3.64,2.2,24.03,,
2008-09-05,,1.43,,1.7155,106.47,3.66,2.23,23.06,,
2008-09-08,,1.36,,,106.35,3.66,2.3,22.64,,
2008-09-09,,1.39,,,103.23,3.62,2.23,25.47,,
2008-09-10,,1.43,,,102.66,3.65,2.22,24.52,,
2008-09-11,,1.46,,,100.95,3.64,2.18,24.39,,
2008-09-12,,1.51,,1.863,101.19,3.74,2.23,25.66,,
2008-09-15,,1.69,,,95.52,3.47,1.78,31.7,,
2008-09-16,,1.59,,,91.49,3.48,1.89,30.3,,
2008-09-17,,1.77,,,97.39,3.41,1.64,36.22,,
2008-09-18,,1.76,,,97.5,3.54,1.78,33.1,,
2008-09-19,,1.62,,4.3564,104.05,3.78,2.16,32.07,,
2008-09-22,,1.7,,,122.61,3.83,2.13,33.85,,
2008-09-23,,1.74,,,107.85,3.85,2.11,35.72,,
2008-09-24,,1.77,,,106.84,3.8,2.03,35.19,,
2008-09-25,,1.72,,,111.54,3.88,2.16,32.82,,
2008-09-26,,1.74,,4.5399,106.77,3.85,2.11,34.74,,
2008-09-29,,1.91,,,96.29,3.61,1.7,46.72,,
2008-09-30,,1.85,,,100.7,3.85,2.0,39.39,,
2008-10-01,0.97,1.95,,,98.23,3.77,1.82,39.81,57.6,1.0
2008-10-02,,2.04,,,93.84,3.66,1.62,45.26,,
2008-10-03,,2.03,,7.0394,93.91,3.63,1.6,45.14,,
2008-10-06,,2.05,,,88.15,3.48,1.43,52.05,,
2008-10-07,,2.03,,,90.18,3.5,1.47,53.68,,
2008-10-08,,2.07,,,88.94,3.72,1.65,57.53,,
2008-10-09,,2.19,,,86.5,3.84,1.65,63.92,,
2008-10-10,,2.27,,9.1925,77.44,3.89,1.62,69.95,,
2008-10-13,,,,,81.17,,,54.99,,
2008-10-14,,2.26,,,78.69,4.08,1.82,55.13,,
2008-10-15,,2.4,,,74.38,4.04,1.64,69.25,,
2008-10-16,,2.38,,,69.81,3.99,1.61,67.61,,
2008-10-17,,2.34,,8.9648,71.9,3.98,1.64,70.33,,
2008-10-20,,2.2,,,74.08,3.91,1.71,52.97,,
2008-10-21,,2.18,,,71.29,3.76,1.58,53.11,,
2008-10-22,,2.12,,,66.92,3.65,1.53,69.65,,
2008-10-23,,2.09,,,67.17,3.63,1.54,67.8,,
2008-10-24,,2.19,,7.2991,63.34,3.76,1.57,79.13,,
2008-10-27,,2.2,,,61.92,3.79,1.59,80.06,,
2008-10-28,,2.24,,,62.8,3.89,1.65,66.96,,
2008-10-29,,2.35,,,67.45,3.93,1.58,69.96,,
2008-10-30,,2.41,,,65.79,4.0,1.59,62.9,,
2008-10-31,,2.45,,7.0442,68.1,4.01,1.56,59.89,,
2008-11-01,0.39,,,,,,,,55.3,1.0
2008-11-03,,2.51,,,63.93,3.96,1.45,53.68,,
2008-11-04,,2.42,,,70.41,3.81,1.39,47.73,,
2008-11-05,,2.37,,,65.41,3.73,1.36,54.56,,
2008-11-06,,2.47,,,60.72,3.75,1.28,63.68,,
2008-11-07,,2.5,,5.6755,61.06,3.83,1.33,56.1,,
2008-11-10,,2.55,,,62.19,3.82,1.27,59.98,,
2008-11-11,,,,,59.38,,,61.44,,
2008-11-12,,2.56,,,55.95,3.75,1.19,66.46,,
2008-11-13,,2.6,,,58.31,3.84,1.24,59.83,,
2008-11-14,,2.5,,5.5527,57.18,3.72,1.22,66.31,,
2008-11-17,,2.46,,,55.14,3.68,1.22,69.15,,
2008-11-18,,2.38,,,54.42,3.53,1.15,67.64,,
2008-11-19,,2.29,,,53.64,3.38,1.09,74.26,,
2008-11-20,,2.1,,,48.86,3.1,1.0,80.86,,
2008-11-21,,2.11,,7.3336,49.22,3.2,1.09,72.67,,
2008-11-24,,2.04,,,53.63,3.35,1.31,64.7,,
2008-11-25,,1.96,,,50.02,3.11,1.15,60.9,,
2008-11-26,,1.9,,,54.2,2.99,1.09,54.92,,
2008-11-27,,,,,,,,,,
2008-11-28,,1.93,,6.4421,55.21,2.93,1.0,55.84,,
2008-12-01,0.16,1.82,,,49.34,2.72,0.9,68.51,60.1,1.0
2008-12-02,,1.78,,,47.05,2.68,0.9,62.98,,
2008-12-03,,1.8,,,46.79,2.67,0.87,60.72,,
2008-12-04,,1.73,,,43.8,2.55,0.82,63.64,,
2008-12-05,,1.74,,6.4791,41.01,2.67,0.93,59.93,,
2008-12-08,,1.8,,,43.69,2.77,0.97,58.49,,
2008-12-09,,1.83,,,42.0,2.67,0.84,58.91,,
2008-12-10,,1.83,,,43.1,2.69,0.86,55.73,,
2008-12-11,,1.85,,,47.77,2.64,0.79,55.78,,
2008-12-12,,1.82,,6.0204,46.27,2.6,0.78,54.28,,
2008-12-15,,1.78,,,44.61,2.53,0.75,56.76,,
2008-12-16,,1.72,,,43.84,2.37,0.65,52.37,,
2008-12-17,,1.47,,,40.17,2.2,0.73,49.84,,
2008-12-18,,1.4,,,36.73,2.08,0.68,47.34,,
2008-12-19,,1.39,,5.5264,33.17,2.13,0.74,44.93,,
2008-12-22,,1.29,,,31.1,2.16,0.87,44.56,,
2008-12-23,,1.28,,,30.28,2.18,0.9,45.02,,
2008-12-24,,1.3,,,32.94,2.2,0.9,44.21,,
2008-12-25,,,,,,,,,,
2008-12-26,,1.27,,4.2993,37.58,2.16,0.89,43.38,,
2008-12-29,,1.35,,,39.89,2.13,0.78,43.9,,
2008-12-30,,1.36,,,38.95,2.11,0.75,41.63,,
2008-12-31,,1.49,,,44.6,2.25,0.76,40.0,,
2009-01-01,0.15,,,,,,,,61.2,1.0
2009-01-02,,1.58,,4.4408,46.17,2.46,0.88,39.19,,
2009-01-05,,1.71,,,48.61,2.49,0.78,39.08,,
2009-01-06,,1.71,,,48.56,2.51,0.8,38.56,,
2009-01-07,,1.7,,,42.75,2.52,0.82,43.39,,
2009-01-08,,1.64,,,41.68,2.47,0.83,42.56,,
2009-01-09,,1.68,,3.1631,40.69,2.43,0.75,42.82,,
2009-01-12,,1.6,,,37.65,2.34,0.74,45.84,,
2009-01-13,,1.57,,,37.77,2.33,0.76,43.27,,
2009-01-14,,1.51,,,37.43,2.24,0.73,49.14,,
2009-01-15,,1.5,,,35.41,2.23,0.73,51.0,,
2009-01-16,,1.63,,3.3486,35.38,2.36,0.73,46.11,,
2009-01-19,,,,,,,,,,
2009-01-20,,1.67,,,38.57,2.4,0.73,56.65,,
2009-01-21,,1.78,,,42.56,2.56,0.78,46.42,,
2009-01-22,,1.87,,,42.33,2.62,0.75,47.29,,
2009-01-23,,1.82,,3.9144,45.12,2.65,0.83,47.27,,
2009-01-26,,1.85,,,46.5,2.7,0.85,45.69,,
2009-01-27,,1.72,,,41.67,2.59,0.87,42.25,,
2009-01-28,,1.82,,,42.04,2.71,0.89,39.66,,
2009-01-29,,1.92,,,41.58,2.87,0.95,42.63,,
2009-01-30,,1.93,,3.6265,41.73,2.87,0.94,44.84,,
2009-02-01,0.22,,,,,,,,56.3,1.0
2009-02-02,,1.87,,,41.35,2.76,0.89,45.52,,
2009-02-03,,1.93,,,40.87,2.89,0.96,43.06,,
2009-02-04,,1.97,,,40.27,2.95,0.98,43.85,,
2009-02-05,,1.97,,,41.15,2.95,0.98,43.73,,
2009-02-06,,2.06,,3.1216,40.24,3.05,0.99,43.37,,
2009-02-09,,2.02,,,39.58,3.07,1.05,43.64,,
2009-02-10,,1.98,,,37.54,2.9,0.92,46.67,,
2009-02-11,,1.85,,,35.93,2.78,0.93,44.53,,
2009-02-12,,1.86,,,34.03,2.75,0.89,41.25,,
2009-02-13,,1.92,,3.157,37.63,2.89,0.97,42.93,,
2009-02-16,,,,,,,,,,
2009-02-17,,1.77,,,34.96,2.64,0.87,48.66,,
2009-02-18,,1.77,,,34.67,2.74,0.97,48.46,,
2009-02-19,,1.84,,,39.6,2.85,1.01,47.08,,
2009-02-20,,1.82,,3.7304,39.35,2.78,0.96,49.3,,
2009-02-23,,1.82,,,37.66,2.78,0.96,52.62,,
2009-02-24,,1.77,,,38.86,2.8,1.03,45.49,,
2009-02-25,,1.86,,,41.64,2.95,1.09,44.67,,
2009-02-26,,1.9,,,43.18,2.98,1.08,44.66,,
2009-02-27,,2.02,,3.7156,44.15,3.02,1.0,46.35,,
2009-03-01,0.18,,,,,,,,57.3,1.0
2009-03-02,,2.02,,,40.07,2.91,0.89,52.65,,
2009-03-03,,2.02,,,41.57,2.93,0.91,50.93,,
2009-03-04,,2.04,,,45.28,3.01,0.97,47.56,,
2009-03-05,,1.93,,,43.54,2.83,0.9,50.17,,
2009-03-06,,1.92,,4.3686,45.43,2.83,0.91,49.33,,
2009-03-09,,1.93,,,47.01,2.89,0.96,49.68,,
2009-03-10,,1.98,,,45.68,2.99,1.01,44.37,,
2009-03-11,,1.92,,,42.46,2.95,1.03,43.61,,
2009-03-12,,1.86,,,46.91,2.89,1.03,41.18,,
2009-03-13,,1.91,,3.4766,46.22,2.89,0.98,42.36,,
2009-03-16,,1.97,,,47.33,2.97,1.0,43.74,,
2009-03-17,,1.97,,,48.97,3.02,1.05,40.8,,
2009-03-18,,1.69,,,48.12,2.51,0.82,40.06,,
2009-03-19,,1.74,,,51.46,2.61,0.87,43.68,,
2009-03-20,,1.76,,2.8528,51.55,2.65,0.89,45.89,,
2009-03-23,,1.75,,,53.05,2.68,0.93,43.23,,
2009-03-24,,1.75,,,53.36,2.68,0.93,42.93,,
2009-03-25,,1.85,,,52.24,2.81,0.96,42.25,,
2009-03-26,,1.86,,,53.87,2.76,0.9,40.36,,
2009-03-27,,1.88,,2.7581,52.41,2.78,0.9,41.04,,
2009-03-30,,1.89,,,48.49,2.73,0.84,45.54,,
2009-03-31,,1.9,,,49.64,2.71,0.81,44.14,,
2009-04-01,0.15,1.85,,,48.46,2.68,0.83,42.28,65.1,1.0
2009-04-02,,1.89,,,52.61,2.77,0.88,42.04,,
2009-04-03,,1.95,,2.5423,52.52,2.91,0.96,39.7,,
2009-04-06,,2.01,,,51.1,2.95,0.94,40.93,,
2009-04-07,,2.02,,,49.13,2.93,0.91,40.39,,
2009-04-08,,1.93,,,49.37,2.86,0.93,38.85,,
2009-04-09,,2.0,,,52.24,2.96,0.96,36.53,,
2009-04-10,,,,2.3276,,,,,,
2009-04-13,,1.99,,,50.22,2.88,0.89,37.81,,
2009-04-14,,1.94,,,49.51,2.8,0.86,37.67,,
2009-04-15,,1.96,,,49.26,2.82,0.86,36.17,,
2009-04-16,,1.95,,,49.97,2.86,0.91,35.79,,
2009-04-17,,1.99,,2.1395,50.36,2.98,0.99,33.94,,
2009-04-20,,1.95,,,45.82,2.88,0.93,39.18,,
2009-04-21,,1.98,,,46.65,2.94,0.96,37.14,,
2009-04-22,,1.98,,,47.41,2.98,1.0,38.1,,
2009-04-23,,1.99,,,48.46,2.96,0.97,37.15,,
2009-04-24,,2.04,,2.4092,50.65,3.03,0.99,36.82,,
2009-04-27,,2.05,,,49.29,2.95,0.9,38.32,,
2009-04-28,,2.1,,,49.01,3.05,0.95,37.95,,
2009-04-29,,2.18,,,50.19,3.12,0.94,36.08,,
2009-04-30,,2.25,,,50.35,3.16,0.91,36.5,,
2009-05-01,0.18,2.29,,1.9272,52.18,3.21,0.92,35.3,68.7,1.0
2009-05-04,,2.25,,,54.45,3.19,0.94,34.53,,
2009-05-05,,2.22,,,53.81,3.2,0.98,33.36,,
2009-05-06,,2.22,,,56.29,3.18,0.96,32.45,,
2009-05-07,,2.29,,,56.67,3.29,1.0,33.44,,
2009-05-08,,2.29,,1.149,58.58,3.29,1.0,32.05,,
2009-05-11,,2.25,,,57.79,3.17,0.92,32.87,,
2009-05-12,,2.27,,,58.81,3.17,0.9,31.8,,
2009-05-13,,2.22,,,58.0,3.11,0.89,33.65,,
2009-05-14,,2.23,,,58.58,3.1,0.87,31.37,,
2009-05-15,,2.26,,1.6959,56.52,3.14,0.88,33.12,,
2009-05-18,,2.29,,,58.99,3.22,0.93,30.24,,
2009-05-19,,2.34,,,59.52,3.25,0.91,28.8,,
2009-05-20,,2.32,,,61.45,3.19,0.87,29.03,,
2009-05-21,,2.46,,,60.49,3.35,0.89,31.35,,
2009-05-22,,2.53,,1.2693,61.15,3.45,0.92,32.63,,
2009-05-25,,,,,,,,,,
2009-05-26,,2.54,,,62.48,3.5,0.96,30.62,,
2009-05-27,,2.75,,,63.41,3.71,0.96,32.36,,
2009-05-28,,2.7,,,65.09,3.67,0.97,31.67,,
2009-05-29,,2.55,,1.0931,66.31,3.47,0.92,28.92,,
2009-06-01,0.21,2.74,,,68.59,3.71,0.97,30.04,70.8,1.0
2009-06-02,,2.69,,,68.58,3.65,0.96,29.63,,
2009-06-03,,2.65,,,66.14,3.56,0.91,31.02,,
2009-06-04,,2.76,,,68.8,3.72,0.96,30.18,,
2009-06-05,,2.52,,0.9771,68.43,3.84,1.32,29.62,,
2009-06-08,,2.49,,,68.05,3.91,1.42,29.77,,
2009-06-09,,2.53,,,70.02,3.86,1.33,28.27,,
2009-06-10,,2.6,,,71.38,3.98,1.38,28.46,,
2009-06-11,,2.53,,,72.69,3.88,1.35,28.11,,
2009-06-12,,2.51,,0.7488,72.13,3.81,1.3,28.15,,
2009-06-15,,2.5,,,70.54,3.76,1.26,30.81,,
2009-06-16,,2.44,,,70.47,3.67,1.23,32.68,,
2009-06-17,,2.49,,,71.07,3.68,1.19,31.54,,
2009-06-18,,2.58,,,71.42,3.86,1.28,30.03,,
2009-06-19,,2.54,,1.4151,69.6,3.79,1.25,27.99,,
2009-06-22,,2.55,,,67.09,3.72,1.17,31.17,,
2009-06-23,,2.51,,,68.81,3.65,1.14,30.58,,
2009-06-24,,2.53,,,68.14,3.72,1.19,29.05,,
2009-06-25,,2.43,,,69.7,3.55,1.12,26.36,,
2009-06-26,,2.42,,1.4848,69.16,3.52,1.1,25.93,,
2009-06-29,,2.4,,,71.47,3.51,1.11,25.35,,
2009-06-30,,2.42,,,69.82,3.53,1.11,26.35,,
2009-07-01,0.16,2.5,,,69.32,3.55,1.05,26.22,66.0,0.0
2009-07-02,,2.53,,,66.68,3.51,0.98,27.95,,
2009-07-03,,,,1.0116,,,,,,
2009-07-06,,2.56,,,64.06,3.52,0.96,29.0,,
2009-07-07,,2.49,,,62.88,3.47,0.98,30.85,,
2009-07-08,,2.42,,,60.15,3.33,0.91,31.3,,
2009-07-09,,2.5,,,60.36,3.44,0.94,29.78,,
2009-07-10,,2.41,,1.2756,59.93,3.32,0.91,29.02,,
2009-07-13,,2.46,,,59.69,3.38,0.92,26.31,,
2009-07-14,,2.53,,,59.62,3.5,0.97,25.02,,
2009-07-15,,2.6,,,61.49,3.63,1.03,25.89,,
2009-07-16,,2.59,,,62.07,3.59,1.0,25.42,,
2009-07-17,,2.65,,0.7987,63.56,3.67,1.02,24.34,,
2009-07-20,,2.62,,,63.93,3.61,0.99,24.4,,
2009-07-21,,2.54,,,64.81,3.5,0.96,23.87,,
2009-07-22,,2.6,,,64.58,3.58,0.98,23.47,,
2009-07-23,,2.64,,,66.1,3.72,1.08,23.43,,
2009-07-24,,2.65,,0.5661,66.96,3.7,1.05,23.09,,
2009-07-27,,2.67,,,68.34,3.75,1.08,24.28,,
2009-07-28,,2.6,,,67.24,3.72,1.12,25.01,,
2009-07-29,,2.52,,,63.42,3.69,1.17,25.61,,
2009-07-30,,2.48,,,66.9,3.67,1.19,25.4,,
2009-07-31,,2.39,,0.2921,69.26,3.52,1.13,25.92,,
2009-08-01,0.16,,,,,,,,65.7,0.0
2009-08-03,,2.48,,,71.59,3.66,1.18,25.56,,
2009-08-04,,2.5,,,71.4,3.7,1.2,24.89,,
2009-08-05,,2.57,,,71.97,3.8,1.23,24.9,,
2009-08-06,,2.57,,,71.96,3.79,1.22,25.67,,
2009-08-07,,2.57,,-0.0439,70.97,3.89,1.32,24.76,,
2009-08-10,,2.56,,,70.59,3.8,1.24,24.99,,
2009-08-11,,2.5,,,69.46,3.71,1.21,25.99,,
2009-08-12,,2.54,,,70.08,3.72,1.18,25.45,,
2009-08-13,,2.47,,,70.57,3.59,1.12,24.71,,
2009-08-14,,2.48,,0.6364,67.51,3.55,1.07,24.27,,
2009-08-17,,2.44,,,66.72,3.48,1.04,27.89,,
2009-08-18,,2.45,,,69.22,3.51,1.06,26.18,,
2009-08-19,,2.44,,,72.54,3.45,1.01,26.26,,
2009-08-20,,2.39,,,72.4,3.42,1.03,25.09,,
2009-08-21,,2.43,,0.83,73.12,3.56,1.13,25.01,,
2009-08-24,,2.43,,,73.68,3.48,1.05,25.14,,
2009-08-25,,2.4,,,71.6,3.45,1.05,24.92,,
2009-08-26,,2.38,,,71.38,3.44,1.06,24.95,,
2009-08-27,,2.43,,,72.49,3.47,1.04,24.68,,
2009-08-28,,2.45,,0.3851,72.72,3.46,1.01,24.76,,
2009-08-31,,2.43,,,69.97,3.4,0.97,26.01,,
2009-09-01,0.15,2.46,,,68.11,3.38,0.92,29.15,73.5,0.0
2009-09-02,,2.4,,,68.03,3.29,0.89,28.9,,
2009-09-03,,2.42,,,67.9,3.33,0.91,27.1,,
2009-09-04,,2.51,,0.5727,67.95,3.45,0.94,25.26,,
2009-09-07,,,,,,,,,,
2009-09-08,,2.54,,,71.08,3.47,0.93,25.62,,
2009-09-09,,2.55,,,71.27,3.48,0.93,24.32,,
2009-09-10,,2.46,,,71.95,3.36,0.9,23.55,,
2009-09-11,,2.44,,0.2095,69.34,3.34,0.9,24.15,,
2009-09-14,,2.48,,,68.86,3.42,0.94,23.86,,
2009-09-15,,2.51,,,70.81,3.47,0.96,23.42,,
2009-09-16,,2.47,,,72.5,3.48,1.01,23.69,,
2009-09-17,,2.44,,,72.48,3.42,0.98,23.65,,
2009-09-18,,2.46,,-0.1024,71.95,3.49,1.03,23.92,,
2009-09-21,,2.47,,,69.74,3.49,1.02,24.06,,
2009-09-22,,2.44,,,71.5,3.46,1.02,23.08,,
2009-09-23,,2.48,,,68.74,3.44,0.96,23.49,,
2009-09-24,,2.47,,,65.74,3.4,0.93,24.95,,
2009-09-25,,2.36,,0.0497,65.91,3.34,0.98,25.61,,
2009-09-28,,2.33,,,66.69,3.31,0.98,24.88,,
2009-09-29,,2.31,,,66.56,3.31,1.0,25.19,,
2009-09-30,,2.36,,,70.46,3.31,0.95,25.61,,
2009-10-01,0.12,2.34,,,70.67,3.21,0.87,28.27,70.6,0.0
2009-10-02,,2.36,,0.2969,69.8,3.24,0.88,28.68,,
2009-10-05,,2.36,,,70.26,3.24,0.88,26.84,,
2009-10-06,,2.36,,,70.71,3.27,0.91,25.7,,
2009-10-07,,2.34,,,69.6,3.21,0.87,24.68,,
2009-10-08,,2.37,,,71.69,3.27,0.9,24.18,,
2009-10-09,,2.42,,0.168,71.75,3.4,0.98,23.12,,
2009-10-12,,,,,73.24,,,23.01,,
2009-10-13,,2.43,,,74.1,3.34,0.91,22.99,,
2009-10-14,,2.49,,,75.2,3.45,0.96,22.86,,
2009-10-15,,2.52,,,77.55,3.49,0.97,21.72,,
2009-10-16,,2.46,,0.0217,78.54,3.43,0.97,21.43,,
2009-10-19,,2.42,,,79.47,3.41,0.99,21.49,,
2009-10-20,,2.4,,,78.87,3.35,0.95,20.9,,
2009-10-21,,2.42,,,81.03,3.42,1.0,22.22,,
2009-10-22,,2.47,,,80.82,3.44,0.97,20.69,,
2009-10-23,,2.47,,0.0945,80.11,3.51,1.04,22.27,,
2009-10-26,,2.53,,,78.61,3.59,1.06,24.31,,
2009-10-27,,2.5,,,79.45,3.49,0.99,24.83,,
2009-10-28,,2.49,,,77.39,3.44,0.95,27.91,,
2009-10-29,,2.55,,,79.84,3.53,0.98,24.76,,
2009-10-30,,2.51,,0.3216,77.04,3.41,0.9,30.69,,
2009-11-01,0.12,,,,,,,,67.4,0.0
2009-11-02,,2.53,,,78.08,3.45,0.92,29.78,,
2009-11-03,,2.58,,,79.58,3.5,0.92,28.81,,
2009-11-04,,2.66,,,80.3,3.57,0.91,27.72,,
2009-11-05,,2.67,,,79.64,3.57,0.9,25.43,,
2009-11-06,,2.68,,0.3124,77.4,3.54,0.86,24.19,,
2009-11-09,,2.65,,,79.44,3.52,0.87,23.15,,
2009-11-10,,2.65,,,79.01,3.5,0.85,22.84,,
2009-11-11,,,,,79.16,,,23.04,,
2009-11-12,,2.63,,,77.25,3.45,0.82,24.24,,
2009-11-13,,2.61,,-0.0677,76.34,3.43,0.82,23.36,,
2009-11-16,,2.55,,,78.91,3.33,0.78,22.89,,
2009-11-17,,2.55,,,79.08,3.33,0.78,22.41,,
2009-11-18,,2.59,,,79.55,3.36,0.77,21.63,,
2009-11-19,,2.62,,,77.47,3.35,0.73,22.63,,
2009-11-20,,2.61,,0.0686,76.83,3.36,0.75,22.19,,
2009-11-23,,2.6,,,76.49,3.37,0.77,21.16,,
2009-11-24,,2.59,,,74.88,3.32,0.73,20.47,,
2009-11-25,,2.55,,,77.25,3.28,0.73,20.48,,
2009-11-26,,,,,,,,,,
2009-11-27,,2.53,,0.0572,75.95,3.21,0.68,24.85,,
2009-11-30,,2.54,,,77.19,3.21,0.67,24.51,,
2009-12-01,0.12,2.61,,,78.39,3.28,0.67,21.92,72.5,0.0
2009-12-02,,2.6,,,76.62,3.32,0.72,21.12,,
2009-12-03,,2.65,,,76.42,3.39,0.74,22.46,,
2009-12-04,,2.64,,-0.0364,75.41,3.48,0.84,21.25,,
2009-12-07,,2.66,,,73.89,3.44,0.78,22.1,,
2009-12-08,,2.67,,,72.59,3.4,0.73,23.69,,
2009-12-09,,2.69,,,70.67,3.45,0.76,22.66,,
2009-12-10,,2.71,,,70.54,3.49,0.78,22.32,,
2009-12-11,,2.72,,-0.0976,69.86,3.55,0.83,21.59,,
2009-12-14,,2.69,,,69.48,3.56,0.87,21.15,,
2009-12-15,,2.72,,,70.62,3.6,0.88,21.49,,
2009-12-16,,2.76,,,72.64,3.61,0.85,20.54,,
2009-12-17,,2.73,,,72.58,3.5,0.77,22.51,,
2009-12-18,,2.73,,-0.2342,73.3,3.55,0.82,21.68,,
2009-12-21,,2.8,,,72.71,3.69,0.89,20.49,,
2009-12-22,,2.81,,,73.48,3.76,0.95,19.54,,
2009-12-23,,2.81,,,76.03,3.77,0.96,19.71,,
2009-12-24,,2.82,,,76.83,3.82,1.0,19.47,,
2009-12-25,,,,-0.3405,,,,,,
2009-12-28,,2.76,,,78.67,3.85,1.09,19.93,,
2009-12-29,,2.73,,,78.87,3.82,1.09,20.01,,
2009-12-30,,2.72,,,79.35,3.8,1.08,19.96,,
2009-12-31,,2.71,,,79.39,3.85,1.14,21.68,,
2010-01-01,0.11,,,-0.301,,,,,74.4,0.0
2010-01-04,,2.76,,,81.52,3.85,1.09,20.04,,
2010-01-05,,2.76,,,81.74,3.77,1.01,19.35,,
2010-01-06,,2.84,,,83.12,3.85,1.01,19.16,,
2010-01-07,,2.82,,,82.6,3.85,1.03,19.06,,
2010-01-08,,2.87,,-0.4756,82.74,3.83,0.96,18.13,,
2010-01-11,,2.9,,,82.54,3.85,0.95,17.55,,
2010-01-12,,2.82,,,80.79,3.74,0.92,18.25,,
2010-01-13,,2.83,,,79.66,3.8,0.97,17.85,,
2010-01-14,,2.82,,,79.35,3.76,0.94,17.63,,
2010-01-15,,2.81,,-0.437,77.96,3.7,0.89,17.91,,
2010-01-18,,,,,,,,,,
2010-01-19,,2.8,,,78.98,3.73,0.93,17.58,,
2010-01-20,,2.76,,,77.42,3.68,0.92,18.68,,
2010-01-21,,2.75,,,75.84,3.62,0.87,22.27,,
2010-01-22,,2.78,,-0.154,74.25,3.62,0.84,27.31,,
2010-01-25,,2.8,,,74.9,3.66,0.86,25.41,,
2010-01-26,,2.78,,,74.67,3.65,0.87,24.55,,
2010-01-27,,2.76,,,73.64,3.66,0.9,23.14,,
2010-01-28,,2.81,,,73.62,3.68,0.87,23.73,,
2010-01-29,,2.81,,-0.0257,72.85,3.63,0.82,24.62,,
2010-02-01,0.13,2.82,,,74.41,3.68,0.86,22.59,73.6,0.0
2010-02-02,,2.81,,,77.21,3.67,0.86,21.48,,
2010-02-03,,2.85,,,76.96,3.73,0.88,21.6,,
2010-02-04,,2.82,,,73.13,3.62,0.8,26.08,,
2010-02-05,,2.82,,-0.1522,71.15,3.59,0.77,26.11,,
2010-02-08,,2.83,,,71.87,3.62,0.79,26.51,,
2010-02-09,,2.83,,,73.71,3.67,0.84,26.0,,
2010-02-10,,2.81,,,74.48,3.72,0.91,25.4,,
2010-02-11,,2.82,,,75.23,3.73,0.91,23.96,,
2010-02-12,,2.85,,0.0082,74.11,3.69,0.84,22.73,,
2010-02-15,,,,,,,,,,
2010-02-16,,2.84,,,76.98,3.66,0.82,22.25,,
2010-02-17,,2.87,,,77.27,3.74,0.87,21.72,,
2010-02-18,,2.89,,,78.97,3.79,0.9,20.63,,
2010-02-19,,2.83,,-0.3353,79.77,3.78,0.95,20.02,,
2010-02-22,,2.89,,,80.04,3.8,0.91,19.94,,
2010-02-23,,2.82,,,78.61,3.69,0.87,21.37,,
2010-02-24,,2.83,,,79.75,3.7,0.87,20.27,,
2010-02-25,,2.82,,,77.99,3.64,0.82,20.1,,
2010-02-26,,2.8,,-0.3451,79.72,3.61,0.81,19.5,,
2010-03-01,0.16,2.81,,,78.71,3.61,0.8,19.26,73.6,0.0
2010-03-02,,2.82,,,79.62,3.62,0.8,19.06,,
2010-03-03,,2.81,,,80.91,3.63,0.82,18.83,,
2010-03-04,,2.75,,,80.21,3.61,0.86,18.72,,
2010-03-05,,2.78,,-0.3893,81.5,3.69,0.91,17.42,,
2010-03-08,,2.82,,,81.85,3.72,0.9,17.79,,
2010-03-09,,2.82,,,81.5,3.71,0.89,17.92,,
2010-03-10,,2.81,,,82.07,3.73,0.92,18.57,,
2010-03-11,,2.76,,,82.1,3.73,0.97,18.06,,
2010-03-12,,2.74,,-0.6994,81.26,3.71,0.97,17.58,,
2010-03-15,,2.75,,,79.79,3.71,0.96,18.0,,
2010-03-16,,2.73,,,81.75,3.66,0.93,17.69,,
2010-03-17,,2.7,,,82.93,3.65,0.95,16.91,,
2010-03-18,,2.7,,,82.16,3.68,0.98,16.62,,
2010-03-19,,2.68,,-0.5428,80.58,3.7,1.02,16.97,,
2010-03-22,,2.66,,,81.26,3.67,1.01,16.87,,
2010-03-23,,2.67,,,81.68,3.69,1.02,16.35,,
2010-03-24,,2.76,,,80.29,3.84,1.08,17.55,,
2010-03-25,,2.81,,,80.25,3.91,1.1,18.4,,
2010-03-26,,2.82,,-0.5075,79.75,3.86,1.04,17.77,,
2010-03-29,,2.84,,,81.92,3.88,1.04,17.59,,
2010-03-30,,2.82,,,82.14,3.88,1.06,17.13,,
2010-03-31,,2.82,,,83.45,3.84,1.02,17.59,,
2010-04-01,0.2,2.84,,,84.53,3.89,1.05,17.47,72.2,0.0
2010-04-02,,2.85,,-0.4667,,3.96,1.11,,,
2010-04-05,,2.83,,,86.36,4.01,1.18,17.02,,
2010-04-06,,2.84,,,86.54,3.98,1.14,16.23,,
2010-04-07,,2.83,,,85.64,3.89,1.06,16.62,,
2010-04-08,,2.82,,,85.17,3.91,1.09,16.48,,
2010-04-09,,2.82,,-0.5743,84.6,3.9,1.08,16.14,,
2010-04-12,,2.8,,,84.07,3.87,1.07,15.58,,
2010-04-13,,2.77,,,83.8,3.84,1.07,16.2,,
2010-04-14,,2.81,,,85.62,3.88,1.07,15.59,,
2010-04-15,,2.82,,,85.25,3.86,1.04,15.89,,
2010-04-16,,2.81,,-0.5362,82.97,3.79,0.98,18.36,,
2010-04-19,,2.82,,,81.52,3.83,1.01,17.34,,
2010-04-20,,2.77,,,82.98,3.82,1.05,15.73,,
2010-04-21,,2.74,,,82.78,3.77,1.03,16.32,,
2010-04-22,,2.73,,,82.89,3.8,1.07,16.47,,
2010-04-23,,2.74,,-0.5101,84.34,3.84,1.1,16.62,,
2010-04-26,,2.74,,,84.2,3.83,1.09,17.47,,
2010-04-27,,2.68,,,82.43,3.71,1.03,22.81,,
2010-04-28,,2.77,,,83.22,3.8,1.03,21.08,,
2010-04-29,,2.75,,,85.17,3.76,1.01,18.44,,
2010-04-30,,2.72,,-0.2756,86.07,3.69,0.97,22.05,,
2010-05-01,0.2,,,,,,,,73.6,0.0
2010-05-03,,2.72,,,86.19,3.72,1.0,20.19,,
2010-05-04,,2.67,,,82.73,3.63,0.96,23.84,,
2010-05-05,,2.7,,,80.0,3.58,0.88,24.91,,
2010-05-06,,2.66,,,77.18,3.41,0.75,32.8,,
2010-05-07,,2.62,,0.3748,75.1,3.45,0.83,40.95,,
2010-05-10,,2.7,,,76.89,3.57,0.87,28.84,,
2010-05-11,,2.71,,,76.37,3.56,0.85,28.32,,
2010-05-12,,2.67,,,75.65,3.56,0.89,25.52,,
2010-05-13,,2.68,,,74.38,3.55,0.87,26.68,,
2010-05-14,,2.65,,0.2421,71.61,3.44,0.79,31.24,,
2010-05-17,,2.66,,,70.08,3.47,0.81,30.84,,
2010-05-18,,2.62,,,69.38,3.38,0.76,33.55,,
2010-05-19,,2.56,,,69.91,3.36,0.8,35.32,,
2010-05-20,,2.49,,,68.28,3.25,0.76,45.79,,
2010-05-21,,2.44,,0.865,68.03,3.2,0.76,40.1,,
2010-05-24,,2.46,,,68.23,3.23,0.77,38.32,,
2010-05-25,,2.37,,,64.78,3.18,0.81,34.61,,
2010-05-26,,2.39,,,71.52,3.21,0.82,35.02,,
2010-05-27,,2.47,,,74.56,3.34,0.87,29.68,,
2010-05-28,,2.55,,0.8808,74.0,3.31,0.76,32.07,,
2010-05-31,,,,,,,,,,
2010-06-01,0.18,2.51,,,72.7,3.29,0.78,35.54,76.0,0.0
2010-06-02,,2.53,,,72.88,3.35,0.82,30.17,,
2010-06-03,,2.57,,,74.62,3.39,0.82,29.46,,
2010-06-04,,2.48,,0.6708,71.43,3.2,0.72,35.48,,
2010-06-07,,2.43,,,71.55,3.17,0.74,36.57,,
2010-06-08,,2.44,,,71.88,3.18,0.74,33.7,,
2010-06-09,,2.46,,,74.38,3.2,0.74,33.73,,
2010-06-10,,2.54,,,75.48,3.33,0.79,30.57,,
2010-06-11,,2.49,,0.8434,73.89,3.24,0.75,28.79,,
2010-06-14,,2.51,,,74.99,3.28,0.77,28.58,,
2010-06-15,,2.53,,,76.84,3.32,0.79,25.87,,
2010-06-16,,2.52,,,77.67,3.27,0.75,25.92,,
2010-06-17,,2.49,,,76.82,3.21,0.72,25.05,,
2010-06-18,,2.5,,0.3554,77.18,3.24,0.74,23.95,,
2010-06-21,,2.52,,,77.84,3.26,0.74,24.88,,
2010-06-22,,2.47,,,77.15,3.18,0.71,27.05,,
2010-06-23,,2.47,,,75.9,3.13,0.66,26.91,,
2010-06-24,,2.47,,,75.96,3.14,0.67,29.74,,
2010-06-25,,2.47,,0.4202,78.45,3.12,0.65,28.53,,
2010-06-28,,2.43,,,78.26,3.05,0.62,29.0,,
2010-06-29,,2.36,,,75.93,2.97,0.61,34.13,,
2010-06-30,,2.36,,,75.59,2.97,0.61,34.54,,
2010-07-01,0.18,2.33,,,72.95,2.96,0.63,32.86,67.8,0.0
2010-07-02,,2.37,,0.7695,72.06,3.0,0.63,30.12,,
2010-07-05,,,,,,,,,,
2010-07-06,,2.33,,,71.96,2.95,0.62,29.65,,
2010-07-07,,2.37,,,74.05,3.0,0.63,26.84,,
2010-07-08,,2.41,,,75.46,3.04,0.63,25.71,,
2010-07-09,,2.44,,0.3617,76.08,3.07,0.63,24.98,,
2010-07-12,,2.43,,,74.93,3.08,0.65,24.43,,
2010-07-13,,2.48,,,77.16,3.15,0.67,24.56,,
2010-07-14,,2.45,,,77.02,3.07,0.62,24.89,,
2010-07-15,,2.39,,,76.67,3.0,0.61,25.14,,
2010-07-16,,2.35,,0.1498,75.96,2.96,0.61,26.25,,
2010-07-19,,2.38,,,76.53,2.99,0.61,25.97,,
2010-07-20,,2.37,,,77.32,2.98,0.61,23.93,,
2010-07-21,,2.32,,,76.27,2.9,0.58,25.64,,
2010-07-22,,2.36,,,79.01,2.96,0.6,24.63,,
2010-07-23,,2.42,,0.3073,78.68,3.02,0.6,23.47,,
2010-07-26,,2.41,,,78.93,3.03,0.62,22.73,,
2010-07-27,,2.43,,,77.46,3.08,0.65,23.19,,
2010-07-28,,2.42,,,77.06,3.03,0.61,24.25,,
2010-07-29,,2.44,,,78.3,3.03,0.59,24.13,,
2010-07-30,,2.39,,-0.0195,78.85,2.94,0.55,23.5,,
2010-08-01,0.19,,,,,,,,68.9,0.0
2010-08-02,,2.43,,,81.25,2.99,0.56,22.01,,
2010-08-03,,2.41,,,82.52,2.94,0.53,22.63,,
2010-08-04,,2.42,,,82.49,2.98,0.56,22.21,,
2010-08-05,,2.41,,,82.0,2.94,0.53,22.1,,
2010-08-06,,2.36,,0.0331,80.67,2.86,0.5,21.74,,
2010-08-09,,2.32,,,81.46,2.86,0.54,22.14,,
2010-08-10,,2.27,,,80.24,2.79,0.52,22.37,,
2010-08-11,,2.18,,,78.09,2.72,0.54,25.39,,
2010-08-12,,2.19,,,75.68,2.74,0.55,25.73,,
2010-08-13,,2.14,,0.2632,75.39,2.68,0.54,26.24,,
2010-08-16,,2.07,,,75.17,2.58,0.51,26.1,,
2010-08-17,,2.12,,,75.76,2.64,0.52,24.33,,
2010-08-18,,2.13,,,75.39,2.64,0.51,24.59,,
2010-08-19,,2.09,,,74.45,2.58,0.49,26.44,,
2010-08-20,,2.13,,0.3,73.45,2.62,0.49,25.49,,
2010-08-23,,2.11,,,72.71,2.6,0.49,25.66,,
2010-08-24,,2.0,,,71.24,2.5,0.5,27.46,,
2010-08-25,,2.01,,,72.07,2.54,0.53,26.7,,
2010-08-26,,1.99,,,73.36,2.5,0.51,27.37,,
2010-08-27,,2.1,,0.326,75.17,2.66,0.56,24.45,,
2010-08-30,,2.04,,,74.69,2.54,0.5,27.21,,
2010-08-31,,2.0,,,71.93,2.47,0.47,26.05,,
2010-09-01,0.19,2.08,,,73.97,2.58,0.5,23.89,68.2,0.0
2010-09-02,,2.13,,,74.99,2.63,0.5,23.19,,
2010-09-03,,2.2,,0.1577,74.52,2.72,0.52,21.31,,
2010-09-06,,,,,,,,,,
2010-09-07,,2.12,,,73.98,2.61,0.49,23.8,,
2010-09-08,,2.14,,,74.65,2.66,0.52,23.25,,
2010-09-09,,2.2,,,74.25,2.77,0.57,22.81,,
2010-09-10,,2.23,,-0.0688,76.4,2.81,0.58,21.99,,
2010-09-13,,2.21,,,77.17,2.74,0.53,21.21,,
2010-09-14,,2.18,,,76.78,2.68,0.5,21.56,,
2010-09-15,,2.24,,,75.92,2.74,0.5,22.1,,
2010-09-16,,2.29,,,74.58,2.77,0.48,21.72,,
2010-09-17,,2.27,,-0.1123,73.63,2.75,0.48,22.01,,
2010-09-20,,2.25,,,74.81,2.72,0.47,21.5,,
2010-09-21,,2.18,,,72.96,2.61,0.43,22.35,,
2010-09-22,,2.12,,,72.98,2.56,0.44,22.51,,
2010-09-23,,2.11,,,73.4,2.56,0.45,23.87,,
2010-09-24,,2.17,,-0.0255,74.63,2.62,0.45,21.71,,
2010-09-27,,2.1,,,76.51,2.54,0.44,22.54,,
2010-09-28,,2.11,,,76.15,2.48,0.37,22.6,,
2010-09-29,,2.08,,,77.85,2.52,0.44,23.25,,
2010-09-30,,2.11,,,79.95,2.53,0.42,23.7,,
2010-10-01,0.19,2.12,,-0.008,81.57,2.54,0.42,22.5,67.7,0.0
2010-10-04,,2.09,,,81.43,2.5,0.41,23.53,,
2010-10-05,,2.09,,,82.83,2.5,0.41,21.76,,
2010-10-06,,2.03,,,83.21,2.41,0.38,21.49,,
2010-10-07,,2.05,,,81.34,2.41,0.36,21.56,,
2010-10-08,,2.06,,-0.1107,82.66,2.41,0.35,20.71,,
2010-10-11,,,,,82.18,,,18.96,,
2010-10-12,,2.07,,,81.67,2.44,0.37,18.93,,
2010-10-13,,2.09,,,83.03,2.46,0.37,19.07,,
2010-10-14,,2.14,,,82.71,2.52,0.38,19.88,,
2010-10-15,,2.22,,-0.3282,81.23,2.59,0.37,19.03,,
2010-10-18,,2.14,,,83.06,2.52,0.38,19.09,,
2010-10-19,,2.13,,,79.57,2.5,0.37,20.63,,
2010-10-20,,2.16,,,81.93,2.51,0.35,19.79,,
2010-10-21,,2.2,,,80.03,2.57,0.37,19.27,,
2010-10-22,,2.24,,-0.1899,81.15,2.59,0.35,18.78,,
2010-10-25,,2.22,,,82.0,2.59,0.37,19.85,,
2010-10-26,,2.27,,,82.6,2.67,0.4,20.22,,
2010-10-27,,2.35,,,81.9,2.75,0.4,20.71,,
2010-10-28,,2.32,,,82.2,2.69,0.37,20.88,,
2010-10-29,,2.29,,-0.346,81.45,2.63,0.34,21.2,,
2010-11-01,0.19,2.32,,,82.94,2.66,0.34,21.83,71.6,0.0
2010-11-02,,2.29,,,83.91,2.63,0.34,21.57,,
2010-11-03,,2.33,,,84.45,2.67,0.34,19.56,,
2010-11-04,,2.2,,,86.49,2.53,0.33,18.52,,
2010-11-05,,2.2,,-0.2334,86.85,2.58,0.38,18.26,,
2010-11-08,,2.19,,,87.07,2.6,0.41,18.29,,
2010-11-09,,2.26,,,87.04,2.72,0.46,19.08,,
2010-11-10,,2.21,,,87.77,2.65,0.44,18.47,,
2010-11-11,,,,,87.77,,,18.64,,
2010-11-12,,2.25,,-0.3677,84.89,2.76,0.51,20.61,,
2010-11-15,,2.39,,,84.88,2.92,0.53,20.2,,
2010-11-16,,2.34,,,82.33,2.85,0.51,22.58,,
2010-11-17,,2.39,,,80.43,2.89,0.5,21.76,,
2010-11-18,,2.38,,,81.88,2.9,0.52,18.75,,
2010-11-19,,2.36,,-0.1015,81.65,2.88,0.52,18.04,,
2010-11-22,,2.31,,,81.24,2.8,0.49,18.37,,
2010-11-23,,2.32,,,80.79,2.77,0.45,20.63,,
2010-11-24,,2.4,,,83.21,2.93,0.53,19.56,,
2010-11-25,,,,,,,,,,
2010-11-26,,2.36,,-0.0754,83.87,2.87,0.51,22.22,,
2010-11-29,,2.32,,,85.73,2.84,0.52,21.53,,
2010-11-30,,2.36,,,84.12,2.81,0.45,23.54,,
2010-12-01,0.18,2.44,,,86.75,2.97,0.53,21.36,74.5,0.0
2010-12-02,,2.46,,,87.98,3.01,0.55,19.39,,
2010-12-03,,2.54,,-0.1189,89.18,3.03,0.49,18.01,,
2010-12-06,,2.53,,,89.33,2.95,0.42,18.02,,
2010-12-07,,2.61,,,88.69,3.15,0.54,17.99,,
2010-12-08,,2.63,,,88.3,3.26,0.63,17.74,,
2010-12-09,,2.59,,,88.35,3.23,0.64,17.25,,
2010-12-10,,2.68,,-0.4095,87.81,3.32,0.64,17.61,,
2010-12-13,,2.68,,,88.62,3.29,0.61,17.55,,
2010-12-14,,2.83,,,88.33,3.49,0.66,17.61,,
2010-12-15,,2.85,,,88.66,3.53,0.68,17.94,,
2010-12-16,,2.81,,,87.71,3.47,0.66,17.39,,
2010-12-17,,2.72,,-0.3077,88.02,3.33,0.61,16.11,,
2010-12-20,,2.74,,,88.68,3.36,0.62,16.41,,
2010-12-21,,2.72,,,89.3,3.35,0.63,16.49,,
2010-12-22,,2.71,,,89.83,3.36,0.65,15.45,,
2010-12-23,,2.74,,,90.84,3.41,0.67,16.47,,
2010-12-24,,,,-0.3416,,,,,,
2010-12-27,,2.65,,,90.99,3.36,0.71,17.67,,
2010-12-28,,2.75,,,91.48,3.5,0.75,17.52,,
2010-12-29,,2.71,,,91.13,3.35,0.64,17.28,,
2010-12-30,,2.72,,,89.85,3.38,0.66,17.52,,
2010-12-31,,2.69,,-0.3335,91.38,3.3,0.61,17.75,,
2011-01-01,0.17,,,,,,,,74.2,0.0
2011-01-03,,2.75,,,91.59,3.36,0.61,17.61,,
2011-01-04,,2.73,,,89.39,3.36,0.63,17.38,,
2011-01-05,,2.79,,,90.3,3.5,0.71,17.02,,
2011-01-06,,2.76,,,88.37,3.44,0.68,17.4,,
2011-01-07,,2.74,,-0.4185,88.07,3.34,0.6,17.14,,
2011-01-10,,2.73,,,89.24,3.32,0.59,17.54,,
2011-01-11,,2.77,,,91.11,3.37,0.6,16.89,,
2011-01-12,,2.79,,,91.85,3.4,0.61,16.24,,
2011-01-13,,2.75,,,91.39,3.34,0.59,16.39,,
2011-01-14,,2.76,,-0.4112,91.53,3.35,0.59,15.46,,
2011-01-17,,,,,,,,,,
2011-01-18,,2.79,,,91.38,3.39,0.6,15.87,,
2011-01-19,,2.77,,,90.85,3.37,0.6,17.31,,
2011-01-20,,2.82,,,88.56,3.47,0.65,17.99,,
2011-01-21,,2.81,,-0.4531,88.22,3.44,0.63,18.47,,
2011-01-24,,2.78,,,86.74,3.43,0.65,17.65,,
2011-01-25,,2.73,,,85.08,3.35,0.62,17.59,,
2011-01-26,,2.83,,,86.15,3.45,0.62,16.64,,
2011-01-27,,2.83,,,84.45,3.42,0.59,16.15,,
2011-01-28,,2.82,,-0.389,88.15,3.36,0.54,20.04,,
2011-01-31,,2.84,,,90.99,3.42,0.58,19.53,,
2011-02-01,0.16,2.87,,,89.54,3.48,0.61,17.63,77.5,0.0
2011-02-02,,2.85,,,89.78,3.52,0.67,17.3,,
2011-02-03,,2.87,,,89.42,3.58,0.71,16.69,,
2011-02-04,,2.91,,-0.5146,87.87,3.68,0.77,15.93,,
2011-02-07,,2.9,,,86.3,3.68,0.78,16.28,,
2011-02-08,,2.89,,,85.85,3.75,0.86,15.81,,
2011-02-09,,2.84,,,85.59,3.65,0.81,15.87,,
2011-02-10,,2.85,,,85.44,3.7,0.85,16.09,,
2011-02-11,,2.79,,-0.593,84.39,3.64,0.85,15.69,,
2011-02-14,,2.75,,,83.66,3.62,0.87,15.95,,
2011-02-15,,2.77,,,83.13,3.61,0.84,16.37,,
2011-02-16,,2.76,,,83.8,3.62,0.86,16.72,,
2011-02-17,,2.78,,,85.05,3.58,0.8,16.59,,
2011-02-18,,2.81,,-0.413,85.03,3.59,0.78,16.43,,
2011-02-21,,,,,,,,,,
2011-02-22,,2.72,,,92.65,3.46,0.74,20.8,,
2011-02-23,,2.75,,,96.04,3.49,0.74,22.13,,
2011-02-24,,2.73,,,95.83,3.46,0.73,21.32,,
2011-02-25,,2.7,,-0.1921,96.52,3.42,0.72,19.22,,
2011-02-28,,2.73,,,97.1,3.42,0.69,18.35,,
2011-03-01,0.14,2.75,,,99.63,3.41,0.66,21.01,67.5,0.0
2011-03-02,,2.77,,,102.27,3.46,0.69,20.7,,
2011-03-03,,2.79,,,101.92,3.58,0.79,18.6,,
2011-03-04,,2.81,,-0.3485,104.34,3.49,0.68,19.06,,
2011-03-07,,2.81,,,105.37,3.51,0.7,20.66,,
2011-03-08,,2.83,,,105.06,3.56,0.73,19.82,,
2011-03-09,,2.78,,,104.39,3.48,0.7,20.22,,
2011-03-10,,2.72,,,102.73,3.37,0.65,21.88,,
2011-03-11,,2.76,,-0.3464,101.14,3.4,0.64,20.08,,
2011-03-14,,2.75,,,101.2,3.36,0.61,21.13,,
2011-03-15,,2.7,,,97.23,3.33,0.63,24.32,,
2011-03-16,,2.64,,,97.99,3.22,0.58,29.4,,
2011-03-17,,2.65,,,101.47,3.25,0.6,26.37,,
2011-03-18,,2.67,,-0.0021,101.06,3.28,0.61,24.44,,
2011-03-21,,2.67,,,102.36,3.34,0.67,20.61,,
2011-03-22,,2.66,,,104.53,3.34,0.68,20.21,,
2011-03-23,,2.67,,,105.21,3.36,0.69,19.17,,
2011-03-24,,2.7,,,105.04,3.42,0.72,18.0,,
2011-03-25,,2.67,,-0.4477,104.89,3.46,0.79,17.91,,
2011-03-28,,2.66,,,103.54,3.47,0.81,19.44,,
2011-03-29,,2.69,,,104.34,3.5,0.81,18.16,,
2011-03-30,,2.67,,,103.8,3.47,0.8,17.71,,
2011-03-31,,2.67,,,106.19,3.47,0.8,17.74,,
2011-04-01,0.1,2.66,,-0.4663,107.55,3.46,0.8,17.4,69.8,0.0
2011-04-04,,2.68,,,108.14,3.45,0.77,17.5,,
2011-04-05,,2.66,,,107.82,3.5,0.84,17.25,,
2011-04-06,,2.71,,,108.38,3.56,0.85,16.9,,
2011-04-07,,2.77,,,109.82,3.58,0.81,17.11,,
2011-04-08,,2.76,,-0.5186,112.27,3.59,0.83,17.87,,
2011-04-11,,2.74,,,109.5,3.59,0.85,16.59,,
2011-04-12,,2.75,,,105.75,3.52,0.77,17.09,,
2011-04-13,,2.74,,,106.6,3.49,0.75,16.92,,
2011-04-14,,2.74,,,107.73,3.51,0.77,16.27,,
2011-04-15,,2.72,,-0.4746,109.17,3.43,0.71,15.32,,
2011-04-18,,2.71,,,106.7,3.4,0.69,16.96,,
2011-04-19,,2.71,,,107.18,3.39,0.68,15.83,,
2011-04-20,,2.74,,,110.84,3.43,0.69,15.07,,
2011-04-21,,2.74,,,111.72,3.42,0.68,14.69,,
2011-04-22,,,,-0.4906,,,,,,
2011-04-25,,2.72,,,111.68,3.39,0.67,15.77,,
2011-04-26,,2.69,,,111.72,3.34,0.65,15.62,,
2011-04-27,,2.74,,,112.31,3.39,0.65,15.35,,
2011-04-28,,2.72,,,112.38,3.34,0.62,14.62,,
2011-04-29,,2.71,,-0.6075,113.39,3.32,0.61,14.75,,
2011-05-01,0.09,,,,,,,,74.3,0.0
2011-05-02,,2.7,,,113.03,3.31,0.61,15.99,,
2011-05-03,,2.67,,,110.6,3.28,0.61,16.7,,
2011-05-04,,2.65,,,108.79,3.25,0.6,17.08,,
2011-05-05,,2.6,,,99.89,3.18,0.58,18.2,,
2011-05-06,,2.62,,-0.4157,96.87,3.19,0.57,18.4,,
2011-05-09,,2.6,,,100.32,3.17,0.57,17.16,,
2011-05-10,,2.64,,,103.39,3.23,0.59,15.91,,
2011-05-11,,2.63,,,97.88,3.19,0.56,16.95,,
2011-05-12,,2.65,,,98.53,3.22,0.57,16.03,,
2011-05-13,,2.61,,-0.4452,99.21,3.18,0.57,17.07,,
2011-05-16,,2.61,,,96.91,3.15,0.54,18.24,,
2011-05-17,,2.57,,,96.4,3.12,0.55,17.55,,
2011-05-18,,2.6,,,99.52,3.18,0.58,16.23,,
2011-05-19,,2.62,,,97.99,3.17,0.55,15.52,,
2011-05-20,,2.6,,-0.4205,99.15,3.15,0.55,17.43,,
2011-05-23,,2.58,,,97.06,3.13,0.55,18.27,,
2011-05-24,,2.56,,,99.13,3.12,0.56,17.82,,
2011-05-25,,2.59,,,100.78,3.13,0.54,17.07,,
2011-05-26,,2.59,,,100.18,3.07,0.48,16.09,,
2011-05-27,,2.59,,-0.3808,100.58,3.07,0.48,15.98,,
2011-05-30,,,,,,,,,,
2011-05-31,,2.6,,,102.7,3.05,0.45,15.45,,
2011-06-01,0.09,2.52,,,100.3,2.96,0.44,18.3,71.5,0.0
2011-06-02,,2.59,,,100.41,3.04,0.45,18.09,,
2011-06-03,,2.57,,-0.2988,100.28,2.99,0.42,17.95,,
2011-06-06,,2.58,,,99.07,3.01,0.43,18.49,,
2011-06-07,,2.62,,,99.18,3.01,0.39,18.07,,
2011-06-08,,2.59,,,100.77,2.98,0.39,18.79,,
2011-06-09,,2.58,,,101.95,3.01,0.43,17.77,,
2011-06-10,,2.58,,-0.2364,99.3,2.99,0.41,18.86,,
2011-06-13,,2.6,,,97.2,3.0,0.4,19.61,,
2011-06-14,,2.66,,,99.37,3.11,0.45,18.26,,
2011-06-15,,2.6,,,94.83,2.98,0.38,21.32,,
2011-06-16,,2.55,,,94.95,2.93,0.38,22.73,,
2011-06-17,,2.56,,-0.2231,93.02,2.94,0.38,21.85,,
2011-06-20,,2.59,,,93.23,2.97,0.38,19.99,,
2011-06-21,,2.59,,,93.7,2.99,0.4,18.86,,
2011-06-22,,2.62,,,94.96,3.01,0.39,18.52,,
2011-06-23,,2.58,,,90.7,2.93,0.35,19.29,,
2011-06-24,,2.53,,-0.1931,90.89,2.88,0.35,21.1,,
2011-06-27,,2.54,,,90.65,2.95,0.41,20.56,,
2011-06-28,,2.57,,,92.9,3.05,0.48,19.17,,
2011-06-29,,2.67,,,94.85,3.14,0.47,17.27,,
2011-06-30,,2.73,,,95.3,3.18,0.45,16.52,,
2011-07-01,0.07,2.72,,-0.489,94.81,3.22,0.5,15.87,63.7,0.0
2011-07-04,,,,,,,,,,
2011-07-05,,2.72,,,96.92,3.16,0.44,16.06,,
2011-07-06,,2.69,,,96.67,3.12,0.43,16.34,,
2011-07-07,,2.68,,,98.7,3.17,0.49,15.95,,
2011-07-08,,2.63,,-0.4385,96.2,3.03,0.4,15.95,,
2011-07-11,,2.57,,,95.16,2.94,0.37,18.39,,
2011-07-12,,2.55,,,97.41,2.92,0.37,19.87,,
2011-07-13,,2.55,,,98.04,2.92,0.37,19.91,,
2011-07-14,,2.6,,,95.75,2.98,0.38,20.8,,
2011-07-15,,2.57,,-0.0884,97.24,2.94,0.37,19.53,,
2011-07-18,,2.57,,,95.94,2.94,0.37,20.95,,
2011-07-19,,2.52,,,97.49,2.91,0.39,19.21,,
2011-07-20,,2.56,,,98.11,2.96,0.4,19.09,,
2011-07-21,,2.63,,,98.96,3.03,0.4,17.56,,
2011-07-22,,2.59,,-0.3943,99.53,2.99,0.4,17.52,,
2011-07-25,,2.61,,,98.97,3.03,0.42,19.35,,
2011-07-26,,2.58,,,99.61,2.99,0.41,20.23,,
2011-07-27,,2.57,,,97.4,3.01,0.44,22.98,,
2011-07-28,,2.56,,,97.48,2.98,0.42,23.74,,
2011-07-29,,2.46,,-0.3856,95.68,2.82,0.36,25.25,,
2011-08-01,0.1,2.39,,,94.98,2.77,0.38,23.66,55.8,0.0
2011-08-02,,2.33,,,93.78,2.66,0.33,24.79,,
2011-08-03,,2.31,,,91.87,2.64,0.33,23.38,,
2011-08-04,,2.2,,,86.75,2.47,0.27,31.66,,
2011-08-05,,2.3,,0.2769,86.89,2.58,0.28,32.0,,
2011-08-08,,2.13,,,81.27,2.4,0.27,48.0,,
2011-08-09,,2.01,,,79.32,2.2,0.19,35.06,,
2011-08-10,,1.98,,,83.05,2.17,0.19,42.99,,
2011-08-11,,2.15,,,85.48,2.34,0.19,39.0,,
2011-08-12,,2.04,,1.2608,85.19,2.24,0.2,36.36,,
2011-08-15,,2.1,,,87.88,2.29,0.19,31.87,,
2011-08-16,,2.03,,,86.65,2.23,0.2,32.85,,
2011-08-17,,1.98,,,87.58,2.17,0.19,31.58,,
2011-08-18,,1.88,,,82.38,2.08,0.2,42.67,,
2011-08-19,,1.87,,0.4037,82.33,2.07,0.2,43.05,,
2011-08-22,,1.88,,,84.42,2.1,0.22,42.44,,
2011-08-23,,1.93,,,85.35,2.15,0.22,36.27,,
2011-08-24,,2.06,,,84.99,2.29,0.23,35.9,,
2011-08-25,,2.01,,,85.15,2.23,0.22,39.76,,
2011-08-26,,1.99,,0.7473,85.37,2.19,0.2,35.59,,
2011-08-29,,2.08,,,87.27,2.28,0.2,32.28,,
2011-08-30,,1.99,,,88.9,2.19,0.2,32.89,,
2011-08-31,,2.03,,,88.81,2.23,0.2,31.62,,
2011-09-01,0.08,1.96,,,88.93,2.15,0.19,31.82,59.5,0.0
2011-09-02,,1.82,,0.3756,86.45,2.02,0.2,33.92,,
2011-09-05,,,,,,,,,,
2011-09-06,,1.77,,,85.99,1.98,0.21,37.0,,
2011-09-07,,1.84,,,89.34,2.05,0.21,33.38,,
2011-09-08,,1.81,,,89.05,2.0,0.19,34.32,,
2011-09-09,,1.76,,0.7731,87.24,1.93,0.17,38.52,,
2011-09-12,,1.73,,,88.19,1.94,0.21,38.59,,
2011-09-13,,1.79,,,90.21,2.0,0.21,36.91,,
2011-09-14,,1.84,,,88.91,2.03,0.19,34.6,,
2011-09-15,,1.88,,,89.4,2.09,0.21,31.97,,
2011-09-16,,1.9,,0.6195,87.96,2.08,0.18,30.98,,
2011-09-19,,1.81,,,85.7,1.97,0.16,32.73,,
2011-09-20,,1.77,,,86.92,1.95,0.18,32.86,,
2011-09-21,,1.67,,,85.77,1.88,0.21,37.32,,
2011-09-22,,1.52,,,80.29,1.72,0.2,41.35,,
2011-09-23,,1.61,,0.9657,79.58,1.84,0.23,41.25,,
2011-09-26,,1.66,,,79.97,1.91,0.25,39.02,,
2011-09-27,,1.75,,,84.18,2.0,0.25,37.71,,
2011-09-28,,1.76,,,80.94,2.03,0.27,41.08,,
2011-09-29,,1.72,,,81.87,1.99,0.27,38.84,,
2011-09-30,,1.67,,0.988,78.93,1.92,0.25,42.96,,
2011-10-01,0.07,,,,,,,,60.8,0.0
2011-10-03,,1.56,,,77.34,1.8,0.24,45.45,,
2011-10-04,,1.56,,,75.4,1.81,0.25,40.82,,
2011-10-05,,1.67,,,79.41,1.92,0.25,37.81,,
2011-10-06,,1.72,,,82.32,2.01,0.29,36.27,,
2011-10-07,,1.8,,1.2417,82.7,2.1,0.3,36.2,,
2011-10-10,,,,,85.14,,,33.02,,
2011-10-11,,1.86,,,85.54,2.18,0.32,32.86,,
2011-10-12,,1.95,,,85.3,2.24,0.29,31.26,,
2011-10-13,,1.9,,,83.96,2.19,0.29,30.7,,
2011-10-14,,1.98,,0.2716,86.8,2.26,0.28,28.24,,
2011-10-17,,1.9,,,86.38,2.18,0.28,33.39,,
2011-10-18,,1.91,,,88.34,2.19,0.28,31.56,,
2011-10-19,,1.9,,,86.11,2.18,0.28,34.44,,
2011-10-20,,1.92,,,86.07,2.2,0.28,34.78,,
2011-10-21,,1.93,,0.4829,87.19,2.23,0.3,31.32,,
2011-10-24,,1.95,,,91.12,2.25,0.3,29.26,,
2011-10-25,,1.88,,,92.98,2.14,0.26,32.22,,
2011-10-26,,1.95,,,90.2,2.23,0.28,29.86,,
2011-10-27,,2.11,,,93.96,2.42,0.31,25.46,,
2011-10-28,,2.06,,0.1228,93.32,2.34,0.28,24.53,,
2011-10-31,,1.92,,,93.19,2.17,0.25,29.96,,
2011-11-01,0.08,1.78,,,92.19,2.01,0.23,34.77,63.7,0.0
2011-11-02,,1.8,,,92.51,2.03,0.23,32.74,,
2011-11-03,,1.85,,,94.07,2.09,0.24,30.5,,
2011-11-04,,1.84,,0.7229,94.26,2.06,0.22,30.16,,
2011-11-07,,1.79,,,95.52,2.04,0.25,29.85,,
2011-11-08,,1.85,,,96.8,2.1,0.25,27.48,,
2011-11-09,,1.76,,,95.74,2.0,0.24,36.16,,
2011-11-10,,1.8,,,97.78,2.04,0.24,32.81,,
2011-11-11,,,,0.6299,98.99,,,30.04,,
2011-11-14,,1.8,,,98.14,2.04,0.24,31.13,,
2011-11-15,,1.8,,,99.37,2.06,0.26,31.22,,
2011-11-16,,1.75,,,102.59,2.01,0.26,33.51,,
2011-11-17,,1.69,,,98.82,1.96,0.27,34.51,,
2011-11-18,,1.72,,0.8745,97.67,2.01,0.29,32.0,,
2011-11-21,,1.7,,,96.73,1.97,0.27,32.91,,
2011-11-22,,1.68,,,97.76,1.94,0.26,31.97,,
2011-11-23,,1.63,,,96.16,1.89,0.26,33.98,,
2011-11-24,,,,,,,,,,
2011-11-25,,1.69,,1.0796,96.91,1.97,0.28,34.47,,
2011-11-28,,1.71,,,98.21,1.97,0.26,32.13,,
2011-11-29,,1.73,,,99.79,2.0,0.27,30.64,,
2011-11-30,,1.83,,,100.36,2.08,0.25,27.8,,
2011-12-01,0.07,1.84,,,100.2,2.11,0.27,27.41,69.9,0.0
2011-12-02,,1.8,,0.4935,100.97,2.05,0.25,27.52,,
2011-12-05,,1.77,,,100.94,2.04,0.27,27.84,,
2011-12-06,,1.83,,,101.25,2.08,0.25,28.13,,
2011-12-07,,1.78,,,100.45,2.02,0.24,28.67,,
2011-12-08,,1.77,,,98.35,1.99,0.22,30.59,,
2011-12-09,,1.85,,0.4372,99.4,2.07,0.22,26.38,,
2011-12-12,,1.79,,,97.77,2.03,0.24,25.67,,
2011-12-13,,1.72,,,100.24,1.96,0.24,25.41,,
2011-12-14,,1.67,,,94.92,1.92,0.25,26.04,,
2011-12-15,,1.66,,,93.84,1.92,0.26,25.11,,
2011-12-16,,1.62,,0.7058,93.55,1.86,0.24,24.29,,
2011-12-19,,1.58,,,93.86,1.82,0.24,24.92,,
2011-12-20,,1.68,,,97.16,1.94,0.26,23.22,,
2011-12-21,,1.7,,,98.54,1.98,0.28,21.43,,
2011-12-22,,1.69,,,99.42,1.97,0.28,21.16,,
2011-12-23,,1.75,,0.4474,99.72,2.03,0.28,20.73,,
2011-12-26,,,,,,,,,,
2011-12-27,,1.72,,,101.29,2.02,0.3,21.91,,
2011-12-28,,1.65,,,99.44,1.93,0.28,23.52,,
2011-12-29,,1.63,,,99.68,1.91,0.28,22.65,,
2011-12-30,,1.64,,0.445,98.83,1.89,0.25,23.4,,
2012-01-01,0.08,,,,,,,,75.0,0.0
2012-01-02,,,,,,,,,,
2012-01-03,,1.7,,,102.96,1.97,0.27,22.97,,
2012-01-04,,1.75,,,103.22,2.0,0.25,22.22,,
2012-01-05,,1.75,,,101.81,2.02,0.27,21.48,,
2012-01-06,,1.73,,0.316,101.56,1.98,0.25,20.63,,
2012-01-09,,1.72,,,101.31,1.98,0.26,21.07,,
2012-01-10,,1.76,,,102.24,2.0,0.24,20.69,,
2012-01-11,,1.69,,,100.89,1.93,0.24,21.05,,
2012-01-12,,1.72,,,99.03,1.94,0.22,20.47,,
2012-01-13,,1.65,,0.3626,98.69,1.89,0.24,20.91,,
2012-01-16,,,,,,,,,,
2012-01-17,,1.66,,,100.7,1.87,0.21,22.2,,
2012-01-18,,1.68,,,100.61,1.92,0.24,20.89,,
2012-01-19,,1.75,,,100.32,2.01,0.26,19.87,,
2012-01-20,,1.79,,0.2166,98.15,2.05,0.26,18.28,,
2012-01-23,,1.83,,,99.47,2.09,0.26,18.67,,
2012-01-24,,1.84,,,98.84,2.08,0.24,18.91,,
2012-01-25,,1.79,,,99.23,2.01,0.22,18.31,,
2012-01-26,,1.74,,,99.76,1.96,0.22,18.57,,
2012-01-27,,1.71,,0.1033,99.47,1.93,0.22,18.53,,
2012-01-30,,1.65,,,98.75,1.87,0.22,19.4,,
2012-01-31,,1.61,,,98.46,1.83,0.22,19.44,,
2012-02-01,0.1,1.64,,,97.63,1.87,0.23,18.55,75.3,0.0
2012-02-02,,1.63,,,96.36,1.86,0.23,17.98,,
2012-02-03,,1.74,,0.087,97.8,1.97,0.23,17.1,,
2012-02-06,,1.69,,,96.89,1.93,0.24,17.76,,
2012-02-07,,1.75,,,98.55,2.0,0.25,17.65,,
2012-02-08,,1.74,,,98.8,2.01,0.27,18.16,,
2012-02-09,,1.77,,,99.88,2.04,0.27,18.63,,
2012-02-10,,1.69,,-0.1081,98.68,1.96,0.27,20.79,,
2012-02-13,,1.7,,,100.39,1.99,0.29,19.04,,
2012-02-14,,1.63,,,100.82,1.92,0.29,19.54,,
2012-02-15,,1.64,,,101.82,1.93,0.29,21.14,,
2012-02-16,,1.7,,,102.33,1.99,0.29,19.22,,
2012-02-17,,1.72,,0.0009,103.27,2.01,0.29,17.78,,
2012-02-20,,,,,,,,,,
2012-02-21,,1.74,,,105.88,2.05,0.31,18.19,,
2012-02-22,,1.72,,,105.99,2.01,0.29,18.19,,
2012-02-23,,1.68,,,107.44,1.99,0.31,16.8,,
2012-02-24,,1.67,,-0.1268,109.39,1.98,0.31,17.31,,
2012-02-27,,1.62,,,108.49,1.92,0.3,18.19,,
2012-02-28,,1.64,,,106.59,1.94,0.3,17.96,,
2012-02-29,,1.68,,,107.08,1.98,0.3,18.43,,
2012-03-01,0.13,1.73,,,108.76,2.03,0.3,17.26,76.2,0.0
2012-03-02,,1.71,,-0.1362,106.68,1.99,0.28,17.29,,
2012-03-05,,1.69,,,106.7,2.0,0.31,18.05,,
2012-03-06,,1.66,,,104.71,1.96,0.3,20.87,,
2012-03-07,,1.68,,,106.16,1.98,0.3,19.07,,
2012-03-08,,1.71,,,106.65,2.03,0.32,17.95,,
2012-03-09,,1.71,,-0.0093,107.4,2.04,0.33,17.11,,
2012-03-12,,1.71,,,106.34,2.04,0.33,15.64,,
2012-03-13,,1.79,,,106.7,2.14,0.35,14.8,,
2012-03-14,,1.89,,,105.49,2.29,0.4,15.31,,
2012-03-15,,1.92,,,105.19,2.29,0.37,15.42,,
2012-03-16,,1.94,,-0.3834,107.03,2.31,0.37,14.47,,
2012-03-19,,2.0,,,108.09,2.39,0.39,15.04,,
2012-03-20,,1.97,,,105.68,2.38,0.41,15.58,,
2012-03-21,,1.92,,,106.87,2.31,0.39,15.13,,
2012-03-22,,1.92,,,104.98,2.29,0.37,15.57,,
2012-03-23,,1.88,,-0.2348,106.43,2.25,0.37,14.82,,
2012-03-26,,1.9,,,107.07,2.26,0.36,14.26,,
2012-03-27,,1.87,,,107.32,2.2,0.33,15.59,,
2012-03-28,,1.87,,,105.4,2.21,0.34,15.47,,
2012-03-29,,1.85,,,102.79,2.18,0.33,15.48,,
2012-03-30,,1.9,,-0.1262,103.03,2.23,0.33,15.5,,
2012-04-01,0.14,,,,,,,,76.4,0.0
2012-04-02,,1.89,,,105.25,2.22,0.33,15.64,,
2012-04-03,,1.94,,,104.02,2.3,0.36,15.66,,
2012-04-04,,1.9,,,101.53,2.25,0.35,16.44,,
2012-04-05,,1.84,,,103.29,2.19,0.35,16.7,,
2012-04-06,,1.75,,-0.0876,,2.07,0.32,,,
2012-04-09,,1.74,,,102.45,2.06,0.32,18.81,,
2012-04-10,,1.73,,,101.12,2.01,0.28,20.39,,
2012-04-11,,1.75,,,102.66,2.05,0.3,20.02,,
2012-04-12,,1.79,,,103.69,2.08,0.29,17.2,,
2012-04-13,,1.75,,0.1432,102.84,2.02,0.27,19.55,,
2012-04-16,,1.73,,,102.92,2.0,0.27,19.55,,
2012-04-17,,1.76,,,104.23,2.03,0.27,18.46,,
2012-04-18,,1.73,,,102.65,2.0,0.27,18.64,,
2012-04-19,,1.71,,,102.38,1.98,0.27,18.36,,
2012-04-20,,1.7,,-0.1207,103.58,1.99,0.29,17.44,,
2012-04-23,,1.69,,,102.68,1.96,0.27,18.97,,
2012-04-24,,1.73,,,103.1,2.0,0.27,18.1,,
2012-04-25,,1.75,,,103.72,2.01,0.26,16.82,,
2012-04-26,,1.72,,,104.56,1.98,0.26,16.24,,
2012-04-27,,1.7,,-0.1729,104.86,1.96,0.26,16.32,,
2012-04-30,,1.68,,,104.89,1.95,0.27,17.15,,
2012-05-01,0.16,1.71,,,106.17,1.98,0.27,16.6,79.3,0.0
2012-05-02,,1.69,,,105.25,1.96,0.27,16.88,,
2012-05-03,,1.68,,,102.56,1.96,0.28,17.56,,
2012-05-04,,1.64,,-0.2315,98.49,1.91,0.27,19.16,,
2012-05-07,,1.65,,,97.86,1.92,0.27,18.94,,
2012-05-08,,1.61,,,97.13,1.88,0.27,19.05,,
2012-05-09,,1.6,,,96.8,1.87,0.27,20.08,,
2012-05-10,,1.62,,,97.1,1.89,0.27,18.83,,
2012-05-11,,1.57,,-0.0562,96.03,1.84,0.27,19.89,,
2012-05-14,,1.49,,,94.75,1.78,0.29,21.87,,
2012-05-15,,1.47,,,93.97,1.76,0.29,21.97,,
2012-05-16,,1.46,,,92.78,1.76,0.3,22.27,,
2012-05-17,,1.38,,,92.53,1.7,0.32,24.49,,
2012-05-18,,1.39,,0.3141,91.51,1.71,0.32,25.1,,
2012-05-21,,1.45,,,92.57,1.75,0.3,22.01,,
2012-05-22,,1.49,,,91.44,1.79,0.3,22.48,,
2012-05-23,,1.45,,,89.4,1.73,0.28,22.33,,
2012-05-24,,1.48,,,90.36,1.77,0.29,21.54,,
2012-05-25,,1.45,,0.2175,90.64,1.75,0.3,21.76,,
2012-05-28,,,,,,,,,,
2012-05-29,,1.44,,,90.75,1.74,0.3,21.03,,
2012-05-30,,1.36,,,87.79,1.63,0.27,24.14,,
2012-05-31,,1.32,,,86.52,1.59,0.27,24.06,,
2012-06-01,0.16,1.22,,0.316,83.17,1.47,0.25,26.66,73.2,0.0
2012-06-04,,1.28,,,83.95,1.53,0.25,26.12,,
2012-06-05,,1.32,,,84.31,1.57,0.25,24.68,,
2012-06-06,,1.4,,,85.05,1.66,0.26,22.16,,
2012-06-07,,1.39,,,84.78,1.66,0.27,21.72,,
2012-06-08,,1.37,,0.2888,84.08,1.65,0.28,21.23,,
2012-06-11,,1.33,,,82.58,1.6,0.27,23.56,,
2012-06-12,,1.37,,,83.35,1.67,0.3,22.09,,
2012-06-13,,1.31,,,82.56,1.61,0.3,24.27,,
2012-06-14,,1.34,,,83.83,1.64,0.3,21.68,,
2012-06-15,,1.31,,0.061,84.03,1.6,0.29,21.11,,
2012-06-18,,1.3,,,83.26,1.59,0.29,18.32,,
2012-06-19,,1.34,,,83.99,1.64,0.3,18.38,,
2012-06-20,,1.33,,,81.06,1.65,0.32,17.24,,
2012-06-21,,1.31,,,77.91,1.63,0.32,20.08,,
2012-06-22,,1.38,,-0.1053,79.33,1.69,0.31,18.11,,
2012-06-25,,1.32,,,78.76,1.63,0.31,20.38,,
2012-06-26,,1.35,,,79.34,1.66,0.31,19.72,,
2012-06-27,,1.34,,,80.27,1.65,0.31,19.45,,
2012-06-28,,1.29,,,77.72,1.6,0.31,19.71,,
2012-06-29,,1.34,,-0.0224,85.04,1.67,0.33,17.08,,
2012-07-01,0.16,,,,,,,,72.3,0.0
2012-07-02,,1.31,,,83.72,1.61,0.3,16.8,,
2012-07-03,,1.35,,,87.74,1.65,0.3,16.66,,
2012-07-04,,,,,,,,,,
2012-07-05,,1.34,,,87.11,1.62,0.28,17.5,,
2012-07-06,,1.3,,-0.1092,84.37,1.57,0.27,17.1,,
2012-07-09,,1.26,,,85.93,1.53,0.27,17.98,,
2012-07-10,,1.26,,,83.92,1.53,0.27,18.72,,
2012-07-11,,1.27,,,85.88,1.54,0.27,17.95,,
2012-07-12,,1.25,,,86.02,1.5,0.25,18.33,,
2012-07-13,,1.27,,-0.0186,87.15,1.52,0.25,16.74,,
2012-07-16,,1.26,,,88.41,1.5,0.24,17.11,,
2012-07-17,,1.28,,,89.07,1.53,0.25,16.48,,
2012-07-18,,1.3,,,89.88,1.52,0.22,16.16,,
2012-07-19,,1.32,,,92.78,1.54,0.22,15.45,,
2012-07-20,,1.27,,-0.188,91.56,1.49,0.22,16.27,,
2012-07-23,,1.25,,,87.77,1.47,0.22,18.62,,
2012-07-24,,1.22,,,88.28,1.44,0.22,20.47,,
2012-07-25,,1.21,,,88.8,1.43,0.22,19.34,,
2012-07-26,,1.22,,,89.4,1.45,0.23,17.53,,
2012-07-27,,1.33,,-0.0486,90.13,1.58,0.25,16.7,,
2012-07-30,,1.3,,,89.8,1.53,0.23,18.03,,
2012-07-31,,1.28,,,88.08,1.51,0.23,18.93,,
2012-08-01,0.13,1.32,,,88.99,1.56,0.24,18.96,74.3,0.0
2012-08-02,,1.27,,,87.22,1.51,0.24,17.57,,
2012-08-03,,1.36,,-0.3043,91.4,1.6,0.24,15.64,,
2012-08-06,,1.35,,,92.3,1.59,0.24,15.95,,
2012-08-07,,1.39,,,93.68,1.66,0.27,15.99,,
2012-08-08,,1.39,,,93.39,1.68,0.29,15.32,,
2012-08-09,,1.4,,,93.39,1.69,0.29,15.28,,
2012-08-10,,1.38,,-0.3524,92.94,1.65,0.27,14.74,,
2012-08-13,,1.38,,,92.76,1.65,0.27,13.7,,
2012-08-14,,1.46,,,93.4,1.73,0.27,14.85,,
2012-08-15,,1.53,,,94.35,1.8,0.27,14.63,,
2012-08-16,,1.54,,,95.66,1.83,0.29,14.29,,
2012-08-17,,1.52,,-0.2651,96.0,1.81,0.29,13.45,,
2012-08-20,,1.53,,,96.03,1.82,0.29,14.02,,
2012-08-21,,1.49,,,96.55,1.8,0.31,15.02,,
2012-08-22,,1.45,,,96.89,1.71,0.26,15.11,,
2012-08-23,,1.42,,,95.87,1.68,0.26,15.96,,
2012-08-24,,1.4,,-0.3188,95.78,1.68,0.28,15.18,,
2012-08-27,,1.37,,,95.54,1.65,0.28,16.35,,
2012-08-28,,1.37,,,96.3,1.64,0.27,16.49,,
2012-08-29,,1.39,,,95.5,1.66,0.27,17.06,,
2012-08-30,,1.36,,,94.61,1.63,0.27,17.83,,
2012-08-31,,1.35,,-0.2237,96.47,1.57,0.22,17.47,,
2012-09-01,0.14,,,,,,,,78.3,0.0
2012-09-03,,,,,,,,,,
2012-09-04,,1.36,,,95.34,1.59,0.23,17.98,,
2012-09-05,,1.35,,,95.37,1.6,0.25,17.74,,
2012-09-06,,1.41,,,95.58,1.68,0.27,15.6,,
2012-09-07,,1.42,,-0.3576,96.41,1.67,0.25,14.38,,
2012-09-10,,1.43,,,96.52,1.68,0.25,16.28,,
2012-09-11,,1.45,,,97.03,1.7,0.25,16.41,,
2012-09-12,,1.52,,,97.02,1.77,0.25,15.8,,
2012-09-13,,1.51,,,98.3,1.75,0.24,14.05,,
2012-09-14,,1.61,,-0.6348,98.94,1.88,0.27,14.51,,
2012-09-17,,1.6,,,96.51,1.85,0.25,14.59,,
2012-09-18,,1.57,,,95.25,1.82,0.25,14.18,,
2012-09-19,,1.52,,,91.97,1.79,0.27,13.88,,
2012-09-20,,1.53,,,92.14,1.8,0.27,14.07,,
2012-09-21,,1.5,,-0.6697,92.64,1.77,0.27,13.98,,
2012-09-24,,1.47,,,91.68,1.74,0.27,14.15,,
2012-09-25,,1.43,,,91.07,1.7,0.27,15.43,,
2012-09-26,,1.38,,,89.92,1.64,0.26,16.81,,
2012-09-27,,1.41,,,91.89,1.66,0.25,14.84,,
2012-09-28,,1.42,,-0.3306,92.18,1.65,0.23,15.73,,
2012-10-01,0.16,1.39,,,92.44,1.64,0.25,16.32,82.6,0.0
2012-10-02,,1.41,,,91.88,1.64,0.23,15.71,,
2012-10-03,,1.41,,,88.19,1.64,0.23,15.43,,
2012-10-04,,1.47,,,91.69,1.7,0.23,14.55,,
2012-10-05,,1.48,,-0.5609,89.87,1.75,0.27,14.33,,
2012-10-08,,,,,89.43,,,15.11,,
2012-10-09,,1.49,,,92.42,1.74,0.25,16.37,,
2012-10-10,,1.45,,,91.24,1.72,0.27,16.29,,
2012-10-11,,1.42,,,92.19,1.7,0.28,15.59,,
2012-10-12,,1.42,,-0.5943,91.83,1.69,0.27,16.14,,
2012-10-15,,1.43,,,91.84,1.7,0.27,15.27,,
2012-10-16,,1.48,,,92.07,1.75,0.27,15.22,,
2012-10-17,,1.53,,,92.04,1.83,0.3,15.07,,
2012-10-18,,1.57,,,92.0,1.86,0.29,15.03,,
2012-10-19,,1.49,,-0.7228,90.0,1.79,0.3,17.06,,
2012-10-22,,1.51,,,88.3,1.83,0.32,16.62,,
2012-10-23,,1.5,,,86.65,1.79,0.29,18.83,,
2012-10-24,,1.51,,,85.39,1.8,0.29,18.33,,
2012-10-25,,1.55,,,85.59,1.86,0.31,18.12,,
2012-10-26,,1.48,,-0.4546,85.84,1.78,0.3,17.81,,
2012-10-29,,1.44,,,85.52,1.74,0.3,,,
2012-10-30,,,,,85.65,,,,,
2012-10-31,,1.42,,,86.23,1.72,0.3,18.6,,
2012-11-01,0.16,1.45,,,87.05,1.75,0.3,16.69,82.7,0.0
2012-11-02,,1.47,,-0.4261,84.9,1.75,0.28,17.59,,
2012-11-05,,1.44,,,85.64,1.72,0.28,18.42,,
2012-11-06,,1.48,,,88.62,1.78,0.3,17.58,,
2012-11-07,,1.41,,,84.5,1.68,0.27,19.08,,
2012-11-08,,1.35,,,85.07,1.62,0.27,18.49,,
2012-11-09,,1.34,,-0.4084,86.08,1.61,0.27,18.61,,
2012-11-12,,,,,85.56,,,16.68,,
2012-11-13,,1.32,,,85.38,1.59,0.27,16.65,,
2012-11-14,,1.34,,,86.32,1.59,0.25,17.92,,
2012-11-15,,1.34,,,85.45,1.58,0.24,17.99,,
2012-11-16,,1.34,,-0.2884,86.62,1.58,0.24,16.41,,
2012-11-19,,1.36,,,89.05,1.61,0.25,15.24,,
2012-11-20,,1.39,,,86.46,1.66,0.27,15.08,,
2012-11-21,,1.42,,,87.08,1.69,0.27,15.31,,
2012-11-22,,,,,,,,,,
2012-11-23,,1.41,,-0.6504,87.01,1.7,0.29,15.14,,
2012-11-26,,1.39,,,87.28,1.66,0.27,15.5,,
2012-11-27,,1.37,,,86.81,1.64,0.27,15.92,,
2012-11-28,,1.36,,,86.1,1.63,0.27,15.51,,
2012-11-29,,1.37,,,87.64,1.62,0.25,15.06,,
2012-11-30,,1.37,,-0.5889,88.54,1.62,0.25,15.87,,
2012-12-01,0.16,,,,,,,,72.9,0.0
2012-12-03,,1.38,,,88.69,1.63,0.25,16.64,,
2012-12-04,,1.37,,,88.04,1.62,0.25,17.12,,
2012-12-05,,1.35,,,87.36,1.6,0.25,16.46,,
2012-12-06,,1.34,,,85.47,1.59,0.25,16.58,,
2012-12-07,,1.39,,-0.638,85.45,1.64,0.25,15.9,,
2012-12-10,,1.39,,,85.14,1.63,0.24,16.05,,
2012-12-11,,1.42,,,85.36,1.66,0.24,15.57,,
2012-12-12,,1.47,,,86.35,1.72,0.25,15.95,,
2012-12-13,,1.47,,,85.39,1.74,0.27,16.56,,
2012-12-14,,1.48,,-0.6915,86.32,1.72,0.24,17.0,,
2012-12-17,,1.53,,,86.71,1.78,0.25,16.34,,
2012-12-18,,1.56,,,87.46,1.84,0.28,15.57,,
2012-12-19,,1.54,,,89.09,1.82,0.28,17.36,,
2012-12-20,,1.53,,,89.76,1.81,0.28,17.67,,
2012-12-21,,1.51,,-0.6617,88.2,1.77,0.26,17.84,,
2012-12-24,,1.53,,,88.29,1.79,0.26,17.84,,
2012-12-25,,,,,,,,,,
2012-12-26,,1.51,,,90.71,1.77,0.26,19.48,,
2012-12-27,,1.48,,,90.91,1.74,0.26,19.47,,
2012-12-28,,1.46,,-0.4528,90.66,1.73,0.27,22.72,,
2012-12-31,,1.53,,,91.83,1.78,0.25,18.02,,
2013-01-01,0.14,,,,,,,,73.8,0.0
2013-01-02,,1.59,,,93.14,1.86,0.27,14.68,,
2013-01-03,,1.65,,,92.97,1.92,0.27,14.56,,
2013-01-04,,1.66,,-0.7287,93.12,1.93,0.27,13.83,,
2013-01-07,,1.65,,,93.2,1.92,0.27,13.79,,
2013-01-08,,1.64,,,93.21,1.89,0.25,13.62,,
2013-01-09,,1.64,,,93.08,1.88,0.24,13.81,,
2013-01-10,,1.65,,,93.81,1.91,0.26,13.49,,
2013-01-11,,1.63,,-0.7161,93.6,1.89,0.26,13.36,,
2013-01-14,,1.63,,,94.27,1.89,0.26,13.52,,
2013-01-15,,1.6,,,93.26,1.86,0.26,13.55,,
2013-01-16,,1.58,,,94.28,1.84,0.26,13.42,,
2013-01-17,,1.61,,,95.49,1.89,0.28,13.57,,
2013-01-18,,1.61,,-0.7349,95.61,1.87,0.26,12.46,,
2013-01-21,,,,,,,,,,
2013-01-22,,1.6,,,96.09,1.86,0.26,12.43,,
2013-01-23,,1.6,,,95.06,1.86,0.26,12.46,,
2013-01-24,,1.65,,,95.35,1.88,0.23,12.69,,
2013-01-25,,1.7,,-0.7719,95.15,1.98,0.28,12.89,,
2013-01-28,,1.71,,,95.95,2.0,0.29,13.57,,
2013-01-29,,1.73,,,97.62,2.03,0.3,13.31,,
2013-01-30,,1.76,,,97.98,2.03,0.27,14.32,,
2013-01-31,,1.75,,,97.65,2.02,0.27,14.28,,
2013-02-01,0.15,1.77,,-0.6667,97.46,2.04,0.27,12.9,77.6,0.0
2013-02-04,,1.75,,,96.21,2.0,0.25,14.67,,
2013-02-05,,1.77,,,96.68,2.04,0.27,13.72,,
2013-02-06,,1.73,,,96.44,2.0,0.27,13.41,,
2013-02-07,,1.74,,,95.84,1.99,0.25,13.5,,
2013-02-08,,1.74,,-0.6185,95.71,1.99,0.25,13.02,,
2013-02-11,,1.72,,,97.01,1.99,0.27,12.94,,
2013-02-12,,1.73,,,97.48,2.02,0.29,12.64,,
2013-02-13,,1.76,,,97.03,2.05,0.29,12.98,,
2013-02-14,,1.73,,,97.3,2.0,0.27,12.66,,
2013-02-15,,1.72,,-0.773,95.95,2.01,0.29,12.46,,
2013-02-18,,,,,,,,,,
2013-02-19,,1.74,,,96.69,2.03,0.29,12.31,,
2013-02-20,,1.75,,,94.92,2.02,0.27,14.68,,
2013-02-21,,1.73,,,92.79,1.99,0.26,15.22,,
2013-02-22,,1.7,,-0.7384,93.12,1.97,0.27,14.17,,
2013-02-25,,1.63,,,92.74,1.88,0.25,18.99,,
2013-02-26,,1.63,,,92.63,1.88,0.25,16.87,,
2013-02-27,,1.64,,,92.84,1.91,0.27,14.73,,
2013-02-28,,1.64,,,92.03,1.89,0.25,15.51,,
2013-03-01,0.14,1.61,,-0.6181,90.71,1.86,0.25,15.36,78.6,0.0
2013-03-04,,1.64,,,90.13,1.88,0.24,14.01,,
2013-03-05,,1.65,,,90.88,1.9,0.25,13.48,,
2013-03-06,,1.7,,,90.47,1.95,0.25,13.53,,
2013-03-07,,1.75,,,91.53,2.0,0.25,13.06,,
2013-03-08,,1.79,,-0.8571,92.01,2.06,0.27,12.59,,
2013-03-11,,1.8,,,92.07,2.07,0.27,11.56,,
2013-03-12,,1.76,,,92.44,2.03,0.27,12.27,,
2013-03-13,,1.77,,,92.47,2.04,0.27,11.83,,
2013-03-14,,1.77,,,93.03,2.04,0.27,11.3,,
2013-03-15,,1.76,,-0.8972,93.49,2.01,0.25,11.3,,
2013-03-18,,1.7,,,93.71,1.96,0.26,13.36,,
2013-03-19,,1.68,,,92.44,1.92,0.24,14.39,,
2013-03-20,,1.7,,,93.21,1.96,0.26,12.67,,
2013-03-21,,1.68,,,92.46,1.95,0.27,13.99,,
2013-03-22,,1.67,,-0.654,93.41,1.93,0.26,13.57,,
2013-03-25,,1.69,,,94.55,1.93,0.24,13.74,,
2013-03-26,,1.67,,,95.99,1.92,0.25,12.77,,
2013-03-27,,1.62,,,96.53,1.87,0.25,13.15,,
2013-03-28,,1.62,,,97.24,1.87,0.25,12.7,,
2013-03-29,,,,-0.7142,,,,,,
2013-04-01,0.15,1.63,,,97.1,1.86,0.23,13.58,76.4,0.0
2013-04-02,,1.63,,,97.23,1.88,0.25,12.78,,
2013-04-03,,1.59,,,95.02,1.83,0.24,14.21,,
2013-04-04,,1.56,,,93.26,1.78,0.22,13.89,,
2013-04-05,,1.48,,-0.6354,92.76,1.72,0.24,13.92,,
2013-04-08,,1.52,,,93.36,1.76,0.24,13.19,,
2013-04-09,,1.54,,,94.18,1.78,0.24,12.84,,
2013-04-10,,1.6,,,94.59,1.84,0.24,12.36,,
2013-04-11,,1.58,,,93.44,1.82,0.24,12.24,,
2013-04-12,,1.53,,-0.8204,91.23,1.75,0.22,12.06,,
2013-04-15,,1.5,,,88.75,1.72,0.22,17.27,,
2013-04-16,,1.51,,,88.73,1.75,0.24,13.96,,
2013-04-17,,1.49,,,86.65,1.73,0.24,16.51,,
2013-04-18,,1.48,,,87.83,1.72,0.24,17.56,,
2013-04-19,,1.49,,-0.5812,88.04,1.73,0.24,14.97,,
2013-04-22,,1.48,,,88.81,1.72,0.24,14.39,,
2013-04-23,,1.51,,,89.21,1.74,0.23,13.48,,
2013-04-24,,1.5,,,91.07,1.73,0.23,13.61,,
2013-04-25,,1.51,,,93.27,1.74,0.23,13.62,,
2013-04-26,,1.48,,-0.7752,92.63,1.7,0.22,13.61,,
2013-04-29,,1.5,,,94.09,1.7,0.2,13.71,,
2013-04-30,,1.48,,,93.22,1.7,0.22,13.52,,
2013-05-01,0.11,1.46,,,90.74,1.66,0.2,14.49,84.5,0.0
2013-05-02,,1.46,,,93.7,1.66,0.2,13.59,,
2013-05-03,,1.56,,-0.7603,95.25,1.78,0.22,12.85,,
2013-05-06,,1.58,,,95.8,1.8,0.22,12.66,,
2013-05-07,,1.6,,,95.28,1.82,0.22,12.83,,
2013-05-08,,1.59,,,96.24,1.81,0.22,12.66,,
2013-05-09,,1.59,,,96.09,1.81,0.22,13.13,,
2013-05-10,,1.64,,-0.8677,95.81,1.9,0.26,12.59,,
2013-05-13,,1.68,,,94.76,1.92,0.24,12.55,,
2013-05-14,,1.7,,,93.96,1.96,0.26,12.77,,
2013-05-15,,1.68,,,93.95,1.94,0.26,12.81,,
2013-05-16,,1.64,,,94.85,1.87,0.23,13.07,,
2013-05-17,,1.69,,-0.7008,95.72,1.95,0.26,12.45,,
2013-05-20,,1.71,,,96.29,1.97,0.26,13.02,,
2013-05-21,,1.68,,,95.55,1.94,0.26,13.37,,
2013-05-22,,1.77,,,93.98,2.03,0.26,13.82,,
2013-05-23,,1.76,,,94.12,2.02,0.26,14.07,,
2013-05-24,,1.75,,-0.6228,93.84,2.01,0.26,13.99,,
2013-05-27,,,,,,,,,,
2013-05-28,,1.86,,,94.65,2.15,0.29,14.48,,
2013-05-29,,1.83,,,93.13,2.13,0.3,14.83,,
2013-05-30,,1.82,,,93.57,2.13,0.31,14.53,,
2013-05-31,,1.86,,-0.4621,91.93,2.16,0.3,16.3,,
2013-06-01,0.09,,,,,,,,84.1,0.0
2013-06-03,,1.83,,,93.41,2.13,0.3,16.28,,
2013-06-04,,1.82,,,93.36,2.14,0.32,16.27,,
2013-06-05,,1.8,,,93.66,2.1,0.3,17.5,,
2013-06-06,,1.78,,,94.71,2.08,0.3,16.63,,
2013-06-07,,1.85,,-0.1702,96.11,2.17,0.32,15.14,,
2013-06-10,,1.9,,,95.82,2.22,0.32,15.44,,
2013-06-11,,1.86,,,95.5,2.2,0.34,17.07,,
2013-06-12,,1.91,,,95.98,2.25,0.34,18.59,,
2013-06-13,,1.87,,,96.66,2.19,0.32,16.41,,
2013-06-14,,1.85,,-0.2516,97.83,2.14,0.29,17.15,,
2013-06-17,,1.92,,,97.86,2.19,0.27,16.8,,
2013-06-18,,1.93,,,98.46,2.2,0.27,16.61,,
2013-06-19,,2.02,,,98.24,2.33,0.31,16.64,,
2013-06-20,,2.08,,,94.89,2.41,0.33,20.49,,
2013-06-21,,2.14,,-0.219,93.81,2.52,0.38,18.9,,
2013-06-24,,2.15,,,95.07,2.57,0.42,20.11,,
2013-06-25,,2.17,,,95.25,2.6,0.43,18.47,,
2013-06-26,,2.16,,,95.47,2.55,0.39,17.21,,
2013-06-27,,2.13,,,97.0,2.49,0.36,16.86,,
2013-06-28,,2.16,,-0.0223,96.36,2.52,0.36,16.86,,
2013-07-01,0.09,2.16,,,97.94,2.5,0.34,16.37,85.1,0.0
2013-07-02,,2.14,,,99.65,2.48,0.34,16.44,,
2013-07-03,,2.16,,,101.92,2.52,0.36,16.2,,
2013-07-04,,,,,,,,,,
2013-07-05,,2.33,,-0.2334,103.09,2.73,0.4,14.89,,
2013-07-08,,2.28,,,103.03,2.65,0.37,14.78,,
2013-07-09,,2.28,,,103.46,2.65,0.37,14.35,,
2013-07-10,,2.32,,,106.41,2.7,0.38,14.21,,
2013-07-11,,2.26,,,104.77,2.6,0.34,14.01,,
2013-07-12,,2.24,,-0.4075,105.85,2.61,0.37,13.84,,
2013-07-15,,2.23,,,106.2,2.57,0.34,13.79,,
2013-07-16,,2.21,,,105.88,2.55,0.34,14.42,,
2013-07-17,,2.2,,,106.39,2.52,0.32,13.78,,
2013-07-18,,2.24,,,107.94,2.56,0.32,13.77,,
2013-07-19,,2.18,,-0.6083,108.0,2.5,0.32,12.54,,
2013-07-22,,2.18,,,106.61,2.5,0.32,12.29,,
2013-07-23,,2.2,,,107.13,2.53,0.33,12.66,,
2013-07-24,,2.27,,,105.41,2.61,0.34,13.18,,
2013-07-25,,2.29,,,105.47,2.61,0.32,12.97,,
2013-07-26,,2.27,,-0.5806,104.76,2.58,0.31,12.72,,
2013-07-29,,2.28,,,104.61,2.61,0.33,13.39,,
2013-07-30,,2.3,,,103.14,2.63,0.33,13.39,,
2013-07-31,,2.29,,,105.1,2.6,0.31,13.45,,
2013-08-01,0.08,2.39,,,107.93,2.74,0.35,12.94,82.1,0.0
2013-08-02,,2.33,,-0.4551,106.94,2.63,0.3,11.98,,
2013-08-05,,2.35,,,106.61,2.67,0.32,11.84,,
2013-08-06,,2.35,,,105.32,2.67,0.32,12.72,,
2013-08-07,,2.29,,,104.41,2.61,0.32,12.98,,
2013-08-08,,2.28,,,103.45,2.58,0.3,12.73,,
2013-08-09,,2.25,,-0.5091,106.04,2.57,0.32,13.41,,
2013-08-12,,2.29,,,106.19,2.61,0.32,12.81,,
2013-08-13,,2.37,,,106.78,2.71,0.34,12.31,,
2013-08-14,,2.37,,,106.89,2.71,0.34,13.04,,
2013-08-15,,2.41,,,107.43,2.77,0.36,14.73,,
2013-08-16,,2.48,,-0.4771,107.58,2.84,0.36,14.37,,
2013-08-19,,2.52,,,107.14,2.88,0.36,15.1,,
2013-08-20,,2.46,,,104.9,2.82,0.36,14.91,,
2013-08-21,,2.49,,,103.93,2.87,0.38,15.94,,
2013-08-22,,2.48,,,104.93,2.9,0.42,14.76,,
2013-08-23,,2.42,,-0.289,106.48,2.82,0.4,13.98,,
2013-08-26,,2.38,,,105.88,2.79,0.41,14.99,,
2013-08-27,,2.34,,,109.11,2.72,0.38,16.77,,
2013-08-28,,2.38,,,110.17,2.78,0.4,16.49,,
2013-08-29,,2.36,,,108.51,2.75,0.39,16.81,,
2013-08-30,,2.39,,-0.252,107.98,2.78,0.39,17.01,,
2013-09-01,0.08,,,,,,,,77.5,0.0
2013-09-02,,,,,,,,,,
2013-09-03,,2.43,,,108.67,2.86,0.43,16.61,,
2013-09-04,,2.44,,,107.29,2.9,0.46,15.88,,
2013-09-05,,2.46,,,108.5,2.98,0.52,15.77,,
2013-09-06,,2.48,,-0.3479,110.62,2.94,0.46,15.85,,
2013-09-09,,2.45,,,109.62,2.9,0.45,15.63,,
2013-09-10,,2.46,,,107.48,2.96,0.5,14.53,,
2013-09-11,,2.46,,,107.65,2.93,0.47,13.82,,
2013-09-12,,2.47,,,108.72,2.92,0.45,14.29,,
2013-09-13,,2.45,,-0.4141,108.31,2.9,0.45,14.16,,
2013-09-16,,2.47,,,106.54,2.88,0.41,14.38,,
2013-09-17,,2.47,,,105.36,2.86,0.39,14.53,,
2013-09-18,,2.35,,,108.23,2.69,0.34,13.59,,
2013-09-19,,2.42,,,106.26,2.76,0.34,13.16,,
2013-09-20,,2.41,,-0.5257,104.7,2.75,0.34,13.12,,
2013-09-23,,2.37,,,103.62,2.72,0.35,14.31,,
2013-09-24,,2.32,,,103.22,2.67,0.35,14.08,,
2013-09-25,,2.27,,,102.68,2.63,0.36,14.01,,
2013-09-26,,2.32,,,103.1,2.66,0.34,14.06,,
2013-09-27,,2.3,,-0.4259,102.86,2.64,0.34,15.46,,
2013-09-30,,2.31,,,102.36,2.64,0.33,16.6,,
2013-10-01,0.09,2.33,,,102.09,2.66,0.33,15.54,73.2,0.0
2013-10-02,,2.32,,,104.15,2.63,0.31,16.6,,
2013-10-03,,2.29,,,103.29,2.62,0.33,17.67,,
2013-10-04,,2.33,,-0.3385,103.83,2.66,0.33,16.74,,
2013-10-07,,2.28,,,103.07,2.65,0.37,19.41,,
2013-10-08,,2.26,,,103.54,2.66,0.4,20.34,,
2013-10-09,,2.31,,,101.63,2.68,0.37,19.6,,
2013-10-10,,2.36,,,103.08,2.71,0.35,16.48,,
2013-10-11,,2.35,,-0.499,102.17,2.7,0.35,15.72,,
2013-10-14,,,,,102.46,,,16.07,,
2013-10-15,,2.38,,,101.15,2.75,0.37,18.66,,
2013-10-16,,2.35,,,102.34,2.69,0.34,14.71,,
2013-10-17,,2.28,,,100.72,2.61,0.33,13.48,,
2013-10-18,,2.27,,-0.6793,100.87,2.6,0.33,13.04,,
2013-10-21,,2.3,,,99.28,2.63,0.33,13.16,,
2013-10-22,,2.23,,,97.63,2.54,0.31,13.33,,
2013-10-23,,2.2,,,96.9,2.51,0.31,13.42,,
2013-10-24,,2.2,,,96.65,2.53,0.33,13.2,,
2013-10-25,,2.21,,-0.6831,97.4,2.53,0.32,13.09,,
2013-10-28,,2.22,,,98.74,2.54,0.32,13.31,,
2013-10-29,,2.22,,,98.29,2.53,0.31,13.41,,
2013-10-30,,2.22,,,96.81,2.55,0.33,13.65,,
2013-10-31,,2.26,,,96.29,2.57,0.31,13.75,,
2013-11-01,0.08,2.32,,-0.6399,94.56,2.65,0.33,13.28,75.1,0.0
2013-11-04,,2.31,,,94.58,2.63,0.32,12.93,,
2013-11-05,,2.37,,,93.4,2.69,0.32,13.27,,
2013-11-06,,2.37,,,94.74,2.67,0.3,12.67,,
2013-11-07,,2.34,,,94.25,2.63,0.29,13.91,,
2013-11-08,,2.45,,-0.6276,94.56,2.77,0.32,12.9,,
2013-11-11,,,,,95.13,,,12.53,,
2013-11-12,,2.46,,,93.12,2.8,0.34,12.82,,
2013-11-13,,2.43,,,93.91,2.75,0.32,12.52,,
2013-11-14,,2.4,,,93.76,2.69,0.29,12.37,,
2013-11-15,,2.4,,-0.6944,93.8,2.71,0.31,12.19,,
2013-11-18,,2.36,,,93.03,2.67,0.31,13.1,,
2013-11-19,,2.42,,,93.35,2.71,0.29,13.39,,
2013-11-20,,2.52,,,93.34,2.8,0.28,13.4,,
2013-11-21,,2.5,,,95.35,2.79,0.29,12.66,,
2013-11-22,,2.44,,-0.7732,94.53,2.75,0.31,12.26,,
2013-11-25,,2.44,,,93.86,2.74,0.3,12.79,,
2013-11-26,,2.42,,,93.41,2.71,0.29,12.81,,
2013-11-27,,2.46,,,92.05,2.74,0.28,12.98,,
2013-11-28,,,,,,,,,,
2013-11-29,,2.47,,-0.6992,92.55,2.75,0.28,13.7,,
2013-12-01,0.09,,,,,,,,82.5,0.0
2013-12-02,,2.51,,,93.61,2.81,0.3,14.23,,
2013-12-03,,2.51,,,95.83,2.79,0.28,14.55,,
2013-12-04,,2.54,,,96.97,2.84,0.3,14.7,,
2013-12-05,,2.58,,,97.14,2.88,0.3,15.08,,
2013-12-06,,2.58,,-0.5716,97.48,2.88,0.3,13.79,,
2013-12-09,,2.56,,,97.1,2.86,0.3,13.49,,
2013-12-10,,2.51,,,98.32,2.81,0.3,13.91,,
2013-12-11,,2.55,,,97.25,2.86,0.31,15.42,,
2013-12-12,,2.55,,,97.21,2.89,0.34,15.54,,
2013-12-13,,2.54,,-0.6295,96.27,2.88,0.34,15.76,,
2013-12-16,,2.55,,,97.18,2.89,0.34,16.03,,
2013-12-17,,2.51,,,96.99,2.85,0.34,16.21,,
2013-12-18,,2.57,,,97.59,2.89,0.32,13.8,,
2013-12-19,,2.59,,,98.4,2.94,0.35,14.15,,
2013-12-20,,2.52,,-0.6875,99.11,2.89,0.37,13.79,,
2013-12-23,,2.56,,,98.62,2.94,0.38,13.04,,
2013-12-24,,2.61,,,98.87,2.99,0.38,12.48,,
2013-12-25,,,,,,,,,,
2013-12-26,,2.58,,,99.18,3.0,0.42,12.33,,
2013-12-27,,2.62,,-0.8021,99.94,3.02,0.4,12.46,,
2013-12-30,,2.6,,,98.9,2.99,0.39,13.56,,
2013-12-31,,2.66,,,98.17,3.04,0.38,13.72,,
2014-01-01,0.07,,,,,,,,81.2,0.0
2014-01-02,,2.61,,,95.14,3.0,0.39,14.23,,
2014-01-03,,2.6,,-0.6673,93.66,3.01,0.41,13.76,,
2014-01-06,,2.58,,,93.12,2.98,0.4,13.55,,
2014-01-07,,2.56,,,93.31,2.96,0.4,12.92,,
2014-01-08,,2.58,,,91.9,3.01,0.43,12.87,,
2014-01-09,,2.53,,,91.36,2.97,0.44,12.89,,
2014-01-10,,2.49,,-0.7387,92.39,2.88,0.39,12.14,,
2014-01-13,,2.45,,,91.45,2.84,0.39,13.28,,
2014-01-14,,2.49,,,92.15,2.88,0.39,12.28,,
2014-01-15,,2.49,,,93.78,2.9,0.41,12.28,,
2014-01-16,,2.45,,,93.54,2.86,0.41,12.53,,
2014-01-17,,2.44,,-0.7403,93.96,2.84,0.4,12.44,,
2014-01-20,,,,,,,,,,
2014-01-21,,2.45,,,94.51,2.85,0.4,12.87,,
2014-01-22,,2.43,,,96.35,2.87,0.44,12.84,,
2014-01-23,,2.4,,,97.23,2.79,0.39,13.77,,
2014-01-24,,2.38,,-0.6439,96.66,2.75,0.37,18.14,,
2014-01-27,,2.41,,,95.82,2.78,0.37,17.42,,
2014-01-28,,2.39,,,97.49,2.77,0.38,15.8,,
2014-01-29,,2.33,,,97.34,2.69,0.36,17.35,,
2014-01-30,,2.36,,,98.25,2.72,0.36,17.29,,
2014-01-31,,2.33,,-0.4471,97.55,2.67,0.34,18.41,,
2014-02-01,0.07,,,,,,,,81.6,0.0
2014-02-03,,2.31,,,96.44,2.61,0.3,21.44,,
2014-02-04,,2.33,,,97.24,2.64,0.31,19.11,,
2014-02-05,,2.38,,,97.4,2.7,0.32,19.95,,
2014-02-06,,2.4,,,97.84,2.73,0.33,17.23,,
2014-02-07,,2.41,,-0.4699,99.98,2.71,0.3,15.29,,
2014-02-10,,2.38,,,100.12,2.7,0.32,15.26,,
2014-02-11,,2.4,,,99.96,2.75,0.35,14.51,,
2014-02-12,,2.45,,,100.38,2.8,0.35,14.3,,
2014-02-13,,2.41,,,100.27,2.73,0.32,14.14,,
2014-02-14,,2.43,,-0.8112,100.31,2.75,0.32,13.57,,
2014-02-17,,,,,,,,,,
2014-02-18,,2.4,,,102.54,2.71,0.31,13.87,,
2014-02-19,,2.4,,,103.46,2.73,0.33,15.5,,
2014-02-20,,2.42,,,103.2,2.76,0.34,14.79,,
2014-02-21,,2.4,,-0.7046,102.53,2.73,0.33,14.68,,
2014-02-24,,2.4,,,103.17,2.75,0.35,14.23,,
2014-02-25,,2.36,,,102.2,2.7,0.34,13.67,,
2014-02-26,,2.34,,,102.93,2.67,0.33,14.35,,
2014-02-27,,2.32,,,102.68,2.65,0.33,14.04,,
2014-02-28,,2.33,,-0.7557,102.88,2.66,0.33,14.0,,
2014-03-01,0.08,,,,,,,,80.0,0.0
2014-03-03,,2.28,,,105.34,2.6,0.32,16.0,,
2014-03-04,,2.37,,,103.64,2.7,0.33,14.1,,
2014-03-05,,2.37,,,101.75,2.7,0.33,13.89,,
2014-03-06,,2.37,,,101.82,2.74,0.37,14.21,,
2014-03-07,,2.42,,-0.7439,102.82,2.8,0.38,14.11,,
2014-03-10,,2.42,,,101.39,2.79,0.37,14.2,,
2014-03-11,,2.4,,,100.29,2.77,0.37,14.8,,
2014-03-12,,2.36,,,98.29,2.73,0.37,14.47,,
2014-03-13,,2.32,,,98.57,2.66,0.34,16.22,,
2014-03-14,,2.29,,-0.6864,99.23,2.65,0.36,17.82,,
2014-03-17,,2.32,,,98.43,2.7,0.38,15.64,,
2014-03-18,,2.32,,,100.08,2.68,0.36,14.52,,
2014-03-19,,2.31,,,100.71,2.78,0.47,15.12,,
2014-03-20,,2.34,,,99.68,2.79,0.45,14.52,,
2014-03-21,,2.3,,-0.7338,99.97,2.75,0.45,15.0,,
2014-03-24,,2.27,,,100.05,2.74,0.47,15.09,,
2014-03-25,,2.28,,,99.66,2.75,0.47,14.02,,
2014-03-26,,2.26,,,100.61,2.71,0.45,14.93,,
2014-03-27,,2.24,,,101.25,2.69,0.45,14.62,,
2014-03-28,,2.28,,-0.7269,101.73,2.73,0.45,14.41,,
2014-03-31,,2.29,,,101.57,2.73,0.44,13.88,,
2014-04-01,0.09,2.33,,,99.69,2.77,0.44,13.1,84.1,0.0
2014-04-02,,2.35,,,99.6,2.82,0.47,13.09,,
2014-04-03,,2.34,,,100.29,2.8,0.46,13.37,,
2014-04-04,,2.31,,-0.708,101.16,2.74,0.43,13.96,,
2014-04-07,,2.3,,,100.43,2.71,0.41,15.57,,
2014-04-08,,2.29,,,102.57,2.69,0.4,14.89,,
2014-04-09,,2.34,,,103.55,2.71,0.37,13.82,,
2014-04-10,,2.28,,,103.37,2.65,0.37,15.89,,
2014-04-11,,2.26,,-0.6089,103.68,2.63,0.37,17.03,,
2014-04-14,,2.28,,,104.05,2.65,0.37,16.11,,
2014-04-15,,2.25,,,103.7,2.64,0.39,15.61,,
2014-04-16,,2.26,,,103.71,2.65,0.39,14.18,,
2014-04-17,,2.3,,,104.33,2.73,0.43,13.36,,
2014-04-18,,,,-0.7216,,,,,,
2014-04-21,,2.31,,,104.35,2.73,0.42,13.25,,
2014-04-22,,2.28,,,101.69,2.73,0.45,13.19,,
2014-04-23,,2.27,,,101.47,2.7,0.43,13.27,,
2014-04-24,,2.27,,,102.2,2.7,0.43,13.32,,
2014-04-25,,2.25,,-0.8229,100.85,2.68,0.43,14.06,,
2014-04-28,,2.26,,,101.13,2.7,0.44,13.97,,
2014-04-29,,2.27,,,101.56,2.71,0.44,13.71,,
2014-04-30,,2.25,,,100.07,2.67,0.42,13.41,,
2014-05-01,0.09,2.22,,,99.69,2.63,0.41,13.25,81.9,0.0
2014-05-02,,2.18,,-0.7447,100.09,2.6,0.42,12.91,,
2014-05-05,,2.2,,,99.74,2.63,0.43,13.29,,
2014-05-06,,2.18,,,99.81,2.61,0.43,13.8,,
2014-05-07,,2.21,,,101.06,2.62,0.41,13.4,,
2014-05-08,,2.21,,,100.52,2.61,0.4,13.43,,
2014-05-09,,2.22,,-0.7348,100.32,2.62,0.4,12.92,,
2014-05-12,,2.25,,,100.89,2.66,0.41,12.23,,
2014-05-13,,2.22,,,102.01,2.61,0.39,12.13,,
2014-05-14,,2.15,,,102.63,2.54,0.39,12.17,,
2014-05-15,,2.12,,,101.74,2.5,0.38,13.17,,
2014-05-16,,2.14,,-0.7846,102.31,2.52,0.38,12.44,,
2014-05-19,,2.18,,,102.95,2.54,0.36,12.42,,
2014-05-20,,2.17,,,102.8,2.52,0.35,12.96,,
2014-05-21,,2.17,,,104.31,2.54,0.37,11.91,,
2014-05-22,,2.19,,,104.03,2.56,0.37,12.03,,
2014-05-23,,2.17,,-0.7865,105.01,2.54,0.37,11.36,,
2014-05-26,,,,,,,,,,
2014-05-27,,2.13,,,104.78,2.52,0.39,11.51,,
2014-05-28,,2.07,,,103.37,2.44,0.37,11.68,,
2014-05-29,,2.08,,,104.26,2.45,0.37,11.57,,
2014-05-30,,2.11,,-0.8464,103.4,2.48,0.37,11.4,,
2014-06-01,0.1,,,,,,,,82.5,0.0
2014-06-02,,2.15,,,103.07,2.54,0.39,11.58,,
2014-06-03,,2.19,,,103.34,2.6,0.41,11.87,,
2014-06-04,,2.2,,,103.27,2.61,0.41,12.08,,
2014-06-05,,2.19,,,103.17,2.59,0.4,11.68,,
2014-06-06,,2.19,,-0.8807,103.32,2.6,0.41,10.73,,
2014-06-09,,2.19,,,105.09,2.62,0.43,11.15,,
2014-06-10,,2.19,,,105.02,2.64,0.45,10.99,,
2014-06-11,,2.21,,,105.04,2.65,0.44,11.6,,
2014-06-12,,2.16,,,107.2,2.58,0.42,12.56,,
2014-06-13,,2.15,,-0.8931,107.49,2.6,0.45,12.18,,
2014-06-16,,2.12,,,107.52,2.61,0.49,12.65,,
2014-06-17,,2.15,,,106.95,2.66,0.51,12.06,,
2014-06-18,,2.13,,,106.64,2.61,0.48,10.61,,
2014-06-19,,2.16,,,107.08,2.64,0.48,10.62,,
2014-06-20,,2.13,,-0.9049,107.95,2.63,0.5,10.85,,
2014-06-23,,2.15,,,106.83,2.63,0.48,10.98,,
2014-06-24,,2.1,,,106.64,2.59,0.49,12.13,,
2014-06-25,,2.09,,,107.04,2.57,0.48,11.59,,
2014-06-26,,2.07,,,106.49,2.53,0.46,11.63,,
2014-06-27,,2.09,,-0.8591,106.46,2.54,0.45,11.26,,
2014-06-30,,2.06,,,106.07,2.53,0.47,11.57,,
2014-07-01,0.09,2.11,,,106.06,2.58,0.47,11.15,81.8,0.0
2014-07-02,,2.15,,,105.18,2.64,0.49,10.82,,
2014-07-03,,2.13,,,104.76,2.65,0.52,10.32,,
2014-07-04,,,,-0.8493,,,,,,
2014-07-07,,2.11,,,104.19,2.63,0.52,11.33,,
2014-07-08,,2.07,,,104.06,2.58,0.51,11.98,,
2014-07-09,,2.06,,,102.93,2.57,0.51,11.65,,
2014-07-10,,2.09,,,103.61,2.55,0.46,12.59,,
2014-07-11,,2.05,,-0.7968,101.48,2.53,0.48,12.08,,
2014-07-14,,2.07,,,101.73,2.55,0.48,11.82,,
2014-07-15,,2.07,,,100.56,2.56,0.49,11.96,,
2014-07-16,,2.05,,,101.88,2.55,0.5,11.0,,
2014-07-17,,2.0,,,103.84,2.47,0.47,14.54,,
2014-07-18,,1.99,,-0.7432,103.83,2.5,0.51,12.06,,
2014-07-21,,1.98,,,105.34,2.49,0.51,12.81,,
2014-07-22,,1.99,,,104.59,2.48,0.49,12.24,,
2014-07-23,,1.98,,,103.81,2.48,0.5,11.52,,
2014-07-24,,1.99,,,102.76,2.52,0.53,11.84,,
2014-07-25,,1.95,,-0.7679,105.23,2.48,0.53,12.69,,
2014-07-28,,1.96,,,105.68,2.5,0.54,12.56,,
2014-07-29,,1.93,,,104.91,2.47,0.54,13.28,,
2014-07-30,,2.01,,,104.29,2.57,0.56,13.33,,
2014-07-31,,2.05,,,98.23,2.58,0.53,16.95,,
2014-08-01,0.09,2.05,,-0.6674,97.86,2.52,0.47,17.03,82.5,0.0
2014-08-04,,2.04,,,98.26,2.51,0.47,15.12,,
2014-08-05,,2.02,,,97.34,2.49,0.47,16.87,,
2014-08-06,,2.01,,,96.93,2.49,0.48,16.37,,
2014-08-07,,1.99,,,97.34,2.43,0.44,16.66,,
2014-08-08,,1.99,,-0.4966,97.61,2.44,0.45,15.77,,
2014-08-11,,1.97,,,98.09,2.44,0.47,14.23,,
2014-08-12,,2.01,,,97.36,2.46,0.45,14.13,,
2014-08-13,,2.0,,,97.57,2.43,0.43,12.9,,
2014-08-14,,1.98,,,95.54,2.4,0.42,12.42,,
2014-08-15,,1.92,,-0.7602,97.3,2.34,0.42,13.15,,
2014-08-18,,1.95,,,96.44,2.39,0.44,12.32,,
2014-08-19,,1.94,,,94.35,2.4,0.46,12.21,,
2014-08-20,,1.94,,,96.4,2.43,0.49,11.78,,
2014-08-21,,1.92,,,93.97,2.41,0.49,11.76,,
2014-08-22,,1.87,,-0.8185,93.61,2.4,0.53,11.47,,
2014-08-25,,1.86,,,95.39,2.39,0.53,11.7,,
2014-08-26,,1.87,,,95.78,2.39,0.52,11.63,,
2014-08-27,,1.86,,,95.82,2.37,0.51,11.78,,
2014-08-28,,1.84,,,96.44,2.34,0.5,12.05,,
2014-08-29,,1.87,,-0.753,97.86,2.35,0.48,11.98,,
2014-09-01,0.09,,,,,,,,84.6,0.0
2014-09-02,,1.89,,,92.92,2.42,0.53,12.25,,
2014-09-03,,1.89,,,95.5,2.41,0.52,12.36,,
2014-09-04,,1.91,,,94.51,2.45,0.54,12.64,,
2014-09-05,,1.94,,-0.7081,93.32,2.46,0.52,12.09,,
2014-09-08,,1.94,,,92.64,2.48,0.54,12.66,,
2014-09-09,,1.94,,,92.73,2.5,0.56,13.5,,
2014-09-10,,1.96,,,91.71,2.54,0.58,12.88,,
2014-09-11,,1.96,,,92.89,2.54,0.58,12.8,,
2014-09-12,,2.04,,-0.6211,92.18,2.62,0.58,13.31,,
2014-09-15,,2.02,,,92.86,2.6,0.58,14.12,,
2014-09-16,,2.05,,,94.91,2.6,0.55,12.73,,
2014-09-17,,2.03,,,94.33,2.62,0.59,12.65,,
2014-09-18,,2.04,,,93.07,2.63,0.59,12.03,,
2014-09-19,,2.0,,-0.6344,92.43,2.59,0.59,12.11,,
2014-09-22,,1.99,,,91.46,2.57,0.58,13.69,,
2014-09-23,,1.97,,,91.55,2.54,0.57,14.93,,
2014-09-24,,1.98,,,93.6,2.57,0.59,13.27,,
2014-09-25,,1.96,,,93.59,2.52,0.56,15.64,,
2014-09-26,,1.95,,-0.4354,95.55,2.54,0.59,14.85,,
2014-09-29,,1.92,,,94.53,2.5,0.58,15.98,,
2014-09-30,,1.94,,,91.17,2.52,0.58,16.31,,
2014-10-01,0.09,1.89,,,90.74,2.42,0.53,16.71,86.9,0.0
2014-10-02,,1.91,,,91.02,2.44,0.53,16.16,,
2014-10-03,,1.88,,-0.4169,89.76,2.45,0.57,14.55,,
2014-10-06,,1.89,,,90.33,2.43,0.54,15.46,,
2014-10-07,,1.84,,,88.89,2.36,0.52,17.2,,
2014-10-08,,1.89,,,87.29,2.35,0.46,15.11,,
2014-10-09,,1.88,,,85.76,2.34,0.46,18.76,,
2014-10-10,,1.86,,-0.3798,85.87,2.31,0.45,21.24,,
2014-10-13,,,,,85.73,,,24.64,,
2014-10-14,,1.82,,,81.72,2.21,0.39,22.79,,
2014-10-15,,1.81,,,81.82,2.15,0.34,26.25,,
2014-10-16,,1.82,,,82.33,2.17,0.35,25.2,,
2014-10-17,,1.83,,0.0874,82.8,2.22,0.39,21.99,,
2014-10-20,,1.83,,,82.76,2.2,0.37,18.57,,
2014-10-21,,1.85,,,83.25,2.23,0.38,16.08,,
2014-10-22,,1.84,,,80.52,2.25,0.41,17.87,,
2014-10-23,,1.88,,,82.81,2.29,0.41,16.53,,
2014-10-24,,1.88,,-0.5504,81.27,2.29,0.41,16.11,,
2014-10-27,,1.86,,,81.26,2.27,0.41,16.04,,
2014-10-28,,1.88,,,81.36,2.3,0.42,14.39,,
2014-10-29,,1.86,,,82.25,2.34,0.48,15.15,,
2014-10-30,,1.84,,,81.06,2.32,0.48,14.52,,
2014-10-31,,1.85,,-0.5665,80.53,2.35,0.5,14.03,,
2014-11-01,0.09,,,,,,,,88.8,0.0
2014-11-03,,1.84,,,78.77,2.36,0.52,14.73,,
2014-11-04,,1.83,,,77.15,2.35,0.52,14.89,,
2014-11-05,,1.84,,,78.71,2.36,0.52,14.17,,
2014-11-06,,1.85,,,77.87,2.39,0.54,13.67,,
2014-11-07,,1.81,,-0.546,78.71,2.32,0.51,13.12,,
2014-11-10,,1.83,,,77.43,2.38,0.55,12.67,,
2014-11-11,,,,,77.85,,,12.92,,
2014-11-12,,1.82,,,77.16,2.37,0.55,13.02,,
2014-11-13,,1.82,,,74.13,2.35,0.53,13.79,,
2014-11-14,,1.78,,-0.5283,75.91,2.32,0.54,13.31,,
2014-11-17,,1.8,,,75.64,2.34,0.54,13.99,,
2014-11-18,,1.79,,,74.55,2.32,0.53,13.86,,
2014-11-19,,1.82,,,74.55,2.36,0.54,13.96,,
2014-11-20,,1.81,,,75.63,2.34,0.53,13.58,,
2014-11-21,,1.78,,-0.3828,76.52,2.31,0.53,12.9,,
2014-11-24,,1.77,,,75.74,2.3,0.53,12.62,,
2014-11-25,,1.76,,,74.04,2.27,0.51,12.25,,
2014-11-26,,1.71,,,73.7,2.24,0.53,12.07,,
2014-11-27,,,,,,,,,,
2014-11-28,,1.71,,-0.4761,65.94,2.18,0.47,13.33,,
2014-12-01,0.12,1.73,,,68.98,2.22,0.49,14.29,93.6,0.0
2014-12-02,,1.73,,,66.99,2.28,0.55,12.85,,
2014-12-03,,1.72,,,67.3,2.29,0.57,12.47,,
2014-12-04,,1.7,,,66.73,2.25,0.55,12.38,,
2014-12-05,,1.66,,-0.3793,65.89,2.31,0.65,11.82,,
2014-12-08,,1.62,,,63.13,2.26,0.64,14.21,,
2014-12-09,,1.58,,,63.74,2.22,0.64,14.89,,
2014-12-10,,1.59,,,60.99,2.18,0.59,18.53,,
2014-12-11,,1.57,,,60.01,2.19,0.62,20.08,,
2014-12-12,,1.54,,-0.1297,57.81,2.1,0.56,21.08,,
2014-12-15,,1.52,,,55.96,2.12,0.6,20.42,,
2014-12-16,,1.49,,,55.97,2.07,0.58,23.57,,
2014-12-17,,1.52,,,56.43,2.14,0.62,19.44,,
2014-12-18,,1.55,,,54.18,2.22,0.67,16.81,,
2014-12-19,,1.5,,-0.0375,56.91,2.17,0.67,16.49,,
2014-12-22,,1.46,,,55.25,2.17,0.71,15.25,,
2014-12-23,,1.53,,,56.78,2.26,0.73,14.8,,
2014-12-24,,1.54,,,55.7,2.27,0.73,14.37,,
2014-12-25,,,,,,,,,,
2014-12-26,,1.52,,-0.5551,54.59,2.25,0.73,14.5,,
2014-12-29,,1.5,,,53.46,2.22,0.72,15.06,,
2014-12-30,,1.51,,,54.14,2.2,0.69,15.92,,
2014-12-31,,1.5,,,53.45,2.17,0.67,19.2,,
2015-01-01,0.11,,,,,,,,98.1,0.0
2015-01-02,,1.46,,-0.1977,52.72,2.12,0.66,17.79,,
2015-01-05,,1.36,,,50.05,2.04,0.68,19.92,,
2015-01-06,,1.32,,,47.98,1.97,0.65,21.12,,
2015-01-07,,1.34,,,48.69,1.96,0.62,19.31,,
2015-01-08,,1.41,,,48.8,2.03,0.62,17.01,,
2015-01-09,,1.39,,0.0779,48.35,1.98,0.59,17.55,,
2015-01-12,,1.36,,,46.06,1.92,0.56,19.6,,
2015-01-13,,1.37,,,45.92,1.91,0.54,20.56,,
2015-01-14,,1.35,,,48.49,1.86,0.51,21.48,,
2015-01-15,,1.33,,,46.37,1.77,0.44,22.39,,
2015-01-16,,1.34,,0.0792,48.49,1.83,0.49,20.95,,
2015-01-19,,,,,,,,,,
2015-01-20,,1.29,,,46.79,1.82,0.53,19.89,,
2015-01-21,,1.34,,,47.85,1.87,0.53,18.85,,
2015-01-22,,1.37,,,45.93,1.9,0.53,16.4,,
2015-01-23,,1.29,,-0.0961,45.26,1.81,0.52,16.66,,
2015-01-26,,1.29,,,44.8,1.83,0.54,15.52,,
2015-01-27,,1.29,,,45.84,1.83,0.54,17.22,,
2015-01-28,,1.23,,,44.08,1.73,0.5,20.44,,
2015-01-29,,1.26,,,44.12,1.77,0.51,18.76,,
2015-01-30,,1.21,,-0.0601,47.79,1.68,0.47,20.97,,
2015-02-01,0.11,,,,,,,,95.4,0.0
2015-02-02,,1.19,,,49.25,1.68,0.49,19.43,,
2015-02-03,,1.27,,,53.04,1.79,0.52,17.33,,
2015-02-04,,1.29,,,48.45,1.81,0.52,18.33,,
2015-02-05,,1.31,,,50.48,1.83,0.52,16.85,,
2015-02-06,,1.3,,-0.251,51.66,1.95,0.65,17.29,,
2015-02-09,,1.31,,,52.99,1.96,0.65,18.55,,
2015-02-10,,1.34,,,50.06,2.01,0.67,17.23,,
2015-02-11,,1.33,,,48.8,2.0,0.67,16.96,,
2015-02-12,,1.38,,,51.17,1.99,0.61,15.34,,
2015-02-13,,1.36,,-0.3483,52.66,2.02,0.66,14.69,,
2015-02-16,,,,,,,,,,
2015-02-17,,1.44,,,53.56,2.14,0.7,15.8,,
2015-02-18,,1.45,,,52.13,2.07,0.62,15.45,,
2015-02-19,,1.44,,,51.12,2.11,0.67,15.29,,
2015-02-20,,1.46,,-0.3229,49.95,2.13,0.67,14.3,,
2015-02-23,,1.42,,,49.56,2.06,0.64,14.56,,
2015-02-24,,1.39,,,48.48,1.99,0.6,13.69,,
2015-02-25,,1.35,,,50.25,1.96,0.61,13.84,,
2015-02-26,,1.37,,,47.65,2.03,0.66,13.91,,
2015-02-27,,1.37,,-0.2849,49.84,2.0,0.63,13.34,,
2015-03-01,0.11,,,,,,,,93.0,0.0
2015-03-02,,1.42,,,49.59,2.08,0.66,13.04,,
2015-03-03,,1.44,,,50.43,2.12,0.68,13.86,,
2015-03-04,,1.46,,,51.53,2.12,0.66,14.23,,
2015-03-05,,1.46,,,50.76,2.11,0.65,14.04,,
2015-03-06,,1.51,,-0.3382,49.61,2.24,0.73,15.2,,
2015-03-09,,1.5,,,49.95,2.2,0.7,15.06,,
2015-03-10,,1.44,,,48.42,2.14,0.7,16.69,,
2015-03-11,,1.41,,,48.06,2.11,0.7,16.87,,
2015-03-12,,1.43,,,47.12,2.1,0.67,15.42,,
2015-03-13,,1.45,,-0.1825,44.88,2.13,0.68,16.0,,
2015-03-16,,1.44,,,43.93,2.1,0.66,15.61,,
2015-03-17,,1.36,,,43.39,2.06,0.7,15.66,,
2015-03-18,,1.36,,,44.63,1.93,0.57,13.97,,
2015-03-19,,1.35,,,44.02,1.98,0.63,14.07,,
2015-03-20,,1.33,,-0.1917,46.0,1.93,0.6,13.02,,
2015-03-23,,1.32,,,47.4,1.92,0.6,13.41,,
2015-03-24,,1.3,,,47.03,1.88,0.58,13.62,,
2015-03-25,,1.34,,,48.75,1.93,0.59,15.44,,
2015-03-26,,1.4,,,51.41,2.01,0.61,15.8,,
2015-03-27,,1.37,,-0.2714,48.83,1.95,0.58,15.07,,
2015-03-30,,1.38,,,48.66,1.96,0.58,14.51,,
2015-03-31,,1.38,,,47.72,1.94,0.56,15.29,,
2015-04-01,0.12,1.32,,,50.12,1.87,0.55,15.11,95.9,0.0
2015-04-02,,1.37,,,49.13,1.92,0.55,14.67,,
2015-04-03,,1.36,,-0.2575,,1.85,0.49,,,
2015-04-06,,1.41,,,52.08,1.92,0.51,14.74,,
2015-04-07,,1.37,,,53.95,1.89,0.52,14.78,,
2015-04-08,,1.38,,,50.44,1.92,0.54,13.98,,
2015-04-09,,1.41,,,50.79,1.97,0.56,13.09,,
2015-04-10,,1.39,,-0.4419,51.63,1.96,0.57,12.58,,
2015-04-13,,1.4,,,51.95,1.94,0.54,13.94,,
2015-04-14,,1.37,,,53.3,1.9,0.53,13.67,,
2015-04-15,,1.4,,,56.25,1.91,0.51,12.84,,
2015-04-16,,1.4,,,56.69,1.9,0.5,12.6,,
2015-04-17,,1.36,,-0.4251,55.71,1.87,0.51,13.89,,
2015-04-20,,1.35,,,56.37,1.9,0.55,13.3,,
2015-04-21,,1.37,,,55.58,1.92,0.55,13.25,,
2015-04-22,,1.42,,,56.17,1.99,0.57,12.71,,
2015-04-23,,1.41,,,56.59,1.96,0.55,12.48,,
2015-04-24,,1.39,,-0.4789,55.98,1.93,0.54,12.29,,
2015-04-27,,1.4,,,55.56,1.94,0.54,13.12,,
2015-04-28,,1.44,,,57.05,2.0,0.56,12.41,,
2015-04-29,,1.5,,,58.55,2.06,0.56,13.39,,
2015-04-30,,1.47,,,59.62,2.05,0.58,14.55,,
2015-05-01,0.12,1.52,,-0.4439,59.1,2.12,0.6,12.7,90.7,0.0
2015-05-04,,1.56,,,58.92,2.16,0.6,12.85,,
2015-05-05,,1.57,,,60.38,2.19,0.62,14.31,,
2015-05-06,,1.6,,,60.93,2.25,0.65,15.15,,
2015-05-07,,1.55,,,58.99,2.18,0.63,15.13,,
2015-05-08,,1.57,,-0.3869,59.41,2.16,0.59,12.86,,
2015-05-11,,1.66,,,59.23,2.28,0.62,13.85,,
2015-05-12,,1.67,,,60.72,2.28,0.61,13.86,,
2015-05-13,,1.68,,,60.5,2.27,0.59,13.76,,
2015-05-14,,1.67,,,59.89,2.23,0.56,12.74,,
2015-05-15,,1.59,,-0.3602,59.73,2.14,0.55,12.38,,
2015-05-18,,1.65,,,59.44,2.23,0.58,12.73,,
2015-05-19,,1.64,,,57.3,2.27,0.63,12.85,,
2015-05-20,,1.66,,,58.96,2.26,0.6,12.88,,
2015-05-21,,1.59,,,60.18,2.19,0.6,12.11,,
2015-05-22,,1.57,,-0.3585,58.88,2.21,0.64,12.13,,
2015-05-25,,,,,,,,,,
2015-05-26,,1.5,,,57.29,2.14,0.64,14.06,,
2015-05-27,,1.5,,,57.51,2.14,0.64,13.27,,
2015-05-28,,1.51,,,57.69,2.13,0.62,13.31,,
2015-05-29,,1.51,,-0.2459,60.25,2.12,0.61,13.84,,
2015-06-01,0.13,1.55,,,60.24,2.19,0.64,13.97,96.1,0.0
2015-06-02,,1.63,,,61.3,2.27,0.64,14.24,,
2015-06-03,,1.69,,,59.67,2.38,0.69,13.66,,
2015-06-04,,1.65,,,58.0,2.31,0.66,14.71,,
2015-06-05,,1.68,,-0.2592,59.11,2.41,0.73,14.21,,
2015-06-08,,1.69,,,58.15,2.39,0.7,15.29,,
2015-06-09,,1.7,,,60.15,2.42,0.72,14.47,,
2015-06-10,,1.75,,,61.36,2.5,0.75,13.22,,
2015-06-11,,1.66,,,60.74,2.39,0.73,12.85,,
2015-06-12,,1.65,,-0.2755,59.96,2.39,0.74,13.78,,
2015-06-15,,1.64,,,59.53,2.36,0.72,15.39,,
2015-06-16,,1.61,,,60.01,2.32,0.71,14.81,,
2015-06-17,,1.65,,,59.89,2.32,0.67,14.5,,
2015-06-18,,1.69,,,60.41,2.35,0.66,13.19,,
2015-06-19,,1.61,,-0.2111,59.62,2.26,0.65,13.96,,
2015-06-22,,1.69,,,60.01,2.37,0.68,12.74,,
2015-06-23,,1.72,,,61.05,2.42,0.7,12.11,,
2015-06-24,,1.7,,,60.01,2.38,0.68,13.26,,
2015-06-25,,1.72,,,59.59,2.4,0.68,14.01,,
2015-06-26,,1.77,,-0.3789,59.41,2.49,0.72,14.02,,
2015-06-29,,1.69,,,58.34,2.33,0.64,18.85,,
2015-06-30,,1.71,,,59.48,2.35,0.64,18.23,,
2015-07-01,0.13,1.74,,,56.94,2.43,0.69,16.09,93.1,0.0
2015-07-02,,1.76,,,56.93,2.4,0.64,16.79,,
2015-07-03,,,,0.0274,,,,,,
2015-07-06,,1.7,,,52.48,2.3,0.6,17.01,,
2015-07-07,,1.69,,,52.33,2.27,0.58,16.09,,
2015-07-08,,1.67,,,51.61,2.22,0.55,19.66,,
2015-07-09,,1.72,,,52.76,2.32,0.6,19.97,,
2015-07-10,,1.77,,-0.0677,52.74,2.42,0.65,16.83,,
2015-07-13,,1.75,,,52.19,2.44,0.69,13.9,,
2015-07-14,,1.75,,,53.05,2.41,0.66,13.37,,
2015-07-15,,1.72,,,51.4,2.36,0.64,13.23,,
2015-07-16,,1.69,,,50.9,2.36,0.67,12.11,,
2015-07-17,,1.66,,-0.4132,50.88,2.34,0.68,11.95,,
2015-07-20,,1.67,,,50.11,2.38,0.71,12.25,,
2015-07-21,,1.64,,,50.59,2.35,0.71,12.22,,
2015-07-22,,1.58,,,49.27,2.33,0.75,12.12,,
2015-07-23,,1.57,,,48.11,2.28,0.71,12.64,,
2015-07-24,,1.57,,-0.2445,47.98,2.27,0.7,13.74,,
2015-07-27,,1.55,,,47.17,2.23,0.68,15.6,,
2015-07-28,,1.57,,,47.97,2.26,0.69,13.44,,
2015-07-29,,1.59,,,48.77,2.29,0.7,12.5,,
2015-07-30,,1.56,,,48.53,2.28,0.72,12.13,,
2015-07-31,,1.53,,-0.1543,47.11,2.2,0.67,12.12,,
2015-08-01,0.14,,,,,,,,91.9,0.0
2015-08-03,,1.48,,,45.25,2.16,0.68,12.56,,
2015-08-04,,1.49,,,45.75,2.23,0.74,13.0,,
2015-08-05,,1.55,,,45.13,2.28,0.73,12.51,,
2015-08-06,,1.52,,,44.69,2.23,0.71,13.77,,
2015-08-07,,1.45,,-0.2051,43.87,2.18,0.73,13.39,,
2015-08-10,,1.51,,,44.94,2.24,0.73,12.23,,
2015-08-11,,1.47,,,43.11,2.15,0.68,13.71,,
2015-08-12,,1.47,,,43.22,2.14,0.67,13.61,,
2015-08-13,,1.47,,,42.27,2.19,0.72,13.49,,
2015-08-14,,1.47,,-0.1145,42.45,2.2,0.73,12.83,,
2015-08-17,,1.44,,,41.93,2.16,0.72,13.02,,
2015-08-18,,1.46,,,42.58,2.2,0.74,13.79,,
2015-08-19,,1.45,,,40.75,2.12,0.67,15.25,,
2015-08-20,,1.4,,,41.0,2.09,0.69,19.14,,
2015-08-21,,1.41,,0.12,40.45,2.05,0.64,28.03,,
2015-08-24,,1.42,,,38.22,2.01,0.59,40.74,,
2015-08-25,,1.45,,,39.15,2.12,0.67,36.02,,
2015-08-26,,1.51,,,38.5,2.18,0.67,30.32,,
2015-08-27,,1.5,,,42.47,2.18,0.68,26.1,,
2015-08-28,,1.47,,0.5989,45.29,2.19,0.72,26.05,,
2015-08-31,,1.47,,,49.2,2.21,0.74,28.43,,
2015-09-01,0.14,1.47,,,45.38,2.17,0.7,31.4,87.2,0.0
2015-09-02,,1.48,,,46.3,2.2,0.72,26.09,,
2015-09-03,,1.47,,,46.75,2.18,0.71,25.61,,
2015-09-04,,1.42,,0.2136,46.02,2.13,0.71,27.8,,
2015-09-07,,,,,,,,,,
2015-09-08,,1.46,,,45.92,2.2,0.74,24.9,,
2015-09-09,,1.46,,,44.13,2.21,0.75,26.23,,
2015-09-10,,1.48,,,45.85,2.23,0.75,24.37,,
2015-09-11,,1.49,,0.1111,44.75,2.2,0.71,23.2,,
2015-09-14,,1.45,,,44.07,2.18,0.73,24.25,,
2015-09-15,,1.46,,,44.58,2.28,0.82,22.54,,
2015-09-16,,1.48,,,47.12,2.3,0.82,21.35,,
2015-09-17,,1.51,,,46.93,2.21,0.7,21.14,,
2015-09-18,,1.44,,0.1236,44.71,2.13,0.69,22.28,,
2015-09-21,,1.48,,,46.67,2.2,0.72,20.14,,
2015-09-22,,1.45,,,46.17,2.14,0.69,22.44,,
2015-09-23,,1.46,,,44.53,2.16,0.7,22.13,,
2015-09-24,,1.46,,,44.94,2.13,0.67,23.47,,
2015-09-25,,1.47,,0.357,45.55,2.17,0.7,23.62,,
2015-09-28,,1.43,,,44.4,2.1,0.67,27.63,,
2015-09-29,,1.41,,,45.24,2.05,0.64,26.83,,
2015-09-30,,1.42,,,45.06,2.06,0.64,24.5,,
2015-10-01,0.12,1.41,,,44.75,2.05,0.64,22.55,90.0,0.0
2015-10-02,,1.41,,0.6451,45.54,1.99,0.58,20.94,,
2015-10-05,,1.46,,,46.28,2.07,0.61,19.54,,
2015-10-06,,1.44,,,48.53,2.05,0.61,19.4,,
2015-10-07,,1.43,,,47.86,2.08,0.65,18.4,,
2015-10-08,,1.47,,,49.46,2.12,0.65,17.42,,
2015-10-09,,1.47,,-0.0122,49.67,2.12,0.65,17.08,,
2015-10-12,,,,,47.09,,,16.17,,
2015-10-13,,1.42,,,46.7,2.06,0.64,17.67,,
2015-10-14,,1.42,,,46.63,1.99,0.57,18.03,,
2015-10-15,,1.43,,,46.38,2.04,0.61,16.05,,
2015-10-16,,1.43,,0.0676,47.3,2.04,0.61,15.05,,
2015-10-19,,1.43,,,45.91,2.04,0.61,14.98,,
2015-10-20,,1.42,,,45.84,2.08,0.66,15.75,,
2015-10-21,,1.4,,,45.22,2.04,0.64,16.7,,
2015-10-22,,1.43,,,44.9,2.04,0.61,14.45,,
2015-10-23,,1.43,,-0.0591,43.91,2.09,0.66,14.46,,
2015-10-26,,1.41,,,43.19,2.07,0.66,15.29,,
2015-10-27,,1.4,,,43.21,2.05,0.65,15.43,,
2015-10-28,,1.37,,,45.93,2.1,0.73,14.33,,
2015-10-29,,1.44,,,46.02,2.19,0.75,14.61,,
2015-10-30,,1.41,,-0.1071,46.6,2.16,0.75,15.07,,
2015-11-01,0.12,,,,,,,,91.3,0.0
2015-11-02,,1.43,,,46.12,2.2,0.77,14.15,,
2015-11-03,,1.43,,,47.88,2.23,0.8,14.54,,
2015-11-04,,1.41,,,46.32,2.25,0.84,15.51,,
2015-11-05,,1.41,,,45.27,2.26,0.85,15.05,,
2015-11-06,,1.44,,-0.175,44.32,2.34,0.9,14.33,,
2015-11-09,,1.47,,,43.87,2.36,0.89,16.52,,
2015-11-10,,1.45,,,44.23,2.32,0.87,15.29,,
2015-11-11,,,,,42.95,,,16.06,,
2015-11-12,,1.43,,,41.74,2.32,0.89,18.37,,
2015-11-13,,1.42,,0.033,40.69,2.28,0.86,20.08,,
2015-11-16,,1.39,,,41.68,2.27,0.88,18.16,,
2015-11-17,,1.39,,,40.73,2.25,0.86,18.84,,
2015-11-18,,1.37,,,40.75,2.27,0.9,16.85,,
2015-11-19,,1.33,,,40.55,2.24,0.91,16.99,,
2015-11-20,,1.33,,0.0184,39.39,2.26,0.93,15.47,,
2015-11-23,,1.31,,,39.27,2.25,0.94,15.62,,
2015-11-24,,1.31,,,40.89,2.24,0.93,15.93,,
2015-11-25,,1.3,,,41.22,2.23,0.93,15.19,,
2015-11-26,,,,,,,,,,
2015-11-27,,1.3,,-0.0431,40.57,2.22,0.92,15.12,,
2015-11-30,,1.27,,,40.43,2.21,0.94,16.13,,
2015-12-01,0.24,1.24,,,40.58,2.15,0.91,14.67,92.6,0.0
2015-12-02,,1.24,,,39.93,2.18,0.94,15.91,,
2015-12-03,,1.37,,,41.08,2.33,0.96,18.11,,
2015-12-04,,1.32,,0.0155,40.0,2.28,0.96,14.81,,
2015-12-07,,1.29,,,37.64,2.23,0.94,15.84,,
2015-12-08,,1.3,,,37.46,2.24,0.94,17.6,,
2015-12-09,,1.29,,,37.16,2.22,0.93,19.61,,
2015-12-10,,1.29,,,36.76,2.24,0.95,19.34,,
2015-12-11,,1.25,,0.3394,35.65,2.13,0.88,24.39,,
2015-12-14,,1.26,,,36.31,2.23,0.97,22.73,,
2015-12-15,,1.3,,,37.32,2.28,0.98,20.95,,
2015-12-16,,1.28,,,35.55,2.3,1.02,17.86,,
2015-12-17,,1.24,,,34.98,2.24,1.0,18.94,,
2015-12-18,,1.22,,0.4207,34.72,2.19,0.97,20.7,,
2015-12-21,,1.24,,,34.55,2.2,0.96,18.7,,
2015-12-22,,1.25,,,36.12,2.24,0.99,16.6,,
2015-12-23,,1.26,,,36.76,2.27,1.01,15.57,,
2015-12-24,,1.22,,,37.62,2.25,1.03,15.74,,
2015-12-25,,,,0.2683,,,,,,
2015-12-28,,1.19,,,36.36,2.24,1.05,16.91,,
2015-12-29,,1.23,,,37.88,2.32,1.09,16.08,,
2015-12-30,,1.23,,,36.59,2.31,1.08,17.29,,
2015-12-31,,1.21,,,37.13,2.27,1.06,18.21,,
2016-01-01,0.34,,,0.2036,,,,,92.0,0.0
2016-01-04,,1.22,,,36.81,2.24,1.02,20.7,,
2016-01-05,,1.21,,,35.97,2.25,1.04,19.34,,
2016-01-06,,1.19,,,33.97,2.18,0.99,20.59,,
2016-01-07,,1.2,,,33.29,2.16,0.96,24.99,,
2016-01-08,,1.19,,0.6145,33.2,2.13,0.94,27.01,,
2016-01-11,,1.23,,,31.42,2.17,0.94,24.3,,
2016-01-12,,1.19,,,30.42,2.12,0.93,22.47,,
2016-01-13,,1.17,,,30.42,2.08,0.91,25.22,,
2016-01-14,,1.2,,,31.22,2.1,0.9,23.95,,
2016-01-15,,1.18,,0.7747,29.45,2.03,0.85,27.02,,
2016-01-18,,,,,,,,,,
2016-01-19,,1.18,,,28.47,2.06,0.88,26.05,,
2016-01-20,,1.16,,,26.68,2.01,0.85,27.59,,
2016-01-21,,1.18,,,29.55,2.02,0.84,26.69,,
2016-01-22,,1.19,,0.8665,32.07,2.07,0.88,22.34,,
2016-01-25,,1.15,,,30.31,2.03,0.88,24.15,,
2016-01-26,,1.16,,,29.54,2.01,0.85,22.5,,
2016-01-27,,1.18,,,32.32,2.02,0.84,23.11,,
2016-01-28,,1.17,,,33.21,2.0,0.83,22.42,,
2016-01-29,,1.18,,0.38,33.66,1.94,0.76,20.2,,
2016-02-01,0.38,1.16,,,31.62,1.97,0.81,19.98,91.7,0.0
2016-02-02,,1.12,,,29.9,1.87,0.75,21.98,,
2016-02-03,,1.16,,,32.29,1.88,0.72,21.65,,
2016-02-04,,1.17,,,31.63,1.87,0.7,21.84,,
2016-02-05,,1.12,,0.5843,30.86,1.86,0.74,23.38,,
2016-02-08,,1.09,,,29.71,1.75,0.66,26.0,,
2016-02-09,,1.05,,,27.96,1.74,0.69,26.54,,
2016-02-10,,1.0,,,27.54,1.71,0.71,26.29,,
2016-02-11,,0.99,,,26.19,1.63,0.64,28.14,,
2016-02-12,,1.03,,1.1291,29.32,1.74,0.71,25.4,,
2016-02-15,,,,,,,,,,
2016-02-16,,1.04,,,29.05,1.78,0.74,24.11,,
2016-02-17,,1.07,,,30.68,1.81,0.74,22.31,,
2016-02-18,,1.04,,,30.77,1.75,0.71,21.64,,
2016-02-19,,1.0,,0.4052,29.59,1.76,0.76,20.53,,
2016-02-22,,0.99,,,31.37,1.77,0.78,19.38,,
2016-02-23,,0.98,,,31.84,1.74,0.76,20.98,,
2016-02-24,,1.0,,,30.35,1.75,0.75,20.72,,
2016-02-25,,0.99,,,31.4,1.71,0.72,19.11,,
2016-02-26,,0.96,,0.3907,31.65,1.76,0.8,19.81,,
2016-02-29,,0.96,,,32.74,1.74,0.78,20.55,,
2016-03-01,0.36,0.98,,,34.39,1.83,0.85,17.7,91.0,0.0
2016-03-02,,0.99,,,34.57,1.84,0.85,17.09,,
2016-03-03,,0.98,,,34.56,1.83,0.85,16.7,,
2016-03-04,,1.0,,0.0747,35.91,1.88,0.88,16.86,,
2016-03-07,,1.0,,,37.9,1.91,0.91,17.35,,
2016-03-08,,0.95,,,36.67,1.83,0.88,18.67,,
2016-03-09,,1.0,,,37.62,1.9,0.9,18.34,,
2016-03-10,,1.0,,,37.77,1.93,0.93,18.05,,
2016-03-11,,1.01,,0.1215,38.51,1.98,0.97,16.5,,
2016-03-14,,1.0,,,37.2,1.97,0.97,16.92,,
2016-03-15,,0.99,,,36.32,1.97,0.98,16.84,,
2016-03-16,,1.07,,,38.43,1.94,0.87,14.99,,
2016-03-17,,1.04,,,40.17,1.91,0.87,14.44,,
2016-03-18,,1.04,,0.02,39.47,1.88,0.84,14.02,,
2016-03-21,,1.05,,,39.91,1.92,0.87,13.79,,
2016-03-22,,1.03,,,41.45,1.94,0.91,14.17,,
2016-03-23,,1.01,,,38.28,1.88,0.87,14.94,,
2016-03-24,,1.02,,,38.14,1.91,0.89,14.74,,
2016-03-25,,,,0.0378,,,,,,
2016-03-28,,1.0,,,37.99,1.89,0.89,15.24,,
2016-03-29,,1.03,,,36.91,1.81,0.78,13.82,,
2016-03-30,,1.07,,,36.91,1.83,0.76,13.56,,
2016-03-31,,1.05,,,36.94,1.78,0.73,13.95,,
2016-04-01,0.37,1.03,,0.3019,35.36,1.79,0.76,13.1,89.0,0.0
2016-04-04,,1.03,,,34.3,1.78,0.75,14.12,,
2016-04-05,,1.01,,,34.52,1.73,0.72,15.42,,
2016-04-06,,1.03,,,37.74,1.76,0.73,14.09,,
2016-04-07,,1.0,,,37.3,1.7,0.7,16.16,,
2016-04-08,,1.02,,0.2425,39.74,1.72,0.7,15.36,,
2016-04-11,,1.03,,,40.46,1.73,0.7,16.26,,
2016-04-12,,1.05,,,42.12,1.79,0.74,14.85,,
2016-04-13,,1.02,,,41.7,1.77,0.75,13.84,,
2016-04-14,,1.03,,,41.45,1.8,0.77,13.72,,
2016-04-15,,1.02,,-0.0158,40.4,1.76,0.74,13.62,,
2016-04-18,,1.03,,,39.74,1.78,0.75,13.35,,
2016-04-19,,1.02,,,40.88,1.79,0.77,13.24,,
2016-04-20,,1.05,,,42.72,1.85,0.8,13.28,,
2016-04-21,,1.06,,,43.18,1.88,0.82,13.95,,
2016-04-22,,1.05,,-0.1336,42.76,1.89,0.84,13.22,,
2016-04-25,,1.06,,,41.67,1.91,0.85,14.08,,
2016-04-26,,1.08,,,42.52,1.94,0.86,13.96,,
2016-04-27,,1.04,,,45.29,1.87,0.83,13.77,,
2016-04-28,,1.06,,,46.03,1.84,0.78,15.22,,
2016-04-29,,1.06,,-0.0317,45.98,1.83,0.77,15.7,,
2016-05-01,0.37,,,,,,,,94.7,0.0
2016-05-02,,1.08,,,44.75,1.88,0.8,14.68,,
2016-05-03,,1.06,,,43.65,1.81,0.75,15.6,,
2016-05-04,,1.04,,,43.77,1.79,0.75,16.05,,
2016-05-05,,1.04,,,44.33,1.76,0.72,15.91,,
2016-05-06,,1.05,,0.1999,44.58,1.79,0.74,14.72,,
2016-05-09,,1.05,,,43.45,1.77,0.72,14.57,,
2016-05-10,,1.05,,,44.68,1.77,0.72,13.63,,
2016-05-11,,0.99,,,46.21,1.73,0.74,14.69,,
2016-05-12,,0.99,,,46.64,1.75,0.76,14.41,,
2016-05-13,,0.95,,0.0733,46.22,1.71,0.76,15.04,,
2016-05-16,,0.96,,,47.72,1.75,0.79,14.68,,
2016-05-17,,0.94,,,48.29,1.76,0.82,15.57,,
2016-05-18,,0.97,,,48.12,1.87,0.9,15.95,,
2016-05-19,,0.96,,,48.16,1.85,0.89,16.33,,
2016-05-20,,0.96,,-0.0448,47.67,1.85,0.89,15.2,,
2016-05-23,,0.93,,,48.12,1.84,0.91,15.82,,
2016-05-24,,0.94,,,48.04,1.86,0.92,14.42,,
2016-05-25,,0.95,,,49.1,1.87,0.92,13.9,,
2016-05-26,,0.96,,,49.0,1.83,0.87,13.43,,
2016-05-27,,0.95,,-0.1038,49.36,1.85,0.9,13.12,,
2016-05-30,,,,,,,,,,
2016-05-31,,0.97,,,49.1,1.84,0.87,14.19,,
2016-06-01,0.38,0.94,,,49.07,1.85,0.91,14.2,93.5,0.0
2016-06-02,,0.92,,,49.14,1.81,0.89,13.63,,
2016-06-03,,0.93,,0.0322,48.69,1.71,0.78,13.47,,
2016-06-06,,0.93,,,49.71,1.73,0.8,13.65,,
2016-06-07,,0.94,,,50.37,1.72,0.78,14.05,,
2016-06-08,,0.93,,,51.23,1.71,0.78,14.08,,
2016-06-09,,0.91,,,50.52,1.68,0.77,14.64,,
2016-06-10,,0.91,,0.0567,49.09,1.64,0.73,17.03,,
2016-06-13,,0.89,,,48.89,1.62,0.73,20.97,,
2016-06-14,,0.88,,,48.49,1.62,0.74,20.5,,
2016-06-15,,0.91,,,47.92,1.6,0.69,20.14,,
2016-06-16,,0.87,,,46.14,1.57,0.7,19.37,,
2016-06-17,,0.92,,0.4669,48.0,1.62,0.7,19.41,,
2016-06-20,,0.93,,,49.4,1.67,0.74,18.37,,
2016-06-21,,0.95,,,48.95,1.71,0.76,18.48,,
2016-06-22,,0.94,,,49.16,1.69,0.75,21.17,,
2016-06-23,,0.96,,,49.34,1.74,0.78,17.25,,
2016-06-24,,0.93,,0.1301,46.7,1.57,0.64,25.76,,
2016-06-27,,0.85,,,45.8,1.46,0.61,23.85,,
2016-06-28,,0.85,,,47.93,1.46,0.61,18.75,,
2016-06-29,,0.88,,,49.85,1.5,0.62,16.64,,
2016-06-30,,0.91,,,48.27,1.49,0.58,15.63,,
2016-07-01,0.39,0.87,,0.4883,49.02,1.46,0.59,14.77,90.0,0.0
2016-07-04,,,,,,,,,,
2016-07-05,,0.81,,,46.73,1.37,0.56,15.58,,
2016-07-06,,0.8,,,47.37,1.38,0.58,14.96,,
2016-07-07,,0.82,,,45.22,1.4,0.58,14.76,,
2016-07-08,,0.76,,0.0883,45.37,1.37,0.61,13.2,,
2016-07-11,,0.77,,,44.73,1.43,0.66,13.54,,
2016-07-12,,0.84,,,46.82,1.53,0.69,13.55,,
2016-07-13,,0.8,,,44.87,1.48,0.68,13.04,,
2016-07-14,,0.85,,,45.64,1.53,0.68,12.82,,
2016-07-15,,0.89,,-0.2554,45.93,1.6,0.71,12.67,,
2016-07-18,,0.91,,,45.23,1.59,0.68,12.44,,
2016-07-19,,0.86,,,44.64,1.56,0.7,11.97,,
2016-07-20,,0.86,,,44.96,1.59,0.73,11.77,,
2016-07-21,,0.87,,,43.96,1.57,0.7,12.74,,
2016-07-22,,0.86,,-0.0422,43.41,1.57,0.71,12.02,,
2016-07-25,,0.86,,,42.4,1.58,0.72,12.87,,
2016-07-26,,0.82,,,42.16,1.57,0.75,13.05,,
2016-07-27,,0.79,,,41.9,1.52,0.73,12.83,,
2016-07-28,,0.8,,,41.13,1.52,0.72,12.72,,
2016-07-29,,0.79,,0.12,41.54,1.46,0.67,11.87,,
2016-08-01,0.4,0.84,,,40.05,1.51,0.67,12.44,89.8,0.0
2016-08-02,,0.88,,,39.5,1.55,0.67,13.37,,
2016-08-03,,0.88,,,40.8,1.55,0.67,12.86,,
2016-08-04,,0.87,,,41.92,1.51,0.64,12.42,,
2016-08-05,,0.87,,0.2402,41.83,1.59,0.72,11.39,,
2016-08-08,,0.85,,,43.06,1.59,0.74,11.5,,
2016-08-09,,0.84,,,42.78,1.55,0.71,11.66,,
2016-08-10,,0.81,,,41.75,1.5,0.69,12.05,,
2016-08-11,,0.81,,,43.51,1.57,0.76,11.68,,
2016-08-12,,0.8,,0.0646,44.47,1.51,0.71,11.55,,
2016-08-15,,0.83,,,45.72,1.55,0.72,11.81,,
2016-08-16,,0.81,,,46.57,1.57,0.76,12.64,,
2016-08-17,,0.82,,,46.81,1.56,0.74,12.19,,
2016-08-18,,0.82,,,48.2,1.53,0.71,11.43,,
2016-08-19,,0.82,,0.0465,48.48,1.58,0.76,11.34,,
2016-08-22,,0.79,,,46.8,1.55,0.76,12.27,,
2016-08-23,,0.81,,,47.54,1.55,0.74,12.38,,
2016-08-24,,0.8,,,46.29,1.56,0.76,13.45,,
2016-08-25,,0.8,,,46.97,1.58,0.78,13.63,,
2016-08-26,,0.78,,0.1385,47.64,1.62,0.84,13.65,,
2016-08-29,,0.76,,,46.97,1.57,0.81,12.94,,
2016-08-30,,0.77,,,46.32,1.57,0.8,13.12,,
2016-08-31,,0.78,,,44.68,1.58,0.8,13.42,,
2016-09-01,0.4,0.79,,,43.17,1.57,0.78,13.48,91.2,0.0
2016-09-02,,0.8,,0.1521,44.39,1.6,0.8,11.98,,
2016-09-05,,,,,,,,,,
2016-09-06,,0.81,,,44.85,1.55,0.74,12.02,,
2016-09-07,,0.8,,,45.47,1.54,0.74,11.94,,
2016-09-08,,0.83,,,47.63,1.61,0.78,12.51,,
2016-09-09,,0.88,,0.1581,45.88,1.67,0.79,17.5,,
2016-09-12,,0.89,,,46.28,1.68,0.79,15.16,,
2016-09-13,,0.93,,,44.91,1.73,0.8,17.85,,
2016-09-14,,0.93,,,43.62,1.7,0.77,18.14,,
2016-09-15,,0.97,,,43.85,1.71,0.74,16.3,,
2016-09-16,,0.93,,0.3517,43.04,1.7,0.77,15.37,,
2016-09-19,,0.91,,,43.34,1.7,0.79,15.53,,
2016-09-20,,0.9,,,43.85,1.69,0.79,15.92,,
2016-09-21,,0.87,,,45.33,1.66,0.79,13.3,,
2016-09-22,,0.84,,,46.1,1.63,0.79,12.02,,
2016-09-23,,0.85,,0.2212,44.36,1.62,0.77,12.29,,
2016-09-26,,0.83,,,45.6,1.59,0.76,14.5,,
2016-09-27,,0.81,,,44.65,1.56,0.75,13.1,,
2016-09-28,,0.82,,,47.07,1.57,0.75,12.39,,
2016-09-29,,0.83,,,47.72,1.56,0.73,14.02,,
2016-09-30,,0.83,,0.1871,47.72,1.6,0.77,13.29,,
2016-10-01,0.4,,,,,,,,87.2,0.0
2016-10-03,,0.83,,,48.8,1.63,0.8,13.57,,
2016-10-04,,0.87,,,48.67,1.69,0.82,13.63,,
2016-10-05,,0.87,,,49.75,1.72,0.85,12.99,,
2016-10-06,,0.89,,,50.44,1.75,0.86,12.84,,
2016-10-07,,0.9,,-0.071,49.76,1.73,0.83,13.48,,
2016-10-10,,,,,49.76,,,13.38,,
2016-10-11,,0.9,,,50.72,1.77,0.87,15.36,,
2016-10-12,,0.92,,,50.14,1.79,0.87,15.91,,
2016-10-13,,0.9,,,50.47,1.75,0.85,16.69,,
2016-10-14,,0.96,,0.0754,50.35,1.8,0.84,16.12,,
2016-10-17,,0.96,,,49.97,1.77,0.81,16.21,,
2016-10-18,,0.93,,,50.3,1.75,0.82,15.28,,
2016-10-19,,0.95,,,51.59,1.76,0.81,14.41,,
2016-10-20,,0.92,,,50.31,1.76,0.84,13.75,,
2016-10-21,,0.9,,0.0537,50.61,1.74,0.84,13.34,,
2016-10-24,,0.93,,,50.18,1.77,0.84,13.02,,
2016-10-25,,0.91,,,49.45,1.77,0.86,13.46,,
2016-10-26,,0.93,,,48.75,1.79,0.86,14.24,,
2016-10-27,,0.98,,,49.71,1.85,0.87,15.36,,
2016-10-28,,1.0,,-0.0032,48.72,1.86,0.86,16.19,,
2016-10-31,,0.98,,,46.83,1.84,0.86,17.06,,
2016-11-01,0.41,1.0,,,46.66,1.83,0.83,18.56,93.8,0.0
2016-11-02,,1.0,,,45.32,1.81,0.81,19.32,,
2016-11-03,,1.01,,,44.66,1.82,0.81,22.08,,
2016-11-04,,0.99,,0.3911,44.07,1.79,0.8,22.51,,
2016-11-07,,1.01,,,44.88,1.83,0.82,18.71,,
2016-11-08,,1.01,,,44.96,1.88,0.87,18.74,,
2016-11-09,,1.17,,,45.2,2.07,0.9,14.38,,
2016-11-10,,1.23,,,44.62,2.15,0.92,14.74,,
2016-11-11,,,,-0.1687,43.39,,,14.17,,
2016-11-14,,1.23,,,43.29,2.23,1.0,14.48,,
2016-11-15,,1.21,,,45.86,2.23,1.02,13.37,,
2016-11-16,,1.22,,,45.56,2.22,1.0,13.72,,
2016-11-17,,1.25,,,45.37,2.29,1.04,13.35,,
2016-11-18,,1.27,,-0.1894,45.69,2.34,1.07,12.85,,
2016-11-21,,1.25,,,47.48,2.33,1.08,12.42,,
2016-11-22,,1.24,,,48.07,2.31,1.07,12.41,,
2016-11-23,,1.24,,,46.72,2.36,1.12,12.43,,
2016-11-24,,,,,,,,,,
2016-11-25,,1.24,,-0.2503,46.72,2.36,1.12,12.34,,
2016-11-28,,1.21,,,45.66,2.32,1.11,13.15,,
2016-11-29,,1.21,,,45.29,2.3,1.09,12.9,,
2016-11-30,,1.26,,,49.41,2.37,1.11,13.33,,
2016-12-01,0.54,1.31,,,51.08,2.45,1.14,14.07,98.2,0.0
2016-12-02,,1.29,,-0.1116,51.7,2.4,1.11,14.12,,
2016-12-05,,1.26,,,51.72,2.39,1.13,12.14,,
2016-12-06,,1.27,,,50.95,2.39,1.12,11.79,,
2016-12-07,,1.24,,,49.85,2.34,1.1,12.22,,
2016-12-08,,1.28,,,50.84,2.4,1.12,12.64,,
2016-12-09,,1.32,,-0.3671,51.51,2.47,1.15,11.75,,
2016-12-12,,1.34,,,52.74,2.49,1.15,12.64,,
2016-12-13,,1.31,,,52.99,2.48,1.17,12.72,,
2016-12-14,,1.27,,,51.01,2.54,1.27,13.19,,
2016-12-15,,1.31,,,50.9,2.6,1.29,12.79,,
2016-12-16,,1.32,,-0.2705,51.93,2.6,1.28,12.2,,
2016-12-19,,1.3,,,52.13,2.54,1.24,11.71,,
2016-12-20,,1.32,,,52.22,2.57,1.25,11.45,,
2016-12-21,,1.34,,,51.44,2.55,1.21,11.27,,
2016-12-22,,1.33,,,51.98,2.55,1.22,11.43,,
2016-12-23,,1.33,,-0.1969,52.01,2.55,1.22,11.44,,
2016-12-26,,,,,,,,,,
2016-12-27,,1.29,,,52.82,2.57,1.28,11.99,,
2016-12-28,,1.25,,,54.01,2.51,1.26,12.95,,
2016-12-29,,1.27,,,53.8,2.49,1.22,13.37,,
2016-12-30,,1.25,,-0.1438,53.75,2.45,1.2,14.04,,
2017-01-01,0.65,,,,,,,,98.5,0.0
2017-01-02,,,,,,,,,,
2017-01-03,,1.23,,,52.36,2.45,1.22,12.85,,
2017-01-04,,1.22,,,53.26,2.46,1.24,11.85,,
2017-01-05,,1.2,,,53.77,2.37,1.17,11.67,,
2017-01-06,,1.2,,-0.1819,53.98,2.42,1.22,11.32,,
2017-01-09,,1.17,,,51.95,2.38,1.21,11.56,,
2017-01-10,,1.19,,,50.82,2.38,1.19,11.49,,
2017-01-11,,1.18,,,52.19,2.38,1.2,11.26,,
2017-01-12,,1.18,,,53.01,2.36,1.18,11.54,,
2017-01-13,,1.19,,-0.1929,52.36,2.4,1.21,11.23,,
2017-01-16,,,,,,,,,,
2017-01-17,,1.16,,,52.45,2.33,1.17,11.87,,
2017-01-18,,1.19,,,51.12,2.42,1.23,12.48,,
2017-01-19,,1.22,,,51.39,2.47,1.25,12.78,,
2017-01-20,,1.28,,-0.1751,52.33,2.48,1.2,11.54,,
2017-01-23,,1.25,,,52.77,2.41,1.16,11.77,,
2017-01-24,,1.26,,,52.38,2.47,1.21,11.07,,
2017-01-25,,1.3,,,52.14,2.53,1.23,10.81,,
2017-01-26,,1.3,,,53.24,2.51,1.21,10.63,,
2017-01-27,,1.27,,-0.2767,53.18,2.49,1.22,10.58,,
2017-01-30,,1.27,,,52.63,2.49,1.22,11.88,,
2017-01-31,,1.26,,,52.75,2.45,1.19,11.99,,
2017-02-01,0.66,1.26,,,53.9,2.48,1.22,11.81,96.3,0.0
2017-02-02,,1.27,,,53.55,2.48,1.21,11.93,,
2017-02-03,,1.28,,-0.2101,53.81,2.49,1.21,10.97,,
2017-02-06,,1.26,,,53.01,2.42,1.16,11.37,,
2017-02-07,,1.24,,,52.19,2.4,1.16,11.29,,
2017-02-08,,1.19,,,52.37,2.34,1.15,11.45,,
2017-02-09,,1.2,,,52.99,2.4,1.2,10.88,,
2017-02-10,,1.21,,-0.2627,53.84,2.41,1.2,10.85,,
2017-02-13,,1.23,,,52.96,2.43,1.2,11.07,,
2017-02-14,,1.22,,,53.21,2.47,1.25,10.74,,
2017-02-15,,1.24,,,53.11,2.51,1.27,11.97,,
2017-02-16,,1.23,,,53.41,2.45,1.22,11.76,,
2017-02-17,,1.21,,-0.3822,53.41,2.42,1.21,11.49,,
2017-02-20,,,,,,,,,,
2017-02-21,,1.21,,,54.02,2.43,1.22,11.57,,
2017-02-22,,1.2,,,53.61,2.42,1.22,11.74,,
2017-02-23,,1.2,,,54.48,2.38,1.18,11.71,,
2017-02-24,,1.19,,-0.2715,53.99,2.31,1.12,11.47,,
2017-02-27,,1.16,,,54.04,2.36,1.2,12.09,,
2017-02-28,,1.14,,,54.0,2.36,1.22,12.92,,
2017-03-01,0.79,1.17,,,53.82,2.46,1.29,12.54,96.9,0.0
2017-03-02,,1.17,,,52.63,2.49,1.32,11.81,,
2017-03-03,,1.17,,-0.4538,53.33,2.49,1.32,10.96,,
2017-03-06,,1.18,,,53.19,2.49,1.31,11.24,,
2017-03-07,,1.2,,,52.68,2.52,1.32,11.45,,
2017-03-08,,1.21,,,49.83,2.57,1.36,11.86,,
2017-03-09,,1.23,,,48.75,2.6,1.37,12.3,,
2017-03-10,,1.22,,-0.4878,48.05,2.58,1.36,11.66,,
2017-03-13,,1.22,,,47.95,2.62,1.4,11.35,,
2017-03-14,,1.2,,,47.24,2.6,1.4,12.3,,
2017-03-15,,1.18,,,48.34,2.51,1.33,11.63,,
2017-03-16,,1.18,,,48.3,2.53,1.35,11.21,,
2017-03-17,,1.17,,-0.4305,48.34,2.5,1.33,11.28,,
2017-03-20,,1.17,,,47.79,2.47,1.3,11.34,,
2017-03-21,,1.16,,,47.02,2.43,1.27,12.47,,
2017-03-22,,1.13,,,47.29,2.4,1.27,12.81,,
2017-03-23,,1.15,,,47.0,2.41,1.26,13.12,,
2017-03-24,,1.14,,-0.2927,47.3,2.4,1.26,12.96,,
2017-03-27,,1.11,,,47.02,2.38,1.27,12.5,,
2017-03-28,,1.12,,,48.36,2.42,1.3,11.53,,
2017-03-29,,1.13,,,49.47,2.39,1.26,11.42,,
2017-03-30,,1.14,,,50.3,2.42,1.28,11.54,,
2017-03-31,,1.13,,-0.4776,50.54,2.4,1.27,12.37,,
2017-04-01,0.9,,,,,,,,97.0,0.0
2017-04-03,,1.11,,,50.25,2.35,1.24,12.38,,
2017-04-04,,1.11,,,50.99,2.36,1.25,11.79,,
2017-04-05,,1.1,,,51.14,2.34,1.24,12.89,,
2017-04-06,,1.1,,,51.69,2.34,1.24,12.39,,
2017-04-07,,1.09,,-0.4415,52.25,2.38,1.29,12.87,,
2017-04-10,,1.08,,,53.06,2.37,1.29,14.05,,
2017-04-11,,1.08,,,53.38,2.32,1.24,15.07,,
2017-04-12,,1.04,,,53.12,2.28,1.24,15.77,,
2017-04-13,,1.03,,,53.19,2.24,1.21,15.96,,
2017-04-14,,,,-0.3215,,,,,,
2017-04-17,,1.05,,,52.62,2.26,1.21,14.66,,
2017-04-18,,1.0,,,52.46,2.18,1.18,14.42,,
2017-04-19,,1.02,,,50.49,2.21,1.19,14.93,,
2017-04-20,,1.03,,,50.26,2.24,1.21,14.15,,
2017-04-21,,1.04,,-0.305,49.64,2.24,1.2,14.63,,
2017-04-24,,1.03,,,48.9,2.28,1.25,10.84,,
2017-04-25,,1.06,,,49.22,2.35,1.29,10.76,,
2017-04-26,,1.04,,,49.22,2.32,1.28,10.85,,
2017-04-27,,1.05,,,48.96,2.3,1.25,10.36,,
2017-04-28,,1.01,,-0.638,49.31,2.29,1.28,10.82,,
2017-05-01,0.91,1.05,,,48.83,2.33,1.28,10.11,97.1,0.0
2017-05-02,,1.02,,,47.65,2.29,1.27,10.59,,
2017-05-03,,1.03,,,47.79,2.33,1.3,10.68,,
2017-05-04,,1.04,,,45.55,2.36,1.32,10.46,,
2017-05-05,,1.04,,-0.5538,46.23,2.36,1.32,10.57,,
2017-05-08,,1.06,,,46.46,2.39,1.33,9.77,,
2017-05-09,,1.05,,,45.84,2.42,1.37,9.96,,
2017-05-10,,1.06,,,47.28,2.41,1.35,10.21,,
2017-05-11,,1.04,,,47.81,2.39,1.35,10.6,,
2017-05-12,,1.04,,-0.6707,47.83,2.33,1.29,10.4,,
2017-05-15,,1.03,,,48.86,2.34,1.31,10.42,,
2017-05-16,,1.04,,,48.64,2.33,1.29,10.65,,
2017-05-17,,0.96,,,49.04,2.22,1.26,15.59,,
2017-05-18,,0.96,,,49.36,2.23,1.27,14.66,,
2017-05-19,,0.95,,-0.521,50.32,2.23,1.28,12.04,,
2017-05-22,,0.96,,,50.81,2.25,1.29,10.93,,
2017-05-23,,0.98,,,51.12,2.29,1.31,10.72,,
2017-05-24,,0.97,,,50.99,2.26,1.29,10.02,,
2017-05-25,,0.95,,,48.57,2.25,1.3,9.99,,
2017-05-26,,0.95,,-0.7069,49.58,2.25,1.3,9.81,,
2017-05-29,,,,,,,,,,
2017-05-30,,0.93,,,49.63,2.21,1.28,10.38,,
2017-05-31,,0.93,,,48.29,2.21,1.28,10.41,,
2017-06-01,1.04,0.93,,,48.32,2.21,1.28,9.89,95.0,0.0
2017-06-02,,0.87,,-0.6649,47.68,2.15,1.28,9.75,,
2017-06-05,,0.86,,,47.4,2.18,1.32,10.07,,
2017-06-06,,0.84,,,48.13,2.14,1.3,10.45,,
2017-06-07,,0.86,,,45.8,2.18,1.32,10.39,,
2017-06-08,,0.86,,,45.68,2.19,1.33,10.16,,
2017-06-09,,0.86,,-0.7576,45.82,2.21,1.35,10.7,,
2017-06-12,,0.86,,,46.1,2.21,1.35,11.46,,
2017-06-13,,0.83,,,46.41,2.21,1.38,10.42,,
2017-06-14,,0.8,,,44.79,2.15,1.35,10.64,,
2017-06-15,,0.81,,,44.47,2.16,1.35,10.9,,
2017-06-16,,0.84,,-0.7548,44.73,2.16,1.32,10.38,,
2017-06-19,,0.83,,,44.24,2.19,1.36,10.37,,
2017-06-20,,0.8,,,43.34,2.16,1.36,10.86,,
2017-06-21,,0.8,,,42.48,2.16,1.36,10.75,,
2017-06-22,,0.81,,,42.53,2.15,1.34,10.48,,
2017-06-23,,0.81,,-0.5099,42.86,2.15,1.34,10.02,,
2017-06-26,,0.78,,,43.24,2.14,1.36,9.9,,
2017-06-27,,0.83,,,44.25,2.21,1.38,11.06,,
2017-06-28,,0.88,,,44.74,2.22,1.34,10.03,,
2017-06-29,,0.89,,,44.88,2.27,1.38,11.44,,
2017-06-30,,0.93,,-0.6118,46.02,2.31,1.38,11.18,,
2017-07-01,1.15,,,,,,,,93.4,0.0
2017-07-03,,0.94,,,,2.35,1.41,11.22,,
2017-07-04,,,,,,,,,,
2017-07-05,,0.92,,,45.11,2.33,1.41,11.07,,
2017-07-06,,0.97,,,45.52,2.37,1.4,12.54,,
2017-07-07,,0.99,,-0.6587,44.25,2.39,1.4,11.19,,
2017-07-10,,0.98,,,44.4,2.38,1.4,11.11,,
2017-07-11,,1.0,,,45.06,2.37,1.37,10.89,,
2017-07-12,,0.98,,,45.48,2.33,1.35,10.3,,
2017-07-13,,0.98,,,46.06,2.35,1.37,9.9,,
2017-07-14,,0.98,,-0.62,46.53,2.33,1.35,9.51,,
2017-07-17,,0.95,,,46.02,2.31,1.36,9.82,,
2017-07-18,,0.91,,,46.4,2.27,1.36,9.89,,
2017-07-19,,0.9,,,47.1,2.27,1.37,9.79,,
2017-07-20,,0.9,,,46.73,2.27,1.37,9.58,,
2017-07-21,,0.88,,-0.7794,45.78,2.24,1.36,9.36,,
2017-07-24,,0.89,,,46.21,2.26,1.37,9.43,,
2017-07-25,,0.93,,,47.77,2.33,1.4,9.43,,
2017-07-26,,0.93,,,48.58,2.29,1.36,9.6,,
2017-07-27,,0.96,,,49.05,2.32,1.36,10.11,,
2017-07-28,,0.96,,-0.8249,49.72,2.3,1.34,10.29,,
2017-07-31,,0.96,,,50.21,2.3,1.34,10.26,,
2017-08-01,1.16,0.92,,,49.19,2.26,1.34,10.09,96.8,0.0
2017-08-02,,0.91,,,49.6,2.27,1.36,10.28,,
2017-08-03,,0.9,,,49.03,2.24,1.34,10.44,,
2017-08-04,,0.91,,-0.6938,49.57,2.27,1.36,10.03,,
2017-08-07,,0.9,,,49.37,2.26,1.36,9.93,,
2017-08-08,,0.93,,,49.07,2.29,1.36,10.96,,
2017-08-09,,0.91,,,49.59,2.24,1.33,11.11,,
2017-08-10,,0.87,,,48.54,2.2,1.33,16.04,,
2017-08-11,,0.89,,-0.5142,48.81,2.19,1.3,15.51,,
2017-08-14,,0.89,,,47.59,2.22,1.33,12.33,,
2017-08-15,,0.92,,,47.57,2.27,1.35,12.04,,
2017-08-16,,0.9,,,46.8,2.23,1.33,11.74,,
2017-08-17,,0.87,,,47.07,2.19,1.32,15.55,,
2017-08-18,,0.86,,-0.4901,48.59,2.19,1.33,14.26,,
2017-08-21,,0.86,,,47.39,2.18,1.32,13.19,,
2017-08-22,,0.89,,,47.65,2.22,1.33,11.35,,
2017-08-23,,0.85,,,48.45,2.17,1.32,12.25,,
2017-08-24,,0.86,,,47.24,2.19,1.33,12.23,,
2017-08-25,,0.82,,-0.5097,47.65,2.17,1.35,11.28,,
2017-08-28,,0.83,,,46.4,2.16,1.33,11.32,,
2017-08-29,,0.8,,,46.46,2.13,1.33,11.7,,
2017-08-30,,0.82,,,45.96,2.15,1.33,11.22,,
2017-08-31,,0.79,,,47.26,2.12,1.33,10.59,,
2017-09-01,1.15,0.81,,-0.5555,47.32,2.16,1.35,10.13,95.1,0.0
2017-09-04,,,,,,,,,,
2017-09-05,,0.77,,,48.63,2.07,1.3,12.23,,
2017-09-06,,0.8,,,49.13,2.1,1.3,11.63,,
2017-09-07,,0.78,,,49.1,2.05,1.27,11.55,,
2017-09-08,,0.79,,-0.4831,47.44,2.06,1.27,12.12,,
2017-09-11,,0.82,,,48.06,2.14,1.32,10.73,,
2017-09-12,,0.84,,,48.21,2.17,1.33,10.58,,
2017-09-13,,0.85,,,49.3,2.2,1.35,10.5,,
2017-09-14,,0.83,,,49.86,2.2,1.37,10.44,,
2017-09-15,,0.81,,-0.7438,49.9,2.2,1.39,10.17,,
2017-09-18,,0.83,,,49.88,2.23,1.4,10.15,,
2017-09-19,,0.84,,,49.54,2.24,1.4,10.18,,
2017-09-20,,0.83,,,50.29,2.28,1.45,9.78,,
2017-09-21,,0.82,,,50.58,2.27,1.45,9.67,,
2017-09-22,,0.8,,-0.778,50.33,2.26,1.46,9.59,,
2017-09-25,,0.78,,,51.85,2.22,1.44,10.21,,
2017-09-26,,0.79,,,51.59,2.24,1.45,10.17,,
2017-09-27,,0.84,,,52.14,2.31,1.47,9.87,,
2017-09-28,,0.86,,,51.62,2.31,1.45,9.55,,
2017-09-29,,0.86,,-0.7185,51.67,2.33,1.47,9.51,,
2017-10-01,1.15,,,,,,,,100.7,0.0
2017-10-02,,0.85,,,50.59,2.34,1.49,9.45,,
2017-10-03,,0.86,,,50.44,2.33,1.47,9.51,,
2017-10-04,,0.86,,,50.0,2.33,1.47,9.63,,
2017-10-05,,0.86,,,50.79,2.35,1.49,9.19,,
2017-10-06,,0.83,,-0.7533,49.34,2.37,1.54,9.65,,
2017-10-09,,,,,49.58,,,10.33,,
2017-10-10,,0.84,,,50.93,2.35,1.51,10.08,,
2017-10-11,,0.84,,,51.3,2.35,1.51,9.85,,
2017-10-12,,0.82,,,50.61,2.33,1.51,9.91,,
2017-10-13,,0.77,,-0.7165,51.43,2.28,1.51,9.61,,
2017-10-16,,0.76,,,51.86,2.3,1.54,9.91,,
2017-10-17,,0.76,,,51.87,2.3,1.54,10.31,,
2017-10-18,,0.75,,,52.05,2.34,1.59,10.07,,
2017-10-19,,0.75,,,51.29,2.33,1.58,10.05,,
2017-10-20,,0.79,,-0.785,51.63,2.39,1.6,9.97,,
2017-10-23,,0.8,,,51.91,2.38,1.58,11.07,,
2017-10-24,,0.82,,,52.32,2.42,1.6,11.16,,
2017-10-25,,0.83,,,51.97,2.44,1.61,11.23,,
2017-10-26,,0.83,,,52.41,2.46,1.63,11.3,,
2017-10-27,,0.83,,-0.7805,53.92,2.42,1.59,9.8,,
2017-10-30,,0.79,,,54.11,2.37,1.58,10.5,,
2017-10-31,,0.78,,,54.36,2.38,1.6,10.18,,
2017-11-01,1.16,0.76,,,54.32,2.37,1.61,10.2,98.5,0.0
2017-11-02,,0.74,,,54.55,2.35,1.61,9.93,,
2017-11-03,,0.71,,-0.743,55.63,2.34,1.63,9.14,,
2017-11-06,,0.71,,,57.34,2.32,1.61,9.4,,
2017-11-07,,0.69,,,57.19,2.32,1.63,9.89,,
2017-11-08,,0.67,,,56.82,2.32,1.65,9.78,,
2017-11-09,,0.7,,,57.16,2.33,1.63,10.5,,
2017-11-10,,0.73,,-0.7355,56.75,2.4,1.67,11.29,,
2017-11-13,,0.7,,,56.77,2.4,1.7,11.5,,
2017-11-14,,0.7,,,55.67,2.38,1.68,11.59,,
2017-11-15,,0.65,,,55.28,2.33,1.68,13.13,,
2017-11-16,,0.65,,,55.14,2.37,1.72,11.76,,
2017-11-17,,0.62,,-0.7487,56.21,2.35,1.73,11.43,,
2017-11-20,,0.6,,,56.21,2.37,1.77,10.65,,
2017-11-21,,0.59,,,56.84,2.36,1.77,9.73,,
2017-11-22,,0.58,,,57.88,2.32,1.74,9.88,,
2017-11-23,,,,,,,,,,
2017-11-24,,0.59,,-0.9172,58.94,2.34,1.75,9.67,,
2017-11-27,,0.58,,,58.1,2.32,1.74,9.87,,
2017-11-28,,0.59,,,57.96,2.34,1.75,10.03,,
2017-11-29,,0.59,,,57.25,2.37,1.78,10.7,,
2017-11-30,,0.64,,,57.4,2.42,1.78,11.28,,
2017-12-01,1.3,0.59,,-0.8541,58.35,2.37,1.78,11.43,95.9,0.0
2017-12-04,,0.57,,,57.48,2.37,1.8,11.68,,
2017-12-05,,0.53,,,57.66,2.36,1.83,11.33,,
2017-12-06,,0.55,,,55.79,2.33,1.78,11.02,,
2017-12-07,,0.57,,,56.5,2.37,1.8,10.16,,
2017-12-08,,0.58,,-0.779,57.15,2.38,1.8,9.58,,
2017-12-11,,0.57,,,57.84,2.39,1.82,9.34,,
2017-12-12,,0.57,,,57.12,2.4,1.83,9.92,,
2017-12-13,,0.57,,,56.59,2.36,1.79,10.18,,
2017-12-14,,0.53,,,57.0,2.35,1.82,10.49,,
2017-12-15,,0.51,,-0.7321,57.29,2.35,1.84,9.42,,
2017-12-18,,0.55,,,57.17,2.39,1.84,9.53,,
2017-12-19,,0.59,,,57.49,2.46,1.87,10.03,,
2017-12-20,,0.62,,,58.09,2.49,1.87,9.72,,
2017-12-21,,0.59,,,58.34,2.48,1.89,9.62,,
2017-12-22,,0.57,,-0.7287,58.25,2.48,1.91,9.9,,
2017-12-25,,,,,,,,,,
2017-12-26,,0.55,,,59.55,2.47,1.92,10.25,,
2017-12-27,,0.53,,,59.67,2.42,1.89,10.47,,
2017-12-28,,0.52,,,59.84,2.43,1.91,10.18,,
2017-12-29,,0.51,,-0.6431,60.46,2.4,1.89,11.04,,
2018-01-01,1.41,,,,,,,,95.7,0.0
2018-01-02,,0.54,,,60.37,2.46,1.92,9.77,,
2018-01-03,,0.5,,,61.61,2.44,1.94,9.15,,
2018-01-04,,0.5,,,61.98,2.46,1.96,9.22,,
2018-01-05,,0.51,,-0.7491,61.49,2.47,1.96,9.22,,
2018-01-08,,0.53,,,61.73,2.49,1.96,9.52,,
2018-01-09,,0.57,,,62.92,2.55,1.98,10.08,,
2018-01-10,,0.57,,,63.6,2.55,1.98,9.82,,
2018-01-11,,0.56,,,63.81,2.54,1.98,9.88,,
2018-01-12,,0.56,,-0.8216,64.22,2.55,1.99,10.16,,
2018-01-15,,,,,,,,,,
2018-01-16,,0.51,,,63.82,2.54,2.03,11.66,,
2018-01-17,,0.52,,,63.92,2.57,2.05,11.91,,
2018-01-18,,0.57,,,63.96,2.62,2.05,12.22,,
2018-01-19,,0.58,,-0.7682,63.38,2.64,2.06,11.27,,
2018-01-22,,0.58,,,63.66,2.66,2.08,11.03,,
2018-01-23,,0.57,,,64.45,2.63,2.06,11.1,,
2018-01-24,,0.57,,,65.69,2.65,2.08,11.47,,
2018-01-25,,0.55,,,65.62,2.63,2.08,11.58,,
2018-01-26,,0.53,,-0.7493,66.27,2.66,2.13,11.08,,
2018-01-29,,0.59,,,65.71,2.7,2.11,13.84,,
2018-01-30,,0.6,,,64.64,2.73,2.13,14.79,,
2018-01-31,,0.58,,,64.82,2.72,2.14,13.54,,
2018-02-01,1.42,0.62,,,65.92,2.78,2.16,13.47,99.7,0.0
2018-02-02,,0.69,,-0.5985,65.5,2.84,2.15,17.31,,
2018-02-05,,0.69,,,64.18,2.77,2.08,37.32,,
2018-02-06,,0.69,,,63.48,2.79,2.1,29.98,,
2018-02-07,,0.69,,,61.91,2.84,2.15,27.73,,
2018-02-08,,0.72,,,61.3,2.85,2.13,33.46,,
2018-02-09,,0.78,,-0.009,59.2,2.83,2.05,29.06,,
2018-02-12,,0.77,,,59.41,2.86,2.09,25.61,,
2018-02-13,,0.73,,,59.33,2.83,2.1,24.97,,
2018-02-14,,0.74,,,60.7,2.91,2.17,19.26,,
2018-02-15,,0.71,,,61.48,2.9,2.19,19.13,,
2018-02-16,,0.66,,-0.3989,61.89,2.87,2.21,19.46,,
2018-02-19,,,,,,,,,,
2018-02-20,,0.63,,,61.91,2.88,2.25,20.6,,
2018-02-21,,0.68,,,61.73,2.94,2.26,20.02,,
2018-02-22,,0.67,,,62.72,2.92,2.25,18.72,,
2018-02-23,,0.63,,-0.5252,63.52,2.88,2.25,16.49,,
2018-02-26,,0.64,,,63.81,2.86,2.22,15.8,,
2018-02-27,,0.63,,,62.94,2.9,2.27,18.59,,
2018-02-28,,0.62,,,61.43,2.87,2.25,19.85,,
2018-03-01,1.51,0.59,,,60.98,2.81,2.22,22.47,101.4,0.0
2018-03-02,,0.61,,-0.2472,61.19,2.86,2.25,19.59,,
2018-03-05,,0.64,,,62.49,2.88,2.24,18.73,,
2018-03-06,,0.63,,,62.54,2.88,2.25,18.36,,
2018-03-07,,0.64,,,61.09,2.89,2.25,17.76,,
2018-03-08,,0.61,,,60.13,2.86,2.25,16.54,,
2018-03-09,,0.63,,-0.2796,62.02,2.9,2.27,14.64,,
2018-03-12,,0.6,,,61.35,2.87,2.27,15.78,,
2018-03-13,,0.58,,,60.69,2.84,2.26,16.35,,
2018-03-14,,0.55,,,60.89,2.81,2.26,17.23,,
2018-03-15,,0.53,,,61.16,2.82,2.29,16.59,,
2018-03-16,,0.54,,-0.245,62.29,2.85,2.31,15.8,,
2018-03-19,,0.54,,,62.01,2.85,2.31,19.02,,
2018-03-20,,0.55,,,63.37,2.89,2.34,18.2,,
2018-03-21,,0.58,,,65.1,2.89,2.31,17.86,,
2018-03-22,,0.54,,,64.25,2.83,2.29,23.34,,
2018-03-23,,0.54,,0.0303,65.8,2.82,2.28,24.87,,
2018-03-26,,0.52,,,65.49,2.85,2.33,21.03,,
2018-03-27,,0.52,,,65.21,2.78,2.26,22.5,,
2018-03-28,,0.49,,,64.3,2.77,2.28,22.87,,
2018-03-29,,0.47,,,64.87,2.74,2.27,19.97,,
2018-03-30,,,,0.1011,,,,,,
2018-04-01,1.69,,,,,,,,98.8,0.0
2018-04-02,,0.48,,,63.05,2.73,2.25,23.62,,
2018-04-03,,0.51,,,63.41,2.79,2.28,21.1,,
2018-04-04,,0.51,,,63.35,2.79,2.28,20.06,,
2018-04-05,,0.53,,,63.53,2.83,2.3,18.94,,
2018-04-06,,0.5,,0.1105,62.03,2.77,2.27,21.49,,
2018-04-09,,0.49,,,63.4,2.78,2.29,21.77,,
2018-04-10,,0.48,,,65.48,2.8,2.32,20.47,,
2018-04-11,,0.47,,,66.81,2.79,2.32,20.24,,
2018-04-12,,0.49,,,67.07,2.83,2.34,18.49,,
2018-04-13,,0.45,,-0.0847,67.35,2.82,2.37,17.41,,
2018-04-16,,0.44,,,66.23,2.83,2.39,16.56,,
2018-04-17,,0.41,,,66.5,2.82,2.41,15.25,,
2018-04-18,,0.45,,,68.44,2.87,2.42,15.6,,
2018-04-19,,0.48,,,68.3,2.92,2.44,15.96,,
2018-04-20,,0.5,,-0.2983,68.26,2.96,2.46,16.88,,
2018-04-23,,0.49,,,67.61,2.98,2.49,16.34,,
2018-04-24,,0.52,,,67.66,3.0,2.48,18.02,,
2018-04-25,,0.54,,,68.0,3.03,2.49,17.84,,
2018-04-26,,0.51,,,68.18,3.0,2.49,16.24,,
2018-04-27,,0.47,,-0.237,68.11,2.96,2.49,15.41,,
2018-04-30,,0.46,,,68.56,2.95,2.49,15.93,,
2018-05-01,1.7,0.47,,,67.28,2.97,2.5,15.49,98.0,0.0
2018-05-02,,0.48,,,67.91,2.97,2.49,15.97,,
2018-05-03,,0.45,,,68.45,2.94,2.49,15.9,,
2018-05-04,,0.44,,-0.1723,69.71,2.95,2.51,14.77,,
2018-05-07,,0.46,,,70.74,2.95,2.49,14.75,,
2018-05-08,,0.46,,,68.83,2.97,2.51,14.71,,
2018-05-09,,0.46,,,71.16,3.0,2.54,13.42,,
2018-05-10,,0.43,,,71.36,2.97,2.54,13.23,,
2018-05-11,,0.43,,-0.4287,70.69,2.97,2.54,12.65,,
2018-05-14,,0.45,,,71.01,3.0,2.55,12.93,,
2018-05-15,,0.5,,,71.34,3.08,2.58,14.63,,
2018-05-16,,0.51,,,71.43,3.09,2.58,13.42,,
2018-05-17,,0.54,,,71.47,3.11,2.57,13.43,,
2018-05-18,,0.51,,-0.4937,71.23,3.06,2.55,13.42,,
2018-05-21,,0.48,,,72.26,3.06,2.58,13.08,,
2018-05-22,,0.47,,,72.09,3.06,2.59,13.22,,
2018-05-23,,0.48,,,71.85,3.01,2.53,12.58,,
2018-05-24,,0.48,,,70.77,2.98,2.5,12.53,,
2018-05-25,,0.45,,-0.4176,67.92,2.93,2.48,13.22,,
2018-05-28,,,,,,,,,,
2018-05-29,,0.45,,,66.8,2.77,2.32,17.02,,
2018-05-30,,0.42,,,68.24,2.84,2.42,14.94,,
2018-05-31,,0.43,,,66.98,2.83,2.4,15.43,,
2018-06-01,1.82,0.42,,-0.1087,65.81,2.89,2.47,13.46,98.2,0.0
2018-06-04,,0.42,,,64.76,2.94,2.52,12.74,,
2018-06-05,,0.43,,,65.51,2.92,2.49,12.4,,
2018-06-06,,0.45,,,64.75,2.97,2.52,11.64,,
2018-06-07,,0.43,,,65.96,2.93,2.5,12.13,,
2018-06-08,,0.43,,-0.5814,65.77,2.93,2.5,12.18,,
2018-06-11,,0.44,,,66.1,2.96,2.52,12.35,,
2018-06-12,,0.42,,,66.38,2.96,2.54,12.34,,
2018-06-13,,0.39,,,66.63,2.98,2.59,12.94,,
2018-06-14,,0.35,,,66.91,2.94,2.59,12.12,,
2018-06-15,,0.38,,-0.5079,65.01,2.93,2.55,11.98,,
2018-06-18,,0.36,,,65.91,2.92,2.56,12.31,,
2018-06-19,,0.35,,,65.09,2.89,2.54,13.35,,
2018-06-20,,0.37,,,65.92,2.93,2.56,12.79,,
2018-06-21,,0.34,,,65.68,2.9,2.56,14.64,,
2018-06-22,,0.34,,-0.4413,69.02,2.9,2.56,13.77,,
2018-06-25,,0.33,,,69.91,2.87,2.54,17.33,,
2018-06-26,,0.35,,,75.23,2.88,2.53,15.92,,
2018-06-27,,0.31,,,77.41,2.83,2.52,17.91,,
2018-06-28,,0.32,,,73.45,2.84,2.52,16.85,,
2018-06-29,,0.33,,-0.2208,74.13,2.85,2.52,16.09,,
2018-07-01,1.91,,,,,,,,97.9,0.0
2018-07-02,,0.3,,,73.89,2.87,2.57,15.6,,
2018-07-03,,0.3,,,74.19,2.83,2.53,16.14,,
2018-07-04,,,,,,,,,,
2018-07-05,,0.29,,,73.05,2.84,2.55,14.97,,
2018-07-06,,0.29,,-0.3703,73.78,2.82,2.53,13.37,,
2018-07-09,,0.29,,,73.93,2.86,2.57,12.69,,
2018-07-10,,0.28,,,74.11,2.87,2.59,12.64,,
2018-07-11,,0.27,,,70.47,2.85,2.58,13.63,,
2018-07-12,,0.25,,,70.28,2.85,2.6,12.58,,
2018-07-13,,0.24,,-0.6173,71.03,2.83,2.59,12.18,,
2018-07-16,,0.26,,,68.22,2.85,2.59,12.83,,
2018-07-17,,0.24,,,68.03,2.86,2.62,12.06,,
2018-07-18,,0.28,,,68.78,2.88,2.6,12.1,,
2018-07-19,,0.24,,,69.42,2.84,2.6,12.87,,
2018-07-20,,0.29,,-0.629,70.31,2.89,2.6,12.86,,
2018-07-23,,0.32,,,67.9,2.96,2.64,12.62,,
2018-07-24,,0.32,,,70.77,2.95,2.63,12.41,,
2018-07-25,,0.28,,,71.13,2.94,2.66,12.29,,
2018-07-26,,0.29,,,71.59,2.98,2.69,12.14,,
2018-07-27,,0.29,,-0.7066,68.66,2.96,2.67,13.03,,
2018-07-30,,0.32,,,71.19,2.98,2.66,14.26,,
2018-07-31,,0.29,,,69.88,2.96,2.67,12.83,,
2018-08-01,1.91,0.33,,,68.8,3.0,2.67,13.15,96.2,0.0
2018-08-02,,0.32,,,68.95,2.98,2.66,12.19,,
2018-08-03,,0.32,,-0.5975,68.49,2.95,2.63,11.64,,
2018-08-06,,0.3,,,69.01,2.94,2.64,11.27,,
2018-08-07,,0.3,,,69.17,2.98,2.68,10.93,,
2018-08-08,,0.28,,,66.92,2.96,2.68,10.85,,
2018-08-09,,0.29,,,66.81,2.93,2.64,11.27,,
2018-08-10,,0.26,,-0.6901,67.61,2.87,2.61,13.16,,
2018-08-13,,0.27,,,67.25,2.88,2.61,14.78,,
2018-08-14,,0.26,,,67.04,2.89,2.63,13.31,,
2018-08-15,,0.25,,,65.07,2.86,2.61,14.64,,
2018-08-16,,0.24,,,65.44,2.87,2.63,13.45,,
2018-08-17,,0.26,,-0.5519,65.93,2.87,2.61,12.64,,
2018-08-20,,0.22,,,66.5,2.82,2.6,12.49,,
2018-08-21,,0.24,,,67.32,2.85,2.61,12.86,,
2018-08-22,,0.22,,,67.85,2.82,2.6,12.25,,
2018-08-23,,0.21,,,69.13,2.82,2.61,12.41,,
2018-08-24,,0.19,,-0.7677,69.71,2.82,2.63,11.99,,
2018-08-27,,0.18,,,69.97,2.85,2.67,12.16,,
2018-08-28,,0.21,,,68.54,2.88,2.67,12.5,,
2018-08-29,,0.22,,,69.68,2.89,2.67,12.25,,
2018-08-30,,0.22,,,70.25,2.86,2.64,13.53,,
2018-08-31,,0.24,,-0.8021,69.84,2.86,2.62,12.86,,
2018-09-01,1.95,,,,,,,,100.1,0.0
2018-09-03,,,,,,,,,,
2018-09-04,,0.24,,,69.82,2.9,2.66,13.16,,
2018-09-05,,0.24,,,68.69,2.9,2.66,13.91,,
2018-09-06,,0.24,,,67.81,2.88,2.64,14.65,,
2018-09-07,,0.23,,-0.7131,67.73,2.94,2.71,14.88,,
2018-09-10,,0.21,,,67.55,2.94,2.73,14.16,,
2018-09-11,,0.22,,,69.29,2.98,2.76,13.22,,
2018-09-12,,0.23,,,70.37,2.97,2.74,13.14,,
2018-09-13,,0.21,,,68.6,2.97,2.76,12.37,,
2018-09-14,,0.21,,-0.856,68.98,2.99,2.78,12.07,,
2018-09-17,,0.21,,,68.86,2.99,2.78,13.68,,
2018-09-18,,0.24,,,69.87,3.05,2.81,12.79,,
2018-09-19,,0.27,,,71.08,3.08,2.81,11.75,,
2018-09-20,,0.26,,,70.77,3.07,2.81,11.8,,
2018-09-21,,0.26,,-0.9561,70.8,3.07,2.81,11.68,,
2018-09-24,,0.25,,,73.23,3.08,2.83,12.2,,
2018-09-25,,0.27,,,73.4,3.1,2.83,12.42,,
2018-09-26,,0.23,,,72.22,3.06,2.83,12.89,,
2018-09-27,,0.23,,,72.18,3.06,2.83,12.41,,
2018-09-28,,0.24,,-0.8779,73.16,3.05,2.81,12.12,,
2018-10-01,2.19,0.27,,,75.37,3.09,2.82,12.0,98.6,0.0
2018-10-02,,0.23,,,75.16,3.05,2.82,12.05,,
2018-10-03,,0.3,,,76.4,3.15,2.85,11.61,,
2018-10-04,,0.32,,,74.44,3.19,2.87,14.22,,
2018-10-05,,0.35,,-0.8924,74.26,3.23,2.88,14.82,,
2018-10-08,,,,,74.27,,,15.69,,
2018-10-09,,0.33,,,74.95,3.21,2.88,15.95,,
2018-10-10,,0.34,,,73.18,3.22,2.88,22.96,,
2018-10-11,,0.29,,,70.97,3.14,2.85,24.98,,
2018-10-12,,0.3,,-0.5467,71.41,3.15,2.85,21.31,,
2018-10-15,,0.31,,,71.84,3.16,2.85,21.3,,
2018-10-16,,0.29,,,71.93,3.16,2.87,17.62,,
2018-10-17,,0.3,,,69.63,3.19,2.89,17.4,,
2018-10-18,,0.3,,,68.63,3.17,2.87,20.06,,
2018-10-19,,0.28,,-0.6473,69.16,3.2,2.92,19.89,,
2018-10-22,,0.28,,,69.25,3.2,2.92,19.64,,
2018-10-23,,0.28,,,66.49,3.17,2.89,20.71,,
2018-10-24,,0.26,,,66.56,3.1,2.84,25.23,,
2018-10-25,,0.28,,,67.25,3.14,2.86,24.22,,
2018-10-26,,0.27,,-0.3484,67.58,3.08,2.81,24.16,,
2018-10-29,,0.27,,,67.0,3.08,2.81,24.7,,
2018-10-30,,0.28,,,66.18,3.12,2.84,23.35,,
2018-10-31,,0.28,,,65.31,3.15,2.87,21.23,,
2018-11-01,2.2,0.3,,,63.67,3.14,2.84,19.34,97.5,0.0
2018-11-02,,0.31,,-0.3681,63.12,3.22,2.91,19.51,,
2018-11-05,,0.29,,,63.12,3.2,2.91,19.96,,
2018-11-06,,0.29,,,62.16,3.22,2.93,19.91,,
2018-11-07,,0.26,,,61.69,3.22,2.96,16.36,,
2018-11-08,,0.26,,,60.71,3.24,2.98,16.72,,
2018-11-09,,0.25,,-0.6493,60.19,3.19,2.94,17.36,,
2018-11-12,,,,,59.85,,,20.45,,
2018-11-13,,0.25,,,55.63,3.14,2.89,20.02,,
2018-11-14,,0.26,,,56.16,3.12,2.86,21.25,,
2018-11-15,,0.25,,,56.45,3.11,2.86,19.98,,
2018-11-16,,0.27,,-0.153,56.49,3.08,2.81,18.14,,
2018-11-19,,0.27,,,57.16,3.06,2.79,20.1,,
2018-11-20,,0.27,,,53.39,3.06,2.79,22.48,,
2018-11-21,,0.25,,,54.41,3.06,2.81,20.8,,
2018-11-22,,,,,,,,,,
2018-11-23,,0.24,,-0.099,,3.05,2.81,21.52,,
2018-11-26,,0.23,,,51.46,3.07,2.84,18.9,,
2018-11-27,,0.23,,,51.31,3.06,2.83,19.02,,
2018-11-28,,0.25,,,50.06,3.06,2.81,18.49,,
2018-11-29,,0.22,,,51.46,3.03,2.81,18.79,,
2018-11-30,,0.21,,-0.3174,50.78,3.01,2.8,18.07,,
2018-12-01,2.27,,,,,,,,98.3,0.0
2018-12-03,,0.15,,,52.98,2.98,2.83,16.44,,
2018-12-04,,0.11,,,53.21,2.91,2.8,20.74,,
2018-12-05,,,,,52.64,,,,,
2018-12-06,,0.12,,,51.54,2.87,2.75,21.19,,
2018-12-07,,0.13,,0.0215,52.76,2.85,2.72,23.23,,
2018-12-10,,0.13,,,51.07,2.85,2.72,22.64,,
2018-12-11,,0.11,,,51.65,2.89,2.78,21.76,,
2018-12-12,,0.14,,,51.04,2.91,2.77,21.46,,
2018-12-13,,0.16,,,52.69,2.91,2.75,20.65,,
2018-12-14,,0.16,,0.0676,51.26,2.89,2.73,21.63,,
2018-12-17,,0.16,,,49.8,2.86,2.7,24.52,,
2018-12-18,,0.17,,,46.12,2.82,2.65,25.58,,
2018-12-19,,0.14,,,47.96,2.77,2.63,25.58,,
2018-12-20,,0.12,,,45.64,2.79,2.67,28.38,,
2018-12-21,,0.16,,0.375,45.38,2.79,2.63,30.11,,
2018-12-24,,0.19,,,,2.74,2.55,36.07,,
2018-12-25,,,,,,,,,,
2018-12-26,,0.2,,,46.04,2.81,2.61,30.41,,
2018-12-27,,0.21,,,44.48,2.77,2.56,29.96,,
2018-12-28,,0.2,,0.4969,45.15,2.72,2.52,28.34,,
2018-12-31,,0.21,,,,2.69,2.48,25.42,,
2019-01-01,2.4,,,,,,,,91.2,0.0
2019-01-02,,0.16,,,46.31,2.66,2.5,23.22,,
2019-01-03,,0.17,,,46.92,2.56,2.39,25.45,,
2019-01-04,,0.17,,0.1154,47.76,2.67,2.5,21.38,,
2019-01-07,,0.17,,,48.27,2.7,2.53,21.4,,
2019-01-08,,0.15,,,49.58,2.73,2.58,20.47,,
2019-01-09,,0.18,,,52.19,2.74,2.56,19.98,,
2019-01-10,,0.18,,,52.42,2.74,2.56,19.5,,
2019-01-11,,0.16,,-0.4022,51.44,2.71,2.55,18.19,,
2019-01-14,,0.18,,,50.31,2.71,2.53,19.07,,
2019-01-15,,0.19,,,51.8,2.72,2.53,18.6,,
2019-01-16,,0.18,,,52.08,2.73,2.55,19.04,,
2019-01-17,,0.19,,,51.83,2.75,2.56,18.06,,
2019-01-18,,0.17,,-0.3363,53.6,2.79,2.62,17.8,,
2019-01-21,,,,,,,,,,
2019-01-22,,0.16,,,52.59,2.74,2.58,20.8,,
2019-01-23,,0.18,,,52.44,2.76,2.58,19.52,,
2019-01-24,,0.16,,,52.94,2.72,2.56,18.89,,
2019-01-25,,0.16,,-0.296,53.53,2.76,2.6,17.42,,
2019-01-28,,0.15,,,51.79,2.75,2.6,18.87,,
2019-01-29,,0.16,,,53.07,2.72,2.56,19.13,,
2019-01-30,,0.18,,,54.18,2.7,2.52,17.66,,
2019-01-31,,0.18,,,53.84,2.63,2.45,16.57,,
2019-02-01,2.4,0.18,,-0.3038,55.29,2.7,2.52,16.14,93.8,0.0
2019-02-04,,0.2,,,54.57,2.73,2.53,15.73,,
2019-02-05,,0.18,,,53.69,2.71,2.53,15.57,,
2019-02-06,,0.18,,,53.94,2.7,2.52,15.38,,
2019-02-07,,0.17,,,52.68,2.65,2.48,16.37,,
2019-02-08,,0.18,,-0.4543,52.75,2.63,2.45,15.72,,
2019-02-11,,0.17,,,52.43,2.65,2.48,15.97,,
2019-02-12,,0.18,,,53.14,2.68,2.5,15.43,,
2019-02-13,,0.18,,,53.84,2.71,2.53,15.65,,
2019-02-14,,0.16,,,54.4,2.66,2.5,16.22,,
2019-02-15,,0.14,,-0.5256,55.58,2.66,2.52,14.91,,
2019-02-18,,,,,,,,,,
2019-02-19,,0.15,,,56.12,2.65,2.5,14.88,,
2019-02-20,,0.15,,,56.9,2.65,2.5,14.02,,
2019-02-21,,0.16,,,56.95,2.69,2.53,14.46,,
2019-02-22,,0.17,,-0.6838,57.01,2.65,2.48,13.51,,
2019-02-25,,0.16,,,55.32,2.67,2.51,14.85,,
2019-02-26,,0.16,,,55.4,2.64,2.48,15.17,,
2019-02-27,,0.19,,,56.92,2.69,2.5,14.7,,
2019-02-28,,0.21,,,57.21,2.73,2.52,14.78,,
2019-03-01,2.41,0.21,,-0.7345,55.76,2.76,2.55,13.57,98.4,0.0
2019-03-04,,0.17,,,56.6,2.72,2.55,14.63,,
2019-03-05,,0.17,,,56.55,2.72,2.55,14.74,,
2019-03-06,,0.17,,,56.22,2.69,2.52,15.74,,
2019-03-07,,0.17,,,56.6,2.64,2.47,16.59,,
2019-03-08,,0.17,,-0.6081,55.77,2.62,2.45,16.05,,
2019-03-11,,0.17,,,56.79,2.64,2.47,14.33,,
2019-03-12,,0.16,,,56.89,2.61,2.45,13.77,,
2019-03-13,,0.16,,,58.27,2.61,2.45,13.41,,
2019-03-14,,0.17,,,58.59,2.63,2.46,13.5,,
2019-03-15,,0.16,,-0.7067,58.51,2.59,2.43,12.88,,
2019-03-18,,0.15,,,59.09,2.6,2.45,13.1,,
2019-03-19,,0.15,,,59.12,2.61,2.46,13.56,,
2019-03-20,,0.14,,,60.12,2.54,2.4,13.91,,
2019-03-21,,0.13,,,59.98,2.54,2.41,13.63,,
2019-03-22,,0.13,,-0.7277,58.87,2.44,2.31,16.48,,
2019-03-25,,0.17,,,58.71,2.43,2.26,16.33,,
2019-03-26,,0.17,,,59.87,2.41,2.24,14.68,,
2019-03-27,,0.17,,,59.39,2.39,2.22,15.15,,
2019-03-28,,0.16,,,59.29,2.39,2.23,14.43,,
2019-03-29,,0.14,,-0.4344,60.19,2.41,2.27,13.71,,
2019-04-01,2.42,0.16,,,61.59,2.49,2.33,13.4,97.2,0.0
2019-04-02,,0.18,,,62.53,2.48,2.3,13.36,,
2019-04-03,,0.19,,,62.46,2.52,2.33,13.74,,
2019-04-04,,0.18,,,62.12,2.51,2.33,13.58,,
2019-04-05,,0.15,,-0.8176,63.1,2.5,2.35,12.82,,
2019-04-08,,0.16,,,64.37,2.52,2.36,13.18,,
2019-04-09,,0.16,,,64.05,2.51,2.35,14.28,,
2019-04-10,,0.17,,,64.62,2.48,2.31,13.3,,
2019-04-11,,0.16,,,63.61,2.51,2.35,13.02,,
2019-04-12,,0.16,,-0.7876,63.86,2.56,2.4,12.01,,
2019-04-15,,0.15,,,63.43,2.55,2.4,12.32,,
2019-04-16,,0.19,,,64.01,2.6,2.41,12.18,,
2019-04-17,,0.19,,,63.74,2.59,2.4,12.6,,
2019-04-18,,0.19,,,64.02,2.57,2.38,12.09,,
2019-04-19,,,,-0.9023,,,,,,
2019-04-22,,0.21,,,65.66,2.59,2.38,12.42,,
2019-04-23,,0.21,,,66.24,2.57,2.36,12.28,,
2019-04-24,,0.21,,,65.96,2.53,2.32,13.14,,
2019-04-25,,0.21,,,65.23,2.54,2.33,13.25,,
2019-04-26,,0.23,,-0.7486,63.29,2.51,2.28,12.73,,
2019-04-29,,0.24,,,63.39,2.54,2.3,13.11,,
2019-04-30,,0.24,,,63.83,2.51,2.27,13.12,,
2019-05-01,2.39,0.21,,,63.55,2.52,2.31,14.8,100.0,0.0
2019-05-02,,0.2,,,61.75,2.55,2.35,14.42,,
2019-05-03,,0.21,,-0.8011,61.98,2.54,2.33,12.87,,
2019-05-06,,0.2,,,62.3,2.51,2.31,15.44,,
2019-05-07,,0.17,,,61.41,2.45,2.28,19.32,,
2019-05-08,,0.19,,,62.13,2.49,2.3,19.4,,
2019-05-09,,0.19,,,61.58,2.45,2.26,19.1,,
2019-05-10,,0.21,,-0.5011,61.65,2.47,2.26,16.04,,
2019-05-13,,0.22,,,60.97,2.4,2.18,20.55,,
2019-05-14,,0.22,,,61.82,2.42,2.2,18.06,,
2019-05-15,,0.21,,,62.03,2.37,2.16,16.44,,
2019-05-16,,0.2,,,62.93,2.4,2.2,15.29,,
2019-05-17,,0.19,,-0.4684,62.77,2.39,2.2,15.96,,
2019-05-20,,0.2,,,63.12,2.41,2.21,16.31,,
2019-05-21,,0.17,,,63.02,2.43,2.26,14.95,,
2019-05-22,,0.16,,,61.42,2.39,2.23,14.75,,
2019-05-23,,0.19,,,57.65,2.31,2.12,16.92,,
2019-05-24,,0.16,,-0.5836,58.4,2.32,2.16,15.85,,
2019-05-27,,,,,,,,,,
2019-05-28,,0.14,,,58.91,2.26,2.12,17.5,,
2019-05-29,,0.16,,,58.84,2.25,2.09,17.9,,
2019-05-30,,0.16,,,56.47,2.22,2.06,17.3,,
2019-05-31,,0.19,,-0.2698,53.49,2.14,1.95,18.71,,
2019-06-01,2.38,,,,,,,,98.2,0.0
2019-06-03,,0.25,,,53.25,2.07,1.82,18.86,,
2019-06-04,,0.24,,,53.5,2.12,1.88,16.97,,
2019-06-05,,0.29,,,51.57,2.12,1.83,16.09,,
2019-06-06,,0.24,,,52.59,2.12,1.88,15.93,,
2019-06-07,,0.24,,-0.3137,53.95,2.09,1.85,16.3,,
2019-06-10,,0.25,,,53.33,2.15,1.9,15.94,,
2019-06-11,,0.22,,,53.3,2.15,1.93,15.99,,
2019-06-12,,0.25,,,51.13,2.13,1.88,15.91,,
2019-06-13,,0.27,,,52.38,2.1,1.83,15.82,,
2019-06-14,,0.25,,-0.5512,52.47,2.09,1.84,15.28,,
2019-06-17,,0.23,,,51.94,2.09,1.86,15.35,,
2019-06-18,,0.2,,,53.86,2.06,1.86,15.15,,
2019-06-19,,0.29,,,53.74,2.03,1.74,14.33,,
2019-06-20,,0.29,,,56.88,2.01,1.72,14.75,,
2019-06-21,,0.3,,-0.4374,57.35,2.07,1.77,15.4,,
2019-06-24,,0.3,,,57.73,2.02,1.72,15.26,,
2019-06-25,,0.29,,,57.63,2.0,1.71,16.28,,
2019-06-26,,0.28,,,59.17,2.05,1.77,16.21,,
2019-06-27,,0.27,,,59.18,2.01,1.74,15.82,,
2019-06-28,,0.25,,-0.4334,58.2,2.0,1.75,15.08,,
2019-07-01,2.4,0.25,,,58.91,2.03,1.78,14.06,98.4,0.0
2019-07-02,,0.21,,,56.0,1.98,1.77,12.93,,
2019-07-03,,0.19,,,57.06,1.96,1.77,12.57,,
2019-07-04,,,,,,,,,,
2019-07-05,,0.17,,-0.6676,,2.04,1.87,13.28,,
2019-07-08,,0.17,,,57.35,2.05,1.88,13.96,,
2019-07-09,,0.15,,,57.57,2.07,1.92,14.09,,
2019-07-10,,0.25,,,60.28,2.07,1.82,13.03,,
2019-07-11,,0.28,,,59.93,2.13,1.85,12.93,,
2019-07-12,,0.28,,-0.6096,59.99,2.12,1.84,12.39,,
2019-07-15,,0.26,,,59.3,2.09,1.83,12.68,,
2019-07-16,,0.26,,,57.44,2.13,1.87,12.86,,
2019-07-17,,0.23,,,56.5,2.06,1.83,13.97,,
2019-07-18,,0.27,,,55.08,2.04,1.77,13.53,,
2019-07-19,,0.25,,-0.5064,55.42,2.05,1.8,14.45,,
2019-07-22,,0.25,,,55.87,2.05,1.8,13.53,,
2019-07-23,,0.25,,,56.58,2.08,1.83,12.61,,
2019-07-24,,0.22,,,55.9,2.05,1.83,12.07,,
2019-07-25,,0.22,,,55.88,2.08,1.86,12.74,,
2019-07-26,,0.22,,-0.6268,56.04,2.08,1.86,12.16,,
2019-07-29,,0.21,,,56.85,2.06,1.85,12.83,,
2019-07-30,,0.21,,,58.04,2.06,1.85,13.94,,
2019-07-31,,0.13,,,58.53,2.02,1.89,16.12,,
2019-08-01,2.13,0.17,,,53.64,1.9,1.73,17.87,89.8,0.0
2019-08-02,,0.14,,-0.3973,55.67,1.86,1.72,17.61,,
2019-08-05,,0.16,,,54.63,1.75,1.59,24.59,,
2019-08-06,,0.13,,,53.6,1.73,1.6,20.17,,
2019-08-07,,0.12,,,51.14,1.71,1.59,19.49,,
2019-08-08,,0.1,,,52.6,1.72,1.62,16.91,,
2019-08-09,,0.11,,0.1173,54.41,1.74,1.63,17.97,,
2019-08-12,,0.07,,,54.98,1.65,1.58,21.09,,
2019-08-13,,0.02,,,57.05,1.68,1.66,17.52,,
2019-08-14,,0.01,,,55.16,1.59,1.58,22.1,,
2019-08-15,,0.04,,,54.51,1.52,1.48,21.18,,
2019-08-16,,0.07,,0.0561,54.83,1.55,1.48,18.47,,
2019-08-19,,0.07,,,56.24,1.6,1.53,16.88,,
2019-08-20,,0.05,,,56.18,1.55,1.5,17.5,,
2019-08-21,,0.03,,,55.65,1.59,1.56,15.8,,
2019-08-22,,0.01,,,55.33,1.62,1.61,16.68,,
2019-08-23,,0.01,,-0.2536,54.08,1.52,1.51,19.87,,
2019-08-26,,0.0,,,53.54,1.54,1.54,19.32,,
2019-08-27,,-0.04,,,54.99,1.49,1.53,20.31,,
2019-08-28,,-0.03,,,55.76,1.47,1.5,19.35,,
2019-08-29,,-0.03,,,56.67,1.5,1.53,17.88,,
2019-08-30,,0.0,,-0.2302,55.07,1.5,1.5,18.98,,
2019-09-01,2.04,,,,,,,,93.2,0.0
2019-09-02,,,,,,,,,,
2019-09-03,,0.0,,,53.91,1.47,1.47,19.66,,
2019-09-04,,0.04,,,56.22,1.47,1.43,17.33,,
2019-09-05,,0.02,,,56.33,1.57,1.55,16.27,,
2019-09-06,,0.02,,-0.2991,56.45,1.55,1.53,15.0,,
2019-09-09,,0.05,,,57.88,1.63,1.58,15.27,,
2019-09-10,,0.05,,,57.37,1.72,1.67,15.2,,
2019-09-11,,0.07,,,55.66,1.75,1.68,14.61,,
2019-09-12,,0.07,,,55.13,1.79,1.72,14.22,,
2019-09-13,,0.11,,-0.5683,54.76,1.9,1.79,13.74,,
2019-09-16,,0.1,,,63.1,1.84,1.74,14.67,,
2019-09-17,,0.09,,,59.26,1.81,1.72,14.44,,
2019-09-18,,0.03,,,58.19,1.8,1.77,13.95,,
2019-09-19,,0.05,,,58.19,1.79,1.74,14.05,,
2019-09-20,,0.05,,-0.3502,57.92,1.74,1.69,15.32,,
2019-09-23,,0.04,,,58.69,1.72,1.68,14.91,,
2019-09-24,,0.04,,,57.22,1.64,1.6,17.05,,
2019-09-25,,0.05,,,56.38,1.73,1.68,15.96,,
2019-09-26,,0.04,,,56.24,1.7,1.66,16.07,,
2019-09-27,,0.06,,-0.0652,55.95,1.69,1.63,17.22,,
2019-09-30,,0.05,,,54.09,1.68,1.63,16.24,,
2019-10-01,1.83,0.09,,,53.6,1.65,1.56,18.56,95.5,0.0
2019-10-02,,0.12,,,52.67,1.6,1.48,20.56,,
2019-10-03,,0.15,,,52.41,1.54,1.39,19.12,,
2019-10-04,,0.12,,0.2051,52.84,1.52,1.4,17.04,,
2019-10-07,,0.1,,,52.76,1.56,1.46,17.86,,
2019-10-08,,0.12,,,52.64,1.54,1.42,20.28,,
2019-10-09,,0.12,,,52.63,1.59,1.47,18.64,,
2019-10-10,,0.14,,,53.57,1.67,1.53,17.57,,
2019-10-11,,0.13,,-0.0443,54.76,1.76,1.63,15.58,,
2019-10-14,,,,,53.57,,,14.57,,
2019-10-15,,0.16,,,52.81,1.77,1.61,13.54,,
2019-10-16,,0.17,,,53.42,1.75,1.58,13.68,,
2019-10-17,,0.16,,,53.89,1.76,1.6,13.79,,
2019-10-18,,0.18,,-0.3209,53.75,1.76,1.58,14.25,,
2019-10-21,,0.18,,,53.28,1.8,1.62,14.0,,
2019-10-22,,0.18,,,54.21,1.78,1.6,14.46,,
2019-10-23,,0.19,,,55.9,1.77,1.58,14.01,,
2019-10-24,,0.19,,,56.11,1.77,1.58,13.71,,
2019-10-25,,0.17,,-0.322,56.52,1.8,1.63,12.65,,
2019-10-28,,0.21,,,55.6,1.85,1.64,13.11,,
2019-10-29,,0.2,,,55.34,1.84,1.64,13.2,,
2019-10-30,,0.17,,,54.85,1.78,1.61,12.33,,
2019-10-31,,0.17,,,54.02,1.69,1.52,13.22,,
2019-11-01,1.55,0.17,,-0.2364,56.04,1.73,1.56,12.3,96.8,0.0
2019-11-04,,0.19,,,56.33,1.79,1.6,12.83,,
2019-11-05,,0.23,,,57.04,1.86,1.63,13.1,,
2019-11-06,,0.2,,,56.15,1.81,1.61,12.62,,
2019-11-07,,0.24,,,56.91,1.92,1.68,12.73,,
2019-11-08,,0.26,,-0.2639,57.02,1.94,1.68,12.07,,
2019-11-11,,,,,,,,12.69,,
2019-11-12,,0.26,,,56.67,1.92,1.66,12.68,,
2019-11-13,,0.25,,,56.88,1.88,1.63,13.0,,
2019-11-14,,0.24,,,56.57,1.82,1.58,13.05,,
2019-11-15,,0.23,,-0.2813,57.54,1.84,1.61,12.05,,
2019-11-18,,0.21,,,56.82,1.81,1.6,12.46,,
2019-11-19,,0.19,,,54.93,1.79,1.6,12.86,,
2019-11-20,,0.17,,,56.71,1.73,1.56,12.78,,
2019-11-21,,0.17,,,58.36,1.77,1.6,13.13,,
2019-11-22,,0.16,,-0.2187,57.68,1.77,1.61,12.34,,
2019-11-25,,0.15,,,57.79,1.76,1.61,11.87,,
2019-11-26,,0.16,,,58.25,1.74,1.58,11.54,,
2019-11-27,,0.14,,,58.12,1.77,1.63,11.75,,
2019-11-28,,,,,,,,,,
2019-11-29,,0.17,,-0.3827,58.12,1.78,1.61,12.62,,
2019-12-01,1.55,,,,,,,,99.3,0.0
2019-12-02,,0.22,,,55.97,1.83,1.61,14.91,,
2019-12-03,,0.19,,,56.15,1.72,1.53,15.96,,
2019-12-04,,0.19,,,58.46,1.77,1.58,14.8,,
2019-12-05,,0.22,,,58.42,1.8,1.58,14.52,,
2019-12-06,,0.23,,-0.2546,59.2,1.84,1.61,13.62,,
2019-12-09,,0.2,,,58.99,1.83,1.63,15.86,,
2019-12-10,,0.2,,,59.22,1.85,1.65,15.68,,
2019-12-11,,0.18,,,58.74,1.79,1.61,14.99,,
2019-12-12,,0.24,,,59.18,1.9,1.66,13.94,,
2019-12-13,,0.21,,-0.4438,60.11,1.82,1.61,12.63,,
2019-12-16,,0.24,,,60.21,1.89,1.65,12.14,,
2019-12-17,,0.26,,,60.88,1.89,1.63,12.29,,
2019-12-18,,0.29,,,60.93,1.92,1.63,12.58,,
2019-12-19,,0.3,,,61.3,1.92,1.62,12.5,,
2019-12-20,,0.29,,-0.5439,60.43,1.92,1.63,12.51,,
2019-12-23,,0.29,,,60.51,1.93,1.64,12.61,,
2019-12-24,,0.28,,,61.17,1.9,1.62,12.67,,
2019-12-25,,,,,,,,,,
2019-12-26,,0.26,,,61.72,1.9,1.64,12.65,,
2019-12-27,,0.29,,-0.3571,61.76,1.88,1.59,13.43,,
2019-12-30,,0.32,,,61.66,1.9,1.58,14.82,,
2019-12-31,,0.34,,,61.14,1.92,1.58,13.78,,
2020-01-01,1.55,,,,,,,,99.8,0.0
2020-01-02,,0.3,,,61.17,1.88,1.58,12.47,,
2020-01-03,,0.27,,-0.3706,63.0,1.8,1.53,14.02,,
2020-01-06,,0.27,,,63.27,1.81,1.54,13.85,,
2020-01-07,,0.29,,,62.7,1.83,1.54,13.79,,
2020-01-08,,0.29,,,59.65,1.87,1.58,13.45,,
2020-01-09,,0.27,,,59.56,1.85,1.58,12.54,,
2020-01-10,,0.27,,-0.4812,59.02,1.83,1.56,12.56,,
2020-01-13,,0.27,,,58.17,1.85,1.58,12.32,,
2020-01-14,,0.24,,,58.34,1.82,1.58,12.39,,
2020-01-15,,0.23,,,57.86,1.79,1.56,12.42,,
2020-01-16,,0.23,,,58.52,1.81,1.58,12.32,,
2020-01-17,,0.26,,-0.6538,58.55,1.84,1.58,12.1,,
2020-01-20,,,,,,,,,,
2020-01-21,,0.25,,,58.25,1.78,1.53,12.85,,
2020-01-22,,0.24,,,56.76,1.77,1.53,12.91,,
2020-01-23,,0.23,,,55.51,1.74,1.51,12.98,,
2020-01-24,,0.21,,-0.5183,54.09,1.7,1.49,14.56,,
2020-01-27,,0.17,,,53.09,1.61,1.44,18.23,,
2020-01-28,,0.2,,,53.33,1.65,1.45,16.28,,
2020-01-29,,0.18,,,53.29,1.6,1.42,16.39,,
2020-01-30,,0.16,,,52.19,1.57,1.41,15.49,,
2020-01-31,,0.18,,-0.2135,51.58,1.51,1.33,18.84,,
2020-02-01,1.58,,,,,,,,101.0,0.0
2020-02-03,,0.18,,,50.06,1.54,1.36,17.97,,
2020-02-04,,0.2,,,49.59,1.61,1.41,16.05,,
2020-02-05,,0.22,,,50.87,1.66,1.44,15.15,,
2020-02-06,,0.21,,,50.94,1.65,1.44,14.96,,
2020-02-07,,0.18,,-0.5776,50.34,1.59,1.41,15.47,,
2020-02-10,,0.19,,,49.59,1.56,1.37,15.04,,
2020-02-11,,0.18,,,50.0,1.59,1.41,15.18,,
2020-02-12,,0.18,,,51.13,1.62,1.44,13.74,,
2020-02-13,,0.17,,,51.41,1.61,1.44,14.15,,
2020-02-14,,0.17,,-0.69,52.03,1.59,1.42,13.68,,
2020-02-17,,,,,,,,,,
2020-02-18,,0.14,,,52.1,1.55,1.41,14.83,,
2020-02-19,,0.14,,,53.31,1.56,1.42,14.38,,
2020-02-20,,0.13,,,53.77,1.52,1.39,15.56,,
2020-02-21,,0.12,,-0.5539,53.36,1.46,1.34,17.08,,
2020-02-24,,0.12,,,51.36,1.38,1.26,25.03,,
2020-02-25,,0.13,,,49.78,1.33,1.2,27.85,,
2020-02-26,,0.17,,,48.67,1.33,1.16,27.56,,
2020-02-27,,0.19,,,47.17,1.3,1.11,39.16,,
2020-02-28,,0.27,,0.5975,44.83,1.13,0.86,40.11,,
2020-03-01,0.65,,,,,,,,89.1,1.0
2020-03-02,,0.26,,,46.78,1.1,0.84,33.42,,
2020-03-03,,0.31,,,47.27,1.02,0.71,36.82,,
2020-03-04,,0.35,,,46.78,1.02,0.67,31.99,,
2020-03-05,,0.33,,,45.9,0.92,0.59,39.62,,
2020-03-06,,0.25,,1.2537,41.14,0.74,0.49,41.94,,
2020-03-09,,0.16,,,31.05,0.54,0.38,54.46,,
2020-03-10,,0.26,,,34.47,0.76,0.5,47.3,,
2020-03-11,,0.32,,,33.13,0.82,0.5,53.9,,
2020-03-12,,0.38,,,31.56,0.88,0.5,75.47,,
2020-03-13,,0.45,,3.3351,31.72,0.94,0.49,57.83,,
2020-03-16,,0.37,,,28.96,0.73,0.36,82.69,,
2020-03-17,,0.55,,,26.96,1.02,0.47,75.91,,
2020-03-18,,0.64,,,20.48,1.18,0.54,76.45,,
2020-03-19,,0.68,,,25.09,1.12,0.44,72.0,,
2020-03-20,,0.55,,5.4035,19.48,0.92,0.37,66.04,,
2020-03-23,,0.48,,,23.33,0.76,0.28,61.59,,
2020-03-24,,0.46,,,21.03,0.84,0.38,61.67,,
2020-03-25,,0.54,,,20.75,0.88,0.34,63.95,,
2020-03-26,,0.53,,,16.6,0.83,0.3,61.0,,
2020-03-27,,0.47,,5.0694,15.48,0.72,0.25,65.54,,
2020-03-30,,0.47,,,14.1,0.7,0.23,57.08,,
2020-03-31,,0.47,,,20.51,0.7,0.23,53.54,,
2020-04-01,0.05,0.39,,,20.28,0.62,0.23,57.06,71.8,1.0
2020-04-02,,0.4,,,25.18,0.63,0.23,50.91,,
2020-04-03,,0.39,,2.6125,28.36,0.62,0.23,46.8,,
2020-04-06,,0.4,,,26.21,0.67,0.27,45.24,,
2020-04-07,,0.47,,,23.54,0.75,0.28,46.7,,
2020-04-08,,0.5,,,24.97,0.77,0.27,43.35,,
2020-04-09,,0.5,,,22.9,0.73,0.23,41.67,,
2020-04-10,,,,2.0904,,,,,,
2020-04-13,,0.51,,,22.36,0.76,0.25,41.17,,
2020-04-14,,0.53,,,20.15,0.76,0.23,37.76,,
2020-04-15,,0.43,,,19.96,0.63,0.2,40.84,,
2020-04-16,,0.41,,,19.82,0.61,0.2,40.11,,
2020-04-17,,0.45,,1.3838,18.31,0.65,0.2,38.15,,
2020-04-20,,0.43,,,-36.98,0.63,0.2,43.83,,
2020-04-21,,0.38,,,8.91,0.58,0.2,45.41,,
2020-04-22,,0.41,,,13.64,0.63,0.22,41.98,,
2020-04-23,,0.39,,,15.06,0.61,0.22,41.38,,
2020-04-24,,0.38,,2.0249,15.99,0.6,0.22,35.93,,
2020-04-27,,0.43,,,12.17,0.67,0.24,33.29,,
2020-04-28,,0.42,,,12.4,0.62,0.2,33.57,,
2020-04-29,,0.43,,,15.04,0.63,0.2,31.23,,
2020-04-30,,0.44,,,19.23,0.64,0.2,34.15,,
2020-05-01,0.05,0.44,,0.9075,19.72,0.64,0.2,37.19,72.3,0.0
2020-05-04,,0.45,,,20.47,0.64,0.19,35.97,,
2020-05-05,,0.47,,,24.56,0.66,0.19,33.61,,
2020-05-06,,0.55,,,23.88,0.72,0.17,34.12,,
2020-05-07,,0.5,,,23.68,0.63,0.13,31.44,,
2020-05-08,,0.53,,0.6498,24.73,0.69,0.16,27.98,,
2020-05-11,,0.56,,,24.02,0.73,0.17,27.57,,
2020-05-12,,0.52,,,25.76,0.69,0.17,33.04,,
2020-05-13,,0.48,,,25.37,0.64,0.16,35.28,,
2020-05-14,,0.47,,,27.4,0.63,0.16,32.61,,
2020-05-15,,0.48,,0.6533,29.44,0.64,0.16,31.89,,
2020-05-18,,0.55,,,31.83,0.73,0.18,29.3,,
2020-05-19,,0.53,,,32.3,0.7,0.17,30.53,,
2020-05-20,,0.52,,,33.56,0.68,0.16,27.99,,
2020-05-21,,0.51,,,34.3,0.68,0.17,29.53,,
2020-05-22,,0.49,,0.1584,33.49,0.66,0.17,28.16,,
2020-05-25,,,,,,,,,,
2020-05-26,,0.51,,,34.7,0.69,0.18,28.01,,
2020-05-27,,0.49,,,32.8,0.68,0.19,27.62,,
2020-05-28,,0.53,,,33.67,0.7,0.17,28.59,,
2020-05-29,,0.49,,-0.0803,35.57,0.65,0.16,27.51,,
2020-06-01,0.08,0.52,,,35.49,0.66,0.14,28.23,78.1,0.0
2020-06-02,,0.51,,,36.88,0.68,0.17,26.84,,
2020-06-03,,0.58,,,37.33,0.77,0.19,25.66,,
2020-06-04,,0.63,,,37.42,0.82,0.19,25.81,,
2020-06-05,,0.69,,-0.3645,39.49,0.91,0.22,24.52,,
2020-06-08,,0.66,,,38.17,0.88,0.22,25.81,,
2020-06-09,,0.64,,,38.98,0.84,0.2,27.57,,
2020-06-10,,0.58,,,39.54,0.75,0.17,27.57,,
2020-06-11,,0.47,,,36.43,0.66,0.19,40.79,,
2020-06-12,,0.52,,0.0371,36.24,0.71,0.19,36.09,,
2020-06-15,,0.52,,,37.07,0.71,0.19,34.4,,
2020-06-16,,0.54,,,38.26,0.75,0.21,33.67,,
2020-06-17,,0.55,,,37.91,0.74,0.19,33.47,,
2020-06-18,,0.52,,,38.79,0.71,0.19,32.94,,
2020-06-19,,0.51,,0.2577,39.72,0.7,0.19,35.12,,
2020-06-22,,0.52,,,40.6,0.71,0.19,31.77,,
2020-06-23,,0.54,,,40.4,0.72,0.18,31.37,,
2020-06-24,,0.5,,,37.91,0.69,0.19,33.84,,
2020-06-25,,0.51,,,38.66,0.68,0.17,32.22,,
2020-06-26,,0.47,,0.2953,38.53,0.64,0.17,34.73,,
2020-06-29,,0.48,,,39.67,0.64,0.16,31.78,,
2020-06-30,,0.5,,,39.27,0.66,0.16,30.43,,
2020-07-01,0.09,0.52,,,39.88,0.69,0.17,28.62,72.5,0.0
2020-07-02,,0.52,,,40.57,0.68,0.16,27.68,,
2020-07-03,,,,0.2023,,,,,,
2020-07-06,,0.53,,,40.51,0.69,0.16,27.94,,
2020-07-07,,0.49,,,40.59,0.65,0.16,29.43,,
2020-07-08,,0.51,,,40.91,0.67,0.16,28.08,,
2020-07-09,,0.46,,,39.64,0.62,0.16,29.26,,
2020-07-10,,0.49,,-0.0957,40.56,0.65,0.16,27.29,,
2020-07-13,,0.48,,,40.06,0.64,0.16,32.19,,
2020-07-14,,0.49,,,40.3,0.63,0.14,29.52,,
2020-07-15,,0.48,,,41.2,0.64,0.16,27.76,,
2020-07-16,,0.46,,,40.74,0.62,0.16,28.0,,
2020-07-17,,0.5,,-0.1305,40.55,0.64,0.14,25.68,,
2020-07-20,,0.46,,,40.83,0.62,0.16,24.46,,
2020-07-21,,0.47,,,41.76,0.61,0.14,24.84,,
2020-07-22,,0.46,,,41.88,0.6,0.14,24.32,,
2020-07-23,,0.43,,,40.99,0.59,0.16,26.08,,
2020-07-24,,0.45,,-0.4162,41.23,0.59,0.14,25.84,,
2020-07-27,,0.47,,,41.46,0.62,0.15,24.74,,
2020-07-28,,0.45,,,40.89,0.59,0.14,25.44,,
2020-07-29,,0.46,,,41.13,0.58,0.12,24.1,,
2020-07-30,,0.44,,,39.85,0.55,0.11,24.76,,
2020-07-31,,0.44,,-0.2497,40.1,0.55,0.11,24.46,,
2020-08-01,0.1,,,,,,,,74.1,0.0
2020-08-03,,0.45,,,40.83,0.56,0.11,24.28,,
2020-08-04,,0.41,,,41.67,0.52,0.11,23.76,,
2020-08-05,,0.44,,,42.25,0.55,0.11,22.99,,
2020-08-06,,0.44,,,41.93,0.55,0.11,22.65,,
2020-08-07,,0.44,,-0.3675,41.16,0.57,0.13,22.21,,
2020-08-10,,0.45,,,41.94,0.59,0.14,22.13,,
2020-08-11,,0.48,,,41.53,0.64,0.16,24.03,,
2020-08-12,,0.53,,,42.6,0.69,0.16,22.28,,
2020-08-13,,0.55,,,42.26,0.71,0.16,22.13,,
2020-08-14,,0.57,,-0.4371,42.05,0.71,0.14,22.05,,
2020-08-17,,0.55,,,42.89,0.69,0.14,21.35,,
2020-08-18,,0.53,,,42.89,0.67,0.14,21.51,,
2020-08-19,,0.54,,,42.91,0.68,0.14,22.54,,
2020-08-20,,0.52,,,42.62,0.65,0.13,22.72,,
2020-08-21,,0.48,,-0.2209,42.32,0.64,0.16,22.54,,
2020-08-24,,0.51,,,42.44,0.65,0.14,22.37,,
2020-08-25,,0.54,,,43.17,0.69,0.15,22.03,,
2020-08-26,,0.53,,,43.21,0.69,0.16,23.27,,
2020-08-27,,0.58,,,42.88,0.74,0.16,24.47,,
2020-08-28,,0.6,,-0.4395,42.96,0.74,0.14,22.96,,
2020-08-31,,0.58,,,42.61,0.72,0.14,26.41,,
2020-09-01,0.09,0.55,,,42.76,0.68,0.13,26.12,80.4,0.0
2020-09-02,,0.52,,,42.76,0.66,0.14,26.57,,
2020-09-03,,0.5,,,41.39,0.63,0.13,33.6,,
2020-09-04,,0.58,,-0.2808,39.69,0.72,0.14,30.75,,
2020-09-07,,,,,,,,,,
2020-09-08,,0.55,,,36.87,0.69,0.14,31.46,,
2020-09-09,,0.57,,,38.05,0.71,0.14,28.81,,
2020-09-10,,0.54,,,37.25,0.68,0.14,29.71,,
2020-09-11,,0.54,,-0.1029,37.33,0.67,0.13,26.87,,
2020-09-14,,0.54,,,37.23,0.68,0.14,25.85,,
2020-09-15,,0.54,,,38.29,0.68,0.14,25.59,,
2020-09-16,,0.55,,,40.17,0.69,0.14,26.04,,
2020-09-17,,0.56,,,40.99,0.69,0.13,26.46,,
2020-09-18,,0.56,,-0.3479,41.09,0.7,0.14,25.83,,
2020-09-21,,0.54,,,39.26,0.68,0.14,27.78,,
2020-09-22,,0.55,,,39.55,0.68,0.13,26.86,,
2020-09-23,,0.54,,,39.92,0.68,0.14,28.58,,
2020-09-24,,0.53,,,40.11,0.67,0.14,28.51,,
2020-09-25,,0.54,,0.0348,40.06,0.66,0.12,26.38,,
2020-09-28,,0.53,,,40.47,0.67,0.14,26.19,,
2020-09-29,,0.55,,,39.03,0.66,0.11,26.27,,
2020-09-30,,0.56,,,40.05,0.69,0.13,26.37,,
2020-10-01,0.09,0.54,,,38.51,0.68,0.14,26.7,81.8,0.0
2020-10-02,,0.57,,-0.324,36.9,0.7,0.13,27.63,,
2020-10-05,,0.64,,,39.12,0.78,0.14,27.96,,
2020-10-06,,0.62,,,40.52,0.76,0.14,29.48,,
2020-10-07,,0.65,,,39.82,0.81,0.16,28.06,,
2020-10-08,,0.65,,,41.04,0.78,0.13,26.36,,
2020-10-09,,0.63,,-0.484,40.44,0.79,0.16,25.0,,
2020-10-12,,,,,39.22,,,25.07,,
2020-10-13,,0.58,,,40.03,0.74,0.16,26.07,,
2020-10-14,,0.59,,,40.86,0.73,0.14,26.4,,
2020-10-15,,0.6,,,40.84,0.74,0.14,26.97,,
2020-10-16,,0.62,,-0.3157,40.7,0.76,0.14,27.41,,
2020-10-19,,0.62,,,40.69,0.78,0.16,29.18,,
2020-10-20,,0.67,,,41.37,0.81,0.14,29.35,,
2020-10-21,,0.69,,,39.88,0.83,0.14,28.65,,
2020-10-22,,0.71,,,40.46,0.87,0.16,28.11,,
2020-10-23,,0.67,,-0.2544,39.73,0.85,0.18,27.55,,
2020-10-26,,0.65,,,38.39,0.81,0.16,32.46,,
2020-10-27,,0.63,,,39.34,0.79,0.16,33.35,,
2020-10-28,,0.63,,,37.27,0.79,0.16,40.28,,
2020-10-29,,0.69,,,35.94,0.85,0.16,37.59,,
2020-10-30,,0.74,,0.1374,35.64,0.88,0.14,38.02,,
2020-11-01,0.09,,,,,,,,76.9,0.0
2020-11-02,,0.71,,,36.6,0.87,0.16,37.13,,
2020-11-03,,0.73,,,37.44,0.9,0.17,35.55,,
2020-11-04,,0.64,,,38.97,0.78,0.14,29.57,,
2020-11-05,,0.65,,,38.56,0.79,0.14,27.58,,
2020-11-06,,0.67,,-0.3507,36.97,0.83,0.16,24.86,,
2020-11-09,,0.79,,,40.05,0.96,0.17,25.75,,
2020-11-10,,0.79,,,41.18,0.98,0.19,24.8,,
2020-11-11,,,,,41.23,,,23.45,,
2020-11-12,,0.71,,,40.9,0.88,0.17,25.35,,
2020-11-13,,0.72,,-0.7946,39.93,0.89,0.17,23.1,,
2020-11-16,,0.72,,,41.14,0.91,0.19,22.45,,
2020-11-17,,0.69,,,41.24,0.87,0.18,22.71,,
2020-11-18,,0.72,,,41.64,0.88,0.16,23.84,,
2020-11-19,,0.68,,,41.57,0.86,0.18,23.11,,
2020-11-20,,0.67,,-0.4307,41.99,0.83,0.16,23.7,,
2020-11-23,,0.7,,,42.91,0.86,0.16,22.66,,
2020-11-24,,0.72,,,44.71,0.88,0.16,21.64,,
2020-11-25,,0.71,,,45.58,0.88,0.17,21.25,,
2020-11-26,,,,,,,,,,
2020-11-27,,0.68,,-0.6145,,0.84,0.16,20.84,,
2020-11-30,,0.68,,,45.2,0.84,0.16,20.57,,
2020-12-01,0.09,0.75,,,44.54,0.92,0.17,20.77,80.7,0.0
2020-12-02,,0.79,,,45.23,0.95,0.16,21.17,,
2020-12-03,,0.76,,,45.65,0.92,0.16,21.28,,
2020-12-04,,0.81,,-0.6537,46.23,0.97,0.16,20.79,,
2020-12-07,,0.8,,,45.72,0.94,0.14,21.3,,
2020-12-08,,0.78,,,45.64,0.92,0.14,20.68,,
2020-12-09,,0.79,,,45.48,0.95,0.16,22.27,,
2020-12-10,,0.78,,,46.76,0.92,0.14,22.52,,
2020-12-11,,0.79,,-0.5851,46.59,0.9,0.11,23.31,,
2020-12-14,,0.77,,,47.02,0.9,0.13,24.72,,
2020-12-15,,0.81,,,47.58,0.92,0.11,22.89,,
2020-12-16,,0.79,,,47.86,0.92,0.13,22.5,,
2020-12-17,,0.81,,,48.34,0.94,0.13,21.93,,
2020-12-18,,0.82,,-0.5192,49.04,0.95,0.13,21.57,,
2020-12-21,,0.82,,,47.79,0.95,0.13,25.16,,
2020-12-22,,0.8,,,47.02,0.93,0.13,24.23,,
2020-12-23,,0.83,,,47.94,0.96,0.13,23.31,,
2020-12-24,,0.81,,,48.18,0.94,0.13,21.53,,
2020-12-25,,,,-0.5503,,,,,,
2020-12-28,,0.81,,,47.5,0.94,0.13,21.7,,
2020-12-29,,0.82,,,47.85,0.94,0.12,23.08,,
2020-12-30,,0.81,,,48.24,0.93,0.12,22.77,,
2020-12-31,,0.8,,,48.35,0.93,0.13,22.75,,
2021-01-01,0.09,,,-0.6651,,,,,79.0,0.0
2021-01-04,,0.82,,,47.47,0.93,0.11,26.97,,
2021-01-05,,0.83,,,49.78,0.96,0.13,25.34,,
2021-01-06,,0.9,,,50.45,1.04,0.14,25.07,,
2021-01-07,,0.94,,,50.63,1.08,0.14,22.37,,
2021-01-08,,0.99,,-0.6651,52.14,1.13,0.14,21.56,,
2021-01-11,,1.01,,,52.15,1.15,0.14,24.08,,
2021-01-12,,1.01,,,53.08,1.15,0.14,23.33,,
2021-01-13,,0.96,,,52.81,1.1,0.14,22.21,,
2021-01-14,,0.99,,,53.47,1.15,0.16,23.25,,
2021-01-15,,0.98,,-0.7138,52.25,1.11,0.13,24.34,,
2021-01-18,,,,,,,,,,
2021-01-19,,0.96,,,52.87,1.1,0.14,23.24,,
2021-01-20,,0.97,,,53.16,1.1,0.13,21.58,,
2021-01-21,,0.99,,,53.0,1.12,0.13,21.32,,
2021-01-22,,0.97,,-0.7099,52.28,1.1,0.13,21.91,,
2021-01-25,,0.92,,,52.78,1.05,0.13,23.19,,
2021-01-26,,0.94,,,52.61,1.05,0.11,23.02,,
2021-01-27,,0.92,,,52.81,1.04,0.12,37.21,,
2021-01-28,,0.95,,,52.26,1.07,0.12,30.21,,
2021-01-29,,1.0,,-0.4176,52.16,1.11,0.11,33.09,,
2021-02-01,0.08,0.98,,,53.55,1.09,0.11,30.24,76.8,0.0
2021-02-02,,1.01,,,54.77,1.12,0.11,25.56,,
2021-02-03,,1.04,,,55.67,1.15,0.11,22.91,,
2021-02-04,,1.04,,,56.19,1.15,0.11,21.77,,
2021-02-05,,1.1,,-0.7397,56.8,1.19,0.09,20.87,,
2021-02-08,,1.08,,,57.95,1.19,0.11,21.24,,
2021-02-09,,1.07,,,58.34,1.18,0.11,21.63,,
2021-02-10,,1.04,,,58.69,1.15,0.11,21.99,,
2021-02-11,,1.05,,,58.22,1.16,0.11,21.25,,
2021-02-12,,1.09,,-0.8907,59.5,1.2,0.11,19.97,,
2021-02-15,,,,,,,,,,
2021-02-16,,1.17,,,60.07,1.3,0.13,21.46,,
2021-02-17,,1.18,,,61.09,1.29,0.11,21.5,,
2021-02-18,,1.18,,,60.4,1.29,0.11,22.49,,
2021-02-19,,1.23,,-0.7782,59.12,1.34,0.11,22.05,,
2021-02-22,,1.26,,,61.67,1.37,0.11,23.45,,
2021-02-23,,1.26,,,61.66,1.37,0.11,23.11,,
2021-02-24,,1.26,,,63.21,1.38,0.12,21.34,,
2021-02-25,,1.37,,,63.43,1.54,0.17,28.89,,
2021-02-26,,1.3,,-0.5688,61.55,1.44,0.14,27.95,,
2021-03-01,0.07,1.32,,,60.54,1.45,0.13,23.35,84.9,0.0
2021-03-02,,1.29,,,59.7,1.42,0.13,24.1,,
2021-03-03,,1.33,,,61.33,1.47,0.14,26.67,,
2021-03-04,,1.4,,,63.81,1.54,0.14,28.57,,
2021-03-05,,1.42,,-0.5425,66.08,1.56,0.14,24.66,,
2021-03-08,,1.42,,,65.03,1.59,0.17,25.47,,
2021-03-09,,1.38,,,64.02,1.55,0.17,24.03,,
2021-03-10,,1.37,,,64.45,1.53,0.16,22.56,,
2021-03-11,,1.4,,,66.02,1.54,0.14,21.91,,
2021-03-12,,1.5,,-0.641,65.59,1.64,0.14,20.69,,
2021-03-15,,1.48,,,65.36,1.62,0.14,20.03,,
2021-03-16,,1.47,,,64.82,1.62,0.15,19.79,,
2021-03-17,,1.5,,,64.55,1.63,0.13,19.23,,
2021-03-18,,1.55,,,59.95,1.71,0.16,21.58,,
2021-03-19,,1.58,,-0.6636,61.43,1.74,0.16,20.95,,
2021-03-22,,1.54,,,61.48,1.69,0.15,18.88,,
2021-03-23,,1.48,,,57.75,1.63,0.15,20.3,,
2021-03-24,,1.48,,,61.12,1.62,0.14,21.2,,
2021-03-25,,1.49,,,58.47,1.63,0.14,19.81,,
2021-03-26,,1.53,,-0.6788,60.93,1.67,0.14,18.86,,
2021-03-29,,1.59,,,61.49,1.73,0.14,20.74,,
2021-03-30,,1.57,,,60.55,1.73,0.16,19.61,,
2021-03-31,,1.58,,,59.19,1.74,0.16,19.4,,
2021-04-01,0.07,1.52,,,61.41,1.69,0.17,17.33,88.3,0.0
2021-04-02,,1.53,,-0.7889,,1.72,0.19,,,
2021-04-05,,1.56,,,58.73,1.73,0.17,17.91,,
2021-04-06,,1.51,,,59.34,1.67,0.16,18.12,,
2021-04-07,,1.52,,,59.77,1.68,0.16,17.16,,
2021-04-08,,1.5,,,59.61,1.64,0.14,16.95,,
2021-04-09,,1.51,,-0.8915,59.29,1.67,0.16,16.69,,
2021-04-12,,1.51,,,59.7,1.69,0.18,16.91,,
2021-04-13,,1.48,,,60.2,1.64,0.16,16.65,,
2021-04-14,,1.48,,,63.15,1.64,0.16,16.99,,
2021-04-15,,1.4,,,63.42,1.56,0.16,16.57,,
2021-04-16,,1.43,,-0.8406,63.16,1.59,0.16,16.25,,
2021-04-19,,1.45,,,63.33,1.61,0.16,17.29,,
2021-04-20,,1.43,,,62.61,1.58,0.15,18.68,,
2021-04-21,,1.42,,,61.34,1.57,0.15,17.5,,
2021-04-22,,1.41,,,61.45,1.57,0.16,18.71,,
2021-04-23,,1.42,,-0.7815,62.18,1.58,0.16,17.33,,
2021-04-26,,1.4,,,62.02,1.58,0.18,17.64,,
2021-04-27,,1.46,,,63.03,1.63,0.17,17.56,,
2021-04-28,,1.46,,,63.81,1.63,0.17,17.28,,
2021-04-29,,1.49,,,65.0,1.65,0.16,17.61,,
2021-04-30,,1.49,,-0.904,63.5,1.65,0.16,18.61,,
2021-05-01,0.06,,,,,,,,82.9,0.0
2021-05-03,,1.47,,,64.46,1.63,0.16,18.31,,
2021-05-04,,1.45,,,65.72,1.61,0.16,19.48,,
2021-05-05,,1.43,,,65.63,1.59,0.16,19.15,,
2021-05-06,,1.42,,,64.73,1.58,0.16,18.39,,
2021-05-07,,1.46,,-0.9168,64.96,1.6,0.14,16.69,,
2021-05-10,,1.47,,,64.92,1.63,0.16,19.66,,
2021-05-11,,1.48,,,65.31,1.64,0.16,21.84,,
2021-05-12,,1.53,,,65.96,1.69,0.16,27.59,,
2021-05-13,,1.5,,,63.82,1.66,0.16,23.13,,
2021-05-14,,1.47,,-0.8489,65.32,1.63,0.16,18.81,,
2021-05-17,,1.48,,,66.24,1.64,0.16,19.72,,
2021-05-18,,1.48,,,65.49,1.64,0.16,21.34,,
2021-05-19,,1.52,,,63.28,1.68,0.16,22.18,,
2021-05-20,,1.48,,,61.95,1.63,0.15,20.67,,
2021-05-21,,1.46,,-0.8324,63.61,1.63,0.17,20.15,,
2021-05-24,,1.46,,,66.13,1.61,0.15,18.4,,
2021-05-25,,1.41,,,66.27,1.56,0.15,18.84,,
2021-05-26,,1.44,,,66.41,1.58,0.14,17.36,,
2021-05-27,,1.47,,,66.87,1.61,0.14,16.74,,
2021-05-28,,1.44,,-0.9479,66.31,1.58,0.14,16.76,,
2021-05-31,,,,,,,,,,
2021-06-01,0.08,1.46,,,67.8,1.62,0.16,17.9,85.5,0.0
2021-06-02,,1.46,,,68.79,1.59,0.13,17.48,,
2021-06-03,,1.47,,,68.81,1.63,0.16,18.04,,
2021-06-04,,1.42,,-0.9874,69.57,1.56,0.14,16.42,,
2021-06-07,,1.41,,,69.21,1.57,0.16,16.42,,
2021-06-08,,1.39,,,70.11,1.53,0.14,17.07,,
2021-06-09,,1.34,,,69.9,1.5,0.16,17.89,,
2021-06-10,,1.31,,,70.34,1.45,0.14,16.1,,
2021-06-11,,1.31,,-0.9577,71.0,1.47,0.16,15.65,,
2021-06-14,,1.35,,,70.94,1.51,0.16,16.39,,
2021-06-15,,1.35,,,72.06,1.51,0.16,17.02,,
2021-06-16,,1.36,,,72.03,1.57,0.21,18.15,,
2021-06-17,,1.29,,,71.06,1.52,0.23,17.75,,
2021-06-18,,1.19,,-0.9086,71.64,1.45,0.26,20.7,,
2021-06-21,,1.23,,,73.64,1.5,0.27,17.89,,
2021-06-22,,1.23,,,73.15,1.48,0.25,16.66,,
2021-06-23,,1.24,,,73.11,1.5,0.26,16.32,,
2021-06-24,,1.23,,,73.31,1.49,0.26,15.97,,
2021-06-25,,1.26,,-0.9619,74.21,1.54,0.28,15.62,,
2021-06-28,,1.24,,,72.98,1.49,0.25,15.76,,
2021-06-29,,1.22,,,73.14,1.49,0.27,16.02,,
2021-06-30,,1.2,,,73.52,1.45,0.25,15.83,,
2021-07-01,0.1,1.23,,,75.33,1.48,0.25,15.48,81.2,0.0
2021-07-02,,1.2,,-1.0022,75.37,1.44,0.24,15.07,,
2021-07-05,,,,,,,,,,
2021-07-06,,1.15,,,73.62,1.37,0.22,16.44,,
2021-07-07,,1.11,,,72.22,1.33,0.22,16.2,,
2021-07-08,,1.11,,,72.98,1.3,0.19,19.0,,
2021-07-09,,1.14,,-0.8704,74.56,1.37,0.23,16.18,,
2021-07-12,,1.15,,,74.21,1.38,0.23,16.17,,
2021-07-13,,1.16,,,75.24,1.42,0.26,17.12,,
2021-07-14,,1.14,,,73.06,1.37,0.23,16.33,,
2021-07-15,,1.08,,,71.67,1.31,0.23,17.01,,
2021-07-16,,1.06,,-0.9687,71.76,1.31,0.25,18.45,,
2021-07-19,,0.98,,,66.45,1.19,0.21,22.5,,
2021-07-20,,1.03,,,67.32,1.23,0.2,19.73,,
2021-07-21,,1.08,,,70.26,1.3,0.22,17.91,,
2021-07-22,,1.07,,,72.15,1.27,0.2,17.69,,
2021-07-23,,1.08,,-0.7151,72.24,1.3,0.22,17.2,,
2021-07-26,,1.07,,,72.15,1.29,0.22,17.58,,
2021-07-27,,1.05,,,71.68,1.25,0.2,19.36,,
2021-07-28,,1.06,,,72.37,1.26,0.2,18.31,,
2021-07-29,,1.08,,,73.62,1.28,0.2,17.7,,
2021-07-30,,1.05,,-0.9347,73.93,1.24,0.19,18.24,,
2021-08-01,0.09,,,,,,,,70.3,0.0
2021-08-02,,1.03,,,71.31,1.2,0.17,19.46,,
2021-08-03,,1.02,,,70.64,1.19,0.17,18.04,,
2021-08-04,,1.02,,,68.19,1.19,0.17,17.97,,
2021-08-05,,1.02,,,69.1,1.23,0.21,17.28,,
2021-08-06,,1.1,,-0.8569,68.26,1.31,0.21,16.15,,
2021-08-09,,1.1,,,66.56,1.33,0.23,16.72,,
2021-08-10,,1.12,,,68.33,1.36,0.24,16.79,,
2021-08-11,,1.12,,,69.3,1.35,0.23,16.06,,
2021-08-12,,1.13,,,69.12,1.36,0.23,15.59,,
2021-08-13,,1.06,,-1.0548,68.36,1.29,0.23,15.45,,
2021-08-16,,1.05,,,67.44,1.26,0.21,16.12,,
2021-08-17,,1.03,,,66.5,1.26,0.23,17.91,,
2021-08-18,,1.04,,,65.36,1.27,0.23,21.57,,
2021-08-19,,1.02,,,63.69,1.24,0.22,21.67,,
2021-08-20,,1.03,,-0.8095,62.25,1.26,0.23,18.56,,
2021-08-23,,1.02,,,65.65,1.25,0.23,17.15,,
2021-08-24,,1.05,,,67.5,1.29,0.24,17.22,,
2021-08-25,,1.12,,,68.54,1.35,0.23,16.79,,
2021-08-26,,1.09,,,67.42,1.34,0.25,18.84,,
2021-08-27,,1.09,,-0.9931,68.84,1.31,0.22,16.39,,
2021-08-30,,1.09,,,69.28,1.29,0.2,16.19,,
2021-08-31,,1.1,,,68.43,1.3,0.2,16.48,,
2021-09-01,0.08,1.11,,,68.63,1.31,0.2,16.11,72.8,0.0
2021-09-02,,1.09,,,70.07,1.29,0.2,16.41,,
2021-09-03,,1.12,,-0.9839,69.34,1.33,0.21,16.41,,
2021-09-06,,,,,,,,,,
2021-09-07,,1.16,,,68.49,1.38,0.22,18.14,,
2021-09-08,,1.13,,,69.36,1.35,0.22,17.96,,
2021-09-09,,1.07,,,68.26,1.3,0.23,18.8,,
2021-09-10,,1.12,,-0.9638,69.82,1.35,0.23,20.95,,
2021-09-13,,1.12,,,70.54,1.33,0.21,19.37,,
2021-09-14,,1.07,,,70.53,1.28,0.21,19.46,,
2021-09-15,,1.1,,,72.59,1.31,0.21,18.18,,
2021-09-16,,1.11,,,72.69,1.34,0.23,18.69,,
2021-09-17,,1.14,,-0.9271,72.09,1.37,0.23,20.81,,
2021-09-20,,1.08,,,70.41,1.31,0.23,25.71,,
2021-09-21,,1.11,,,70.51,1.33,0.22,24.36,,
2021-09-22,,1.07,,,72.37,1.32,0.25,20.87,,
2021-09-23,,1.14,,,73.43,1.41,0.27,18.63,,
2021-09-24,,1.18,,-0.7898,74.18,1.47,0.29,17.75,,
2021-09-27,,1.17,,,75.54,1.48,0.31,18.76,,
2021-09-28,,1.23,,,75.44,1.54,0.31,23.25,,
2021-09-29,,1.25,,,75.06,1.55,0.3,22.56,,
2021-09-30,,1.24,,,75.22,1.52,0.28,23.14,,
2021-10-01,0.08,1.21,,-0.8845,76.01,1.48,0.27,21.15,71.7,0.0
2021-10-04,,1.22,,,77.68,1.49,0.27,22.96,,
2021-10-05,,1.26,,,79.17,1.54,0.28,21.3,,
2021-10-06,,1.23,,,77.66,1.53,0.3,21.0,,
2021-10-07,,1.26,,,78.46,1.58,0.32,19.54,,
2021-10-08,,1.29,,-0.8775,79.55,1.61,0.32,18.77,,
2021-10-11,,,,,80.64,,,20.0,,
2021-10-12,,1.24,,,80.75,1.59,0.35,19.85,,
2021-10-13,,1.19,,,80.67,1.56,0.37,18.64,,
2021-10-14,,1.16,,,81.43,1.52,0.36,16.86,,
2021-10-15,,1.18,,-0.9728,82.39,1.59,0.41,16.3,,
2021-10-18,,1.15,,,82.62,1.59,0.44,16.31,,
2021-10-19,,1.24,,,83.19,1.65,0.41,15.7,,
2021-10-20,,1.25,,,84.4,1.65,0.4,15.49,,
2021-10-21,,1.23,,,82.64,1.68,0.45,15.01,,
2021-10-22,,1.18,,-1.1315,84.53,1.66,0.48,15.43,,
2021-10-25,,1.17,,,84.64,1.64,0.47,15.24,,
2021-10-26,,1.16,,,85.64,1.63,0.47,15.98,,
2021-10-27,,1.04,,,82.66,1.54,0.5,16.98,,
2021-10-28,,1.07,,,82.78,1.57,0.5,16.53,,
2021-10-29,,1.07,,-0.9988,83.5,1.55,0.48,16.26,,
2021-11-01,0.08,1.08,,,84.08,1.58,0.5,16.41,67.4,0.0
2021-11-02,,1.1,,,83.91,1.56,0.46,16.03,,
2021-11-03,,1.13,,,80.82,1.6,0.47,15.1,,
2021-11-04,,1.12,,,78.88,1.53,0.41,15.44,,
2021-11-05,,1.06,,-0.8668,81.25,1.45,0.39,16.48,,
2021-11-08,,1.06,,,81.96,1.51,0.45,17.22,,
2021-11-09,,1.05,,,84.12,1.46,0.41,17.78,,
2021-11-10,,1.05,,,81.23,1.56,0.51,18.73,,
2021-11-11,,,,,81.47,,,17.66,,
2021-11-12,,1.05,,-0.9524,80.87,1.58,0.53,16.29,,
2021-11-15,,1.1,,,80.85,1.63,0.53,16.49,,
2021-11-16,,1.09,,,80.76,1.63,0.54,16.37,,
2021-11-17,,1.08,,,78.32,1.6,0.52,17.11,,
2021-11-18,,1.07,,,78.92,1.59,0.52,17.59,,
2021-11-19,,1.02,,-0.8625,76.11,1.54,0.52,17.91,,
2021-11-22,,1.0,,,76.74,1.63,0.63,19.17,,
2021-11-23,,1.07,,,78.32,1.67,0.6,19.38,,
2021-11-24,,1.0,,,78.32,1.64,0.64,18.58,,
2021-11-25,,,,,,,,,,
2021-11-26,,0.98,,-0.6425,,1.48,0.5,28.62,,
2021-11-29,,1.01,,,69.88,1.52,0.51,22.96,,
2021-11-30,,0.91,,,66.14,1.43,0.52,27.19,,
2021-12-01,0.08,0.87,,,65.44,1.43,0.56,31.12,70.6,0.0
2021-12-02,,0.81,,,66.6,1.44,0.63,27.95,,
2021-12-03,,0.75,,-0.3056,66.39,1.35,0.6,30.67,,
2021-12-06,,0.78,,,69.62,1.43,0.65,27.18,,
2021-12-07,,0.78,,,71.94,1.48,0.7,21.89,,
2021-12-08,,0.84,,,72.43,1.52,0.68,19.9,,
2021-12-09,,0.79,,,70.87,1.49,0.7,21.58,,
2021-12-10,,0.81,,-0.856,71.71,1.48,0.67,18.69,,
2021-12-13,,0.76,,,71.19,1.42,0.66,20.31,,
2021-12-14,,0.77,,,70.57,1.44,0.67,21.89,,
2021-12-15,,0.78,,,70.89,1.47,0.69,19.29,,
2021-12-16,,0.8,,,72.34,1.44,0.64,20.57,,
2021-12-17,,0.75,,-0.6238,70.93,1.41,0.66,21.57,,
2021-12-20,,0.78,,,68.69,1.43,0.65,22.87,,
2021-12-21,,0.78,,,71.1,1.48,0.7,21.01,,
2021-12-22,,0.78,,,72.82,1.46,0.68,18.63,,
2021-12-23,,0.79,,,73.89,1.5,0.71,17.96,,
2021-12-24,,,,-0.6939,,,,,,
2021-12-27,,0.72,,,75.49,1.48,0.76,17.68,,
2021-12-28,,0.75,,,76.01,1.49,0.74,17.54,,
2021-12-29,,0.8,,,76.58,1.55,0.75,16.95,,
2021-12-30,,0.79,,,76.83,1.52,0.73,17.33,,
2021-12-31,,0.79,,-0.9202,75.33,1.52,0.73,17.22,,
2022-01-01,0.08,,,,,,,,67.2,0.0
2022-01-03,,0.85,,,75.99,1.63,0.78,16.6,,
2022-01-04,,0.89,,,77.0,1.66,0.77,16.91,,
2022-01-05,,0.88,,,77.83,1.71,0.83,19.73,,
2022-01-06,,0.85,,,79.47,1.73,0.88,19.61,,
2022-01-07,,0.89,,-0.8509,79.0,1.76,0.87,18.76,,
2022-01-10,,0.86,,,78.11,1.78,0.92,19.4,,
2022-01-11,,0.85,,,81.17,1.75,0.9,18.41,,
2022-01-12,,0.82,,,82.51,1.74,0.92,17.62,,
2022-01-13,,0.79,,,81.97,1.7,0.91,20.31,,
2022-01-14,,0.79,,,83.82,1.78,0.99,19.19,,
2022-01-17,,,,,,,,,,
2022-01-18,,0.81,,,85.42,1.87,1.06,22.79,,
2022-01-19,,0.79,,,86.84,1.83,1.04,23.85,,
2022-01-20,,0.75,,,86.29,1.83,1.08,25.59,,
2022-01-21,,0.74,,,85.16,1.75,1.01,28.85,,
2022-01-24,,0.76,,,84.48,1.75,0.99,29.9,,
2022-01-25,,0.76,,,86.61,1.78,1.02,31.16,,
2022-01-26,,0.72,,,88.33,1.85,1.13,31.96,,
2022-01-27,,0.63,,,87.61,1.81,1.18,30.49,,
2022-01-28,,0.63,,,87.67,1.78,1.15,27.66,,
2022-01-31,,0.61,,,89.16,1.79,1.18,24.83,,
2022-02-01,0.08,0.63,,,88.22,1.81,1.18,21.96,62.8,0.0
2022-02-02,,0.62,,,88.16,1.78,1.16,22.09,,
2022-02-03,,0.63,,,90.17,1.82,1.19,24.35,,
2022-02-04,,0.62,,,92.27,1.93,1.31,23.22,,
2022-02-07,,0.62,,,91.25,1.92,1.3,22.86,,
2022-02-08,,0.61,,,89.32,1.96,1.35,21.44,,
2022-02-09,,0.58,,,89.57,1.94,1.36,19.96,,
2022-02-10,,0.42,,,89.83,2.03,1.61,23.91,,
2022-02-11,,0.42,,,93.1,1.92,1.5,27.36,,
2022-02-14,,0.4,,,95.52,1.98,1.58,28.33,,
2022-02-15,,0.47,,,92.07,2.05,1.58,25.7,,
2022-02-16,,0.51,,,93.83,2.03,1.52,24.29,,
2022-02-17,,0.48,,,91.78,1.97,1.49,28.11,,
2022-02-18,,0.45,,,91.26,1.92,1.47,27.75,,
2022-02-21,,,,,,,,,,
2022-02-22,,0.38,,,92.11,1.94,1.56,28.81,,
2022-02-23,,0.41,,,92.14,1.99,1.58,31.02,,
2022-02-24,,0.42,,,92.77,1.96,1.54,30.32,,
2022-02-25,,0.42,,,91.68,1.97,1.55,27.59,,
2022-02-28,,0.39,,,96.13,1.83,1.44,30.15,,
2022-03-01,0.2,0.41,,,103.66,1.72,1.31,33.32,59.4,0.0
2022-03-02,,0.36,,,110.74,1.86,1.5,30.74,,
2022-03-03,,0.33,,,107.69,1.86,1.53,30.48,,
2022-03-04,,0.24,,,115.77,1.74,1.5,31.98,,
2022-03-07,,0.23,,,119.26,1.78,1.55,36.45,,
2022-03-08,,0.23,,,123.64,1.86,1.63,35.13,,
2022-03-09,,0.26,,,108.81,1.94,1.68,32.45,,
2022-03-10,,0.26,,,105.93,1.98,1.72,30.23,,
2022-03-11,,0.25,,,109.31,2.0,1.75,30.75,,
2022-03-14,,0.27,,,103.22,2.14,1.87,31.77,,
2022-03-15,,0.3,,,96.42,2.15,1.85,29.83,,
2022-03-16,,0.24,,,94.85,2.19,1.95,26.67,,
2022-03-17,,0.26,,,102.97,2.2,1.94,25.67,,
2022-03-18,,0.17,,,104.69,2.14,1.97,23.87,,
2022-03-21,,0.18,,,112.14,2.32,2.14,23.53,,
2022-03-22,,0.2,,,111.03,2.38,2.18,22.94,,
2022-03-23,,0.19,,,114.89,2.32,2.13,23.57,,
2022-03-24,,0.21,,,114.2,2.34,2.13,21.67,,
2022-03-25,,0.18,,,116.2,2.48,2.3,20.81,,
2022-03-28,,0.11,,,107.55,2.46,2.35,19.63,,
2022-03-29,,0.06,,,104.25,2.41,2.35,18.9,,
2022-03-30,,0.04,,,107.81,2.35,2.31,19.33,,
2022-03-31,,0.04,,,100.53,2.32,2.28,20.56,,
2022-04-01,0.33,-0.05,,,99.32,2.39,2.44,19.63,65.2,0.0
2022-04-04,,-0.01,,,103.29,2.42,2.43,18.57,,
2022-04-05,,0.03,,,101.98,2.54,2.51,21.03,,
2022-04-06,,0.11,,,96.39,2.61,2.5,22.1,,
2022-04-07,,0.19,,,96.05,2.66,2.47,21.55,,
2022-04-08,,0.19,,,98.35,2.72,2.53,21.16,,
2022-04-11,,0.29,,,94.22,2.79,2.5,24.37,,
2022-04-12,,0.33,,,100.52,2.72,2.39,24.26,,
2022-04-13,,0.33,,,104.26,2.7,2.37,21.82,,
2022-04-14,,0.36,,,106.84,2.83,2.47,22.7,,
2022-04-15,,,,,,,,,,
2022-04-18,,0.39,,,108.24,2.85,2.46,22.17,,
2022-04-19,,0.32,,,102.54,2.93,2.61,21.37,,
2022-04-20,,0.25,,,102.56,2.85,2.6,20.32,,
2022-04-21,,0.22,,,103.89,2.9,2.68,22.68,,
2022-04-22,,0.18,,,102.86,2.9,2.72,28.21,,
2022-04-25,,0.18,,,99.6,2.81,2.63,27.02,,
2022-04-26,,0.23,,,102.62,2.77,2.54,33.52,,
2022-04-27,,0.24,,,101.96,2.82,2.58,31.6,,
2022-04-28,,0.22,,,105.47,2.85,2.63,29.99,,
2022-04-29,,0.19,,,104.59,2.89,2.7,33.4,,
2022-05-01,0.77,,,,,,,,58.4,0.0
2022-05-02,,0.26,,,105.18,2.99,2.73,32.34,,
2022-05-03,,0.19,,,102.53,2.97,2.78,29.25,,
2022-05-04,,0.27,,,107.84,2.93,2.66,25.42,,
2022-05-05,,0.34,,,108.17,3.05,2.71,31.2,,
2022-05-06,,0.4,,,109.72,3.12,2.72,30.19,,
2022-05-09,,0.44,,,103.08,3.05,2.61,34.75,,
2022-05-10,,0.37,,,99.74,2.99,2.62,32.99,,
2022-05-11,,0.25,,,105.5,2.91,2.66,32.56,,
2022-05-12,,0.28,,,106.15,2.84,2.56,31.77,,
2022-05-13,,0.32,,,110.52,2.93,2.61,28.87,,
2022-05-16,,0.3,,,114.07,2.88,2.58,27.47,,
2022-05-17,,0.27,,,112.31,2.98,2.71,26.1,,
2022-05-18,,0.21,,,109.67,2.89,2.68,30.96,,
2022-05-19,,0.21,,,112.21,2.84,2.63,29.35,,
2022-05-20,,0.18,,,112.63,2.78,2.6,29.43,,
2022-05-23,,0.21,,,110.32,2.86,2.65,28.48,,
2022-05-24,,0.26,,,112.55,2.76,2.5,29.45,,
2022-05-25,,0.27,,,112.88,2.75,2.48,28.37,,
2022-05-26,,0.29,,,116.19,2.75,2.46,27.5,,
2022-05-27,,0.27,,,114.96,2.74,2.47,25.72,,
2022-05-30,,,,,,,,26.54,,
2022-05-31,,0.32,,,114.38,2.85,2.53,26.19,,
2022-06-01,1.21,0.28,,,115.26,2.94,2.66,25.69,50.0,0.0
2022-06-02,,0.27,,,116.88,2.92,2.65,24.72,,
2022-06-03,,0.3,,,118.97,2.96,2.66,24.79,,
2022-06-06,,0.31,,,118.41,3.04,2.73,25.07,,
2022-06-07,,0.23,,,119.55,2.98,2.75,24.02,,
2022-06-08,,0.25,,,121.94,3.03,2.78,23.96,,
2022-06-09,,0.21,,,121.52,3.04,2.83,26.09,,
2022-06-10,,0.09,,,120.73,3.15,3.06,27.75,,
2022-06-13,,0.03,,,120.92,3.43,3.4,34.02,,
2022-06-14,,0.04,,,118.92,3.49,3.45,32.69,,
2022-06-15,,0.13,,,115.32,3.33,3.2,29.62,,
2022-06-16,,0.14,,,117.56,3.28,3.14,32.95,,
2022-06-17,,0.08,,,109.56,3.25,3.17,31.13,,
2022-06-20,,,,,,,,31.03,,
2022-06-21,,0.1,,,110.49,3.31,3.21,30.19,,
2022-06-22,,0.1,,,106.22,3.16,3.06,28.95,,
2022-06-23,,0.08,,,105.75,3.09,3.01,29.05,,
2022-06-24,,0.09,,,109.07,3.13,3.04,27.23,,
2022-06-27,,0.12,,,111.44,3.2,3.08,26.95,,
2022-06-28,,0.1,,,113.66,3.2,3.1,28.36,,
2022-06-29,,0.04,,,111.65,3.1,3.06,28.16,,
2022-06-30,,0.06,,,107.76,2.98,2.92,28.71,,
2022-07-01,1.68,0.04,,,110.3,2.88,2.84,26.7,51.5,0.0
2022-07-04,,,,,,,,27.53,,
2022-07-05,,0.0,,,101.55,2.82,2.82,27.54,,
2022-07-06,,-0.04,,,100.31,2.93,2.97,26.73,,
2022-07-07,,-0.02,,,104.62,3.01,3.03,26.08,,
2022-07-08,,-0.03,,,106.78,3.09,3.12,24.64,,
2022-07-11,,-0.08,,,106.09,2.99,3.07,26.17,,
2022-07-12,,-0.07,,,97.69,2.96,3.03,27.29,,
2022-07-13,,-0.22,,,98.44,2.91,3.13,26.82,,
2022-07-14,,-0.19,,,97.79,2.96,3.15,26.4,,
2022-07-15,,-0.2,,,99.59,2.93,3.13,24.23,,
2022-07-18,,-0.19,,,104.48,2.96,3.15,25.3,,
2022-07-19,,-0.22,,,106.12,3.01,3.23,24.5,,
2022-07-20,,-0.21,,,104.45,3.04,3.25,23.88,,
2022-07-21,,-0.19,,,98.44,2.91,3.1,23.11,,
2022-07-22,,-0.21,,,97.71,2.77,2.98,23.03,,
2022-07-25,,-0.19,,,99.83,2.81,3.0,23.36,,
2022-07-26,,-0.21,,,97.74,2.81,3.02,24.69,,
2022-07-27,,-0.18,,,100.03,2.78,2.96,23.24,,
2022-07-28,,-0.17,,,99.11,2.68,2.85,22.33,,
2022-07-29,,-0.22,,,101.31,2.67,2.89,21.33,,
2022-08-01,2.33,-0.3,,,96.59,2.6,2.9,22.84,58.2,0.0
2022-08-02,,-0.31,,,97.14,2.75,3.06,23.93,,
2022-08-03,,-0.37,,,93.25,2.73,3.1,21.95,,
2022-08-04,,-0.35,,,91.29,2.68,3.03,21.44,,
2022-08-05,,-0.41,,,91.77,2.83,3.24,21.15,,
2022-08-08,,-0.44,,,93.52,2.77,3.21,21.29,,
2022-08-09,,-0.48,,,93.18,2.8,3.28,21.77,,
2022-08-10,,-0.45,,,94.68,2.78,3.23,19.74,,
2022-08-11,,-0.36,,,97.02,2.87,3.23,20.2,,
2022-08-12,,-0.41,,,94.86,2.84,3.25,19.53,,
2022-08-15,,-0.41,,,92.24,2.79,3.2,19.95,,
2022-08-16,,-0.43,,,89.23,2.82,3.25,19.69,,
2022-08-17,,-0.39,,,90.85,2.89,3.28,19.9,,
2022-08-18,,-0.34,,,93.2,2.88,3.22,19.56,,
2022-08-19,,-0.27,,,93.55,2.98,3.25,20.6,,
2022-08-22,,-0.29,,,93.42,3.03,3.32,23.8,,
2022-08-23,,-0.24,,,96.46,3.05,3.29,24.11,,
2022-08-24,,-0.25,,,95.52,3.11,3.36,22.82,,
2022-08-25,,-0.32,,,93.33,3.03,3.35,21.78,,
2022-08-26,,-0.33,,,93.63,3.04,3.37,25.56,,
2022-08-29,,-0.3,,,97.4,3.12,3.42,26.21,,
2022-08-30,,-0.35,,,92.08,3.11,3.46,26.21,,
2022-08-31,,-0.3,,,90.09,3.15,3.45,25.87,,
2022-09-01,2.56,-0.25,,,87.09,3.26,3.51,25.56,58.6,0.0
2022-09-02,,-0.2,,,87.29,3.2,3.4,25.47,,
2022-09-05,,,,,,,,25.99,,
2022-09-06,,-0.17,,,87.35,3.33,3.5,26.91,,
2022-09-07,,-0.18,,,82.5,3.27,3.45,24.64,,
2022-09-08,,-0.19,,,84.04,3.29,3.48,23.61,,
2022-09-09,,-0.23,,,87.27,3.33,3.56,22.79,,
2022-09-12,,-0.21,,,88.18,3.37,3.58,23.87,,
2022-09-13,,-0.33,,,87.84,3.42,3.75,27.27,,
2022-09-14,,-0.37,,,88.88,3.41,3.78,26.16,,
2022-09-15,,-0.42,,,85.72,3.45,3.87,26.27,,
2022-09-16,,-0.4,,,85.57,3.45,3.85,26.3,,
2022-09-19,,-0.46,,,86.15,3.49,3.95,25.76,,
2022-09-20,,-0.39,,,84.69,3.57,3.96,27.16,,
2022-09-21,,-0.51,,,83.38,3.51,4.02,27.99,,
2022-09-22,,-0.41,,,84.02,3.7,4.11,27.35,,
2022-09-23,,-0.51,,,79.07,3.69,4.2,29.92,,
2022-09-26,,-0.39,,,77.17,3.88,4.27,32.26,,
2022-09-27,,-0.33,,,78.91,3.97,4.3,32.6,,
2022-09-28,,-0.35,,,82.61,3.72,4.07,30.18,,
2022-09-29,,-0.4,,,81.78,3.76,4.16,31.84,,
2022-09-30,,-0.39,,,79.91,3.83,4.22,31.62,,
2022-10-01,3.08,,,,,,,,59.9,0.0
2022-10-03,,-0.45,,,84.05,3.67,4.12,30.1,,
2022-10-04,,-0.48,,,86.87,3.62,4.1,29.07,,
2022-10-05,,-0.39,,,88.22,3.76,4.15,28.55,,
2022-10-06,,-0.4,,,88.9,3.83,4.23,30.52,,
2022-10-07,,-0.41,,,93.07,3.89,4.3,31.36,,
2022-10-10,,,,,91.6,,,32.45,,
2022-10-11,,-0.37,,,89.75,3.93,4.3,33.63,,
2022-10-12,,-0.37,,,87.83,3.91,4.28,33.57,,
2022-10-13,,-0.5,,,89.59,3.97,4.47,31.94,,
2022-10-14,,-0.48,,,86.1,4.0,4.48,32.02,,
2022-10-17,,-0.43,,,86.0,4.02,4.45,31.37,,
2022-10-18,,-0.42,,,83.29,4.01,4.43,30.5,,
2022-10-19,,-0.41,,,86.0,4.14,4.55,30.76,,
2022-10-20,,-0.38,,,86.02,4.24,4.62,29.98,,
2022-10-21,,-0.28,,,85.47,4.21,4.49,29.69,,
2022-10-24,,-0.25,,,86.12,4.25,4.5,29.85,,
2022-10-25,,-0.32,,,86.93,4.1,4.42,28.46,,
2022-10-26,,-0.35,,,89.39,4.04,4.39,27.28,,
2022-10-27,,-0.34,,,89.06,3.96,4.3,27.39,,
2022-10-28,,-0.39,,,87.85,4.02,4.41,25.75,,
2022-10-31,,-0.41,,,86.54,4.1,4.51,25.88,,
2022-11-01,3.78,-0.47,,,88.36,4.07,4.54,25.81,56.7,0.0
2022-11-02,,-0.51,,,90.06,4.1,4.61,25.86,,
2022-11-03,,-0.57,,,88.14,4.14,4.71,25.3,,
2022-11-04,,-0.49,,,92.58,4.17,4.66,24.55,,
2022-11-07,,-0.5,,,91.8,4.22,4.72,24.35,,
2022-11-08,,-0.53,,,88.8,4.14,4.67,25.54,,
2022-11-09,,-0.49,,,85.79,4.12,4.61,26.09,,
2022-11-10,,-0.52,,,86.52,3.82,4.34,23.53,,
2022-11-11,,,,,89.14,,,22.52,,
2022-11-14,,-0.52,,,85.85,3.88,4.4,23.73,,
2022-11-15,,-0.57,,,86.87,3.8,4.37,24.54,,
2022-11-16,,-0.68,,,85.62,3.67,4.35,24.11,,
2022-11-17,,-0.66,,,81.69,3.77,4.43,23.93,,
2022-11-18,,-0.69,,,80.07,3.82,4.51,23.12,,
2022-11-21,,-0.65,,,79.74,3.83,4.48,22.36,,
2022-11-22,,-0.71,,,80.83,3.76,4.47,21.29,,
2022-11-23,,-0.75,,,77.93,3.71,4.46,20.35,,
2022-11-24,,,,,,,,20.42,,
2022-11-25,,-0.74,,,76.45,3.68,4.42,20.5,,
2022-11-28,,-0.77,,,77.1,3.69,4.46,22.21,,
2022-11-29,,-0.73,,,77.96,3.75,4.48,21.89,,
2022-11-30,,-0.7,,,80.48,3.68,4.38,20.58,,
2022-12-01,4.1,-0.72,,,81.06,3.53,4.25,19.84,59.8,0.0
2022-12-02,,-0.77,,,79.86,3.51,4.28,19.06,,
2022-12-05,,-0.81,,,76.83,3.6,4.41,20.75,,
2022-12-06,,-0.83,,,74.21,3.51,4.34,22.17,,
2022-12-07,,-0.84,,,71.93,3.42,4.26,22.68,,
2022-12-08,,-0.83,,,71.3,3.48,4.31,22.29,,
2022-12-09,,-0.76,,,71.05,3.57,4.33,22.83,,
2022-12-12,,-0.78,,,72.96,3.61,4.39,25.0,,
2022-12-13,,-0.71,,,75.44,3.51,4.22,22.55,,
2022-12-14,,-0.74,,,77.14,3.49,4.23,21.14,,
2022-12-15,,-0.79,,,75.89,3.44,4.23,22.83,,
2022-12-16,,-0.69,,,74.19,3.48,4.17,22.62,,
2022-12-19,,-0.68,,,75.05,3.57,4.25,22.42,,
2022-12-20,,-0.56,,,75.92,3.69,4.25,21.48,,
2022-12-21,,-0.53,,,78.17,3.68,4.21,20.07,,
2022-12-22,,-0.57,,,77.68,3.67,4.24,21.97,,
2022-12-23,,-0.56,,,79.57,3.75,4.31,20.87,,
2022-12-26,,,,,,,,,,
2022-12-27,,-0.48,,,79.45,3.84,4.32,21.65,,
2022-12-28,,-0.43,,,78.89,3.88,4.31,22.14,,
2022-12-29,,-0.51,,,78.43,3.83,4.34,21.44,,
2022-12-30,,-0.53,,,80.16,3.88,4.41,21.67,,
2023-01-01,4.33,,,,,,,,64.9,0.0
2023-01-02,,,,,,,,,,
2023-01-03,,-0.61,,,76.87,3.79,4.4,22.9,,
2023-01-04,,-0.67,,,72.82,3.69,4.36,22.01,,
2023-01-05,,-0.74,,,73.61,3.71,4.45,22.46,,
2023-01-06,,-0.69,,,73.77,3.55,4.24,21.13,,
2023-01-09,,-0.66,,,74.69,3.53,4.19,21.97,,
2023-01-10,,-0.63,,,75.11,3.61,4.24,20.58,,
2023-01-11,,-0.66,,,77.46,3.54,4.2,21.09,,
2023-01-12,,-0.69,,,78.32,3.43,4.12,18.83,,
2023-01-13,,-0.73,,,79.9,3.49,4.22,18.35,,
2023-01-16,,,,,,,,19.49,,
2023-01-17,,-0.65,,,80.25,3.53,4.18,19.36,,
2023-01-18,,-0.69,,,79.53,3.37,4.06,20.34,,
2023-01-19,,-0.7,,,80.31,3.39,4.09,20.52,,
2023-01-20,,-0.66,,,81.27,3.48,4.14,19.85,,
2023-01-23,,-0.69,,,81.62,3.52,4.21,19.81,,
2023-01-24,,-0.66,,,79.86,3.46,4.12,19.2,,
2023-01-25,,-0.65,,,79.78,3.46,4.11,19.08,,
2023-01-26,,-0.68,,,80.64,3.49,4.17,18.73,,
2023-01-27,,-0.67,,,79.73,3.52,4.19,18.51,,
2023-01-30,,-0.7,,,77.97,3.55,4.25,19.94,,
2023-01-31,,-0.69,,,78.95,3.52,4.21,19.4,,
2023-02-01,4.57,-0.7,,,76.34,3.39,4.09,17.87,66.9,0.0
2023-02-02,,-0.69,,,75.87,3.4,4.09,18.73,,
2023-02-03,,-0.77,,,73.4,3.53,4.3,18.33,,
2023-02-06,,-0.81,,,74.11,3.63,4.44,19.43,,
2023-02-07,,-0.8,,,77.17,3.67,4.47,18.66,,
2023-02-08,,-0.82,,,78.47,3.63,4.45,19.63,,
2023-02-09,,-0.81,,,78.04,3.67,4.48,20.71,,
2023-02-10,,-0.76,,,79.74,3.74,4.5,20.53,,
2023-02-13,,-0.8,,,80.14,3.72,4.52,20.34,,
2023-02-14,,-0.83,,,79.08,3.77,4.6,18.91,,
2023-02-15,,-0.81,,,78.57,3.81,4.62,18.23,,
2023-02-16,,-0.76,,,78.45,3.86,4.62,20.17,,
2023-02-17,,-0.78,,,76.31,3.82,4.6,20.02,,
2023-02-20,,,,,,,,21.23,,
2023-02-21,,-0.72,,,76.28,3.95,4.67,22.87,,
2023-02-22,,-0.73,,,73.95,3.93,4.66,22.29,,
2023-02-23,,-0.78,,,75.26,3.88,4.66,21.14,,
2023-02-24,,-0.83,,,76.19,3.95,4.78,21.67,,
2023-02-27,,-0.86,,,75.57,3.92,4.78,20.95,,
2023-02-28,,-0.89,,,76.88,3.92,4.81,20.7,,
2023-03-01,4.65,-0.88,,,77.57,4.01,4.89,20.58,62.0,0.0
2023-03-02,,-0.81,,,78.05,4.08,4.89,19.59,,
2023-03-03,,-0.89,,,79.62,3.97,4.86,18.49,,
2023-03-06,,-0.91,,,80.39,3.98,4.89,18.61,,
2023-03-07,,-1.03,,,77.45,3.97,5.0,19.59,,
2023-03-08,,-1.07,,,76.56,3.98,5.05,19.11,,
2023-03-09,,-0.97,,,75.6,3.93,4.9,22.61,,
2023-03-10,,-0.9,,,76.55,3.7,4.6,24.8,,
2023-03-13,,-0.48,,,74.68,3.55,4.03,26.52,,
2023-03-14,,-0.56,,,71.18,3.64,4.2,23.73,,
2023-03-15,,-0.42,,,67.38,3.51,3.93,26.14,,
2023-03-16,,-0.58,,,68.15,3.56,4.14,22.99,,
2023-03-17,,-0.42,,,66.61,3.39,3.81,25.51,,
2023-03-20,,-0.45,,,67.56,3.47,3.92,24.15,,
2023-03-21,,-0.58,,,69.4,3.59,4.17,21.38,,
2023-03-22,,-0.48,,,70.71,3.48,3.96,22.26,,
2023-03-23,,-0.38,,,69.77,3.38,3.76,22.61,,
2023-03-24,,-0.38,,,69.22,3.38,3.76,21.74,,
2023-03-27,,-0.41,,,72.87,3.53,3.94,20.6,,
2023-03-28,,-0.47,,,73.12,3.55,4.02,19.97,,
2023-03-29,,-0.51,,,72.95,3.57,4.08,19.12,,
2023-03-30,,-0.55,,,74.32,3.55,4.1,19.02,,
2023-03-31,,-0.58,,,75.68,3.48,4.06,18.7,,
2023-04-01,4.83,,,,,,,,63.7,0.0
2023-04-03,,-0.54,,,80.4,3.43,3.97,18.55,,
2023-04-04,,-0.49,,,80.7,3.35,3.84,19.0,,
2023-04-05,,-0.49,,,80.69,3.3,3.79,19.08,,
2023-04-06,,-0.52,,,80.7,3.3,3.82,18.4,,
2023-04-07,,-0.58,,,,3.39,3.97,,,
2023-04-10,,-0.59,,,79.79,3.41,4.0,18.97,,
2023-04-11,,-0.6,,,81.54,3.43,4.03,19.1,,
2023-04-12,,-0.54,,,83.26,3.41,3.95,19.09,,
2023-04-13,,-0.51,,,82.16,3.45,3.96,17.8,,
2023-04-14,,-0.56,,,82.58,3.52,4.08,17.07,,
2023-04-17,,-0.58,,,80.93,3.6,4.18,16.95,,
2023-04-18,,-0.61,,,80.85,3.58,4.19,16.83,,
2023-04-19,,-0.64,,,79.18,3.6,4.24,16.46,,
2023-04-20,,-0.6,,,77.27,3.54,4.14,17.17,,
2023-04-21,,-0.6,,,77.86,3.57,4.17,16.77,,
2023-04-24,,-0.6,,,78.64,3.52,4.12,16.89,,
2023-04-25,,-0.46,,,77.05,3.4,3.86,18.76,,
2023-04-26,,-0.47,,,74.33,3.43,3.9,18.84,,
2023-04-27,,-0.54,,,74.77,3.53,4.07,17.03,,
2023-04-28,,-0.6,,,76.78,3.44,4.04,15.78,,
2023-05-01,5.06,-0.55,,,75.65,3.59,4.14,16.08,59.0,0.0
2023-05-02,,-0.53,,,71.71,3.44,3.97,17.78,,
2023-05-03,,-0.51,,,68.62,3.38,3.89,18.34,,
2023-05-04,,-0.38,,,68.52,3.37,3.75,20.09,,
2023-05-05,,-0.48,,,71.32,3.44,3.92,17.19,,
2023-05-08,,-0.48,,,73.13,3.52,4.0,16.98,,
2023-05-09,,-0.48,,,73.68,3.53,4.01,17.71,,
2023-05-10,,-0.47,,,72.53,3.43,3.9,16.94,,
2023-05-11,,-0.5,,,70.81,3.39,3.89,16.93,,
2023-05-12,,-0.52,,,70.02,3.46,3.98,17.03,,
2023-05-15,,-0.49,,,71.07,3.5,3.99,17.12,,
2023-05-16,,-0.52,,,70.85,3.54,4.06,17.99,,
2023-05-17,,-0.55,,,72.78,3.57,4.12,16.87,,
2023-05-18,,-0.59,,,71.82,3.65,4.24,16.05,,
2023-05-19,,-0.58,,,71.57,3.7,4.28,16.81,,
2023-05-22,,-0.57,,,71.81,3.72,4.29,17.21,,
2023-05-23,,-0.56,,,72.87,3.7,4.26,18.53,,
2023-05-24,,-0.58,,,74.37,3.73,4.31,20.03,,
2023-05-25,,-0.67,,,71.68,3.83,4.5,19.14,,
2023-05-26,,-0.74,,,72.35,3.8,4.54,17.95,,
2023-05-29,,,,,,,,17.46,,
2023-05-30,,-0.77,4.58,,69.45,3.69,4.46,17.46,,
2023-05-31,,-0.76,4.69,,68.11,3.64,4.4,17.94,,
2023-06-01,5.08,-0.72,4.65,,70.09,3.61,4.33,15.65,64.2,0.0
2023-06-02,,-0.81,4.37,,71.76,3.69,4.5,14.6,,
2023-06-05,,-0.77,4.39,,72.14,3.69,4.46,14.73,,
2023-06-06,,-0.81,4.39,,71.71,3.7,4.51,13.96,,
2023-06-07,,-0.77,4.33,,72.52,3.79,4.56,13.94,,
2023-06-08,,-0.79,4.39,,71.28,3.73,4.52,13.65,,
2023-06-09,,-0.84,4.29,,70.16,3.75,4.59,13.83,,
2023-06-12,,-0.82,4.34,,67.08,3.73,4.55,15.01,,
2023-06-13,,-0.83,4.18,,69.39,3.84,4.67,14.61,,
2023-06-14,,-0.91,4.18,,68.22,3.83,4.74,13.88,,
2023-06-15,,-0.9,4.21,,70.61,3.72,4.62,14.5,,
2023-06-16,,-0.93,4.15,,71.81,3.77,4.7,13.54,,
2023-06-19,,,4.15,,,,,14.19,,
2023-06-20,,-0.94,4.22,,70.94,3.74,4.68,13.88,,
2023-06-21,,-0.96,4.32,,72.55,3.72,4.68,13.2,,
2023-06-22,,-0.97,4.3,,69.22,3.8,4.77,12.91,,
2023-06-23,,-0.97,4.4,,68.91,3.74,4.71,13.44,,
2023-06-26,,-0.93,4.45,,69.09,3.72,4.65,14.25,,
2023-06-27,,-0.97,4.3,,67.68,3.77,4.74,13.74,,
2023-06-28,,-1.0,4.27,,69.54,3.71,4.71,13.43,,
2023-06-29,,-1.02,4.14,,69.85,3.85,4.87,13.54,,
2023-06-30,,-1.06,4.05,,70.66,3.81,4.87,13.59,,
2023-07-01,5.12,,,,,,,,71.5,0.0
2023-07-03,,-1.08,3.99,,69.71,3.86,4.94,13.57,,
2023-07-04,,,3.99,,,,,13.7,,
2023-07-05,,-0.99,4.01,,71.78,3.95,4.94,14.18,,
2023-07-06,,-0.94,4.1,,71.76,4.05,4.99,15.44,,
2023-07-07,,-0.88,4.08,,73.91,4.06,4.94,14.83,,
2023-07-10,,-0.84,4.13,,73.05,4.01,4.85,15.07,,
2023-07-11,,-0.89,4.05,,74.87,3.99,4.88,14.84,,
2023-07-12,,-0.86,3.95,,75.77,3.86,4.72,13.54,,
2023-07-13,,-0.83,3.97,,76.86,3.76,4.59,13.61,,
2023-07-14,,-0.91,3.9,,75.44,3.83,4.74,13.34,,
2023-07-17,,-0.93,3.97,,74.17,3.81,4.74,13.48,,
2023-07-18,,-0.94,3.9,,75.76,3.8,4.74,13.3,,
2023-07-19,,-0.99,3.89,,75.4,3.75,4.74,13.76,,
2023-07-20,,-0.95,3.9,,75.65,3.85,4.8,13.99,,
2023-07-21,,-0.98,3.89,,77.06,3.84,4.82,13.6,,
2023-07-24,,-0.95,3.82,,78.81,3.86,4.81,13.91,,
2023-07-25,,-0.94,3.84,,79.76,3.91,4.85,13.86,,
2023-07-26,,-0.96,3.91,,79.11,3.86,4.82,13.19,,
2023-07-27,,-0.9,3.78,,80.17,4.01,4.91,14.41,,
2023-07-28,,-0.91,3.82,,80.55,3.96,4.87,13.33,,
2023-07-31,,-0.91,3.79,,81.8,3.97,4.88,13.63,,
2023-08-01,5.33,-0.87,3.82,,81.37,4.05,4.92,13.93,69.4,0.0
2023-08-02,,-0.8,3.96,,79.5,4.08,4.88,16.09,,
2023-08-03,,-0.7,3.98,,81.56,4.2,4.9,15.92,,
2023-08-04,,-0.73,4.01,,82.76,4.05,4.78,17.1,,
2023-08-07,,-0.67,3.97,,81.94,4.09,4.76,15.77,,
2023-08-08,,-0.72,4.0,,82.94,4.02,4.74,15.99,,
2023-08-09,,-0.79,3.94,,84.35,4.0,4.79,15.96,,
2023-08-10,,-0.73,3.83,,82.81,4.09,4.82,15.85,,
2023-08-11,,-0.73,3.83,,83.17,4.16,4.89,14.84,,
2023-08-14,,-0.77,3.79,,82.5,4.19,4.96,14.82,,
2023-08-15,,-0.71,3.85,,81.06,4.21,4.92,16.46,,
2023-08-16,,-0.69,3.81,,79.4,4.28,4.97,16.78,,
2023-08-17,,-0.64,3.95,,80.43,4.3,4.94,17.89,,
2023-08-18,,-0.66,4.02,,81.25,4.26,4.92,17.3,,
2023-08-21,,-0.63,3.97,,80.71,4.34,4.97,17.13,,
2023-08-22,,-0.68,3.93,,80.25,4.34,5.02,16.97,,
2023-08-23,,-0.76,3.92,,78.91,4.19,4.95,15.98,,
2023-08-24,,-0.75,3.91,,79.52,4.23,4.98,17.2,,
2023-08-25,,-0.78,3.9,,80.47,4.25,5.03,15.68,,
2023-08-28,,-0.78,3.86,,80.65,4.2,4.98,15.08,,
2023-08-29,,-0.75,3.87,,81.14,4.12,4.87,14.45,,
2023-08-30,,-0.78,3.8,,81.64,4.12,4.9,13.88,,
2023-08-31,,-0.76,3.85,,83.55,4.09,4.85,13.57,,
2023-09-01,5.33,-0.69,3.81,,85.52,4.18,4.87,13.09,67.8,0.0
2023-09-04,,,3.81,,,,,13.82,,
2023-09-05,,-0.67,3.83,,86.74,4.27,4.94,14.01,,
2023-09-06,,-0.71,3.86,,87.55,4.3,5.01,14.45,,
2023-09-07,,-0.67,3.9,,86.87,4.27,4.94,14.4,,
2023-09-08,,-0.72,3.85,,87.51,4.26,4.98,13.84,,
2023-09-11,,-0.68,3.82,,87.3,4.29,4.97,13.8,,
2023-09-12,,-0.71,3.84,,88.87,4.27,4.98,14.23,,
2023-09-13,,-0.71,3.85,,88.59,4.25,4.96,13.48,,
2023-09-14,,-0.71,3.78,,90.13,4.29,5.0,12.82,,
2023-09-15,,-0.69,3.79,,90.83,4.33,5.02,13.79,,
2023-09-18,,-0.73,3.82,,91.47,4.32,5.05,14.0,,
2023-09-19,,-0.71,3.82,,91.16,4.37,5.08,14.11,,
2023-09-20,,-0.77,3.77,,89.2,4.35,5.12,15.14,,
2023-09-21,,-0.63,3.89,,89.56,4.49,5.12,17.54,,
2023-09-22,,-0.66,3.93,,90.0,4.44,5.1,17.2,,
2023-09-25,,-0.54,3.97,,89.68,4.55,5.09,16.9,,
2023-09-26,,-0.48,4.04,,91.43,4.56,5.04,18.94,,
2023-09-27,,-0.49,4.03,,93.67,4.61,5.1,18.22,,
2023-09-28,,-0.45,4.09,,91.65,4.59,5.04,17.34,,
2023-09-29,,-0.44,4.03,,90.77,4.59,5.03,17.52,,
2023-09-30,,,4.03,,,,,,,
2023-10-01,5.33,,,,,,,,63.8,0.0
2023-10-02,,-0.43,4.11,,88.81,4.69,5.12,17.61,,
2023-10-03,,-0.34,4.26,,89.26,4.81,5.15,19.78,,
2023-10-04,,-0.32,4.37,,84.32,4.73,5.05,18.58,,
2023-10-05,,-0.31,4.38,,82.3,4.72,5.03,18.49,,
2023-10-06,,-0.3,4.33,,82.83,4.78,5.08,17.45,,
2023-10-09,,,4.34,,,,,17.7,,
2023-10-10,,-0.3,4.26,,85.89,4.66,4.96,17.03,,
2023-10-11,,-0.41,4.25,,83.7,4.58,4.99,16.09,,
2023-10-12,,-0.36,4.25,,82.87,4.7,5.06,16.69,,
2023-10-13,,-0.41,4.3,,87.67,4.63,5.04,19.32,,
2023-10-16,,-0.38,4.27,,86.65,4.71,5.09,17.21,,
2023-10-17,,-0.36,4.25,,86.66,4.83,5.19,17.88,,
2023-10-18,,-0.28,4.32,,88.35,4.91,5.19,19.22,,
2023-10-19,,-0.16,4.37,,89.35,4.98,5.14,21.4,,
2023-10-20,,-0.14,4.52,,89.12,4.93,5.07,21.71,,
2023-10-23,,-0.19,4.51,,85.49,4.86,5.05,20.37,,
2023-10-24,,-0.19,4.41,,84.58,4.83,5.02,18.97,,
2023-10-25,,-0.13,4.37,,86.07,4.95,5.08,20.19,,
2023-10-26,,-0.16,4.5,,83.8,4.86,5.02,20.68,,
2023-10-27,,-0.15,4.53,,86.04,4.84,4.99,21.27,,
2023-10-30,,-0.15,4.5,,83.03,4.88,5.03,19.75,,
2023-10-31,,-0.19,4.42,,81.64,4.88,5.07,18.14,,
2023-11-01,5.33,-0.18,4.47,,81.05,4.77,4.95,16.87,61.3,0.0
2023-11-02,,-0.31,4.15,,83.04,4.67,4.98,15.66,,
2023-11-03,,-0.26,4.04,,81.19,4.57,4.83,14.91,,
2023-11-06,,-0.26,4.0,,81.54,4.67,4.93,14.89,,
2023-11-07,,-0.33,4.08,,77.96,4.58,4.91,14.81,,
2023-11-08,,-0.44,4.08,,75.85,4.49,4.93,14.45,,
2023-11-09,,-0.41,4.04,,76.34,4.62,5.03,15.29,,
2023-11-10,,-0.43,4.03,,,4.61,5.04,14.17,,
2023-11-13,,-0.39,4.03,,78.86,4.63,5.02,14.76,,
2023-11-14,,-0.36,3.92,,78.9,4.44,4.8,14.16,,
2023-11-15,,-0.37,3.89,,77.15,4.53,4.9,14.18,,
2023-11-16,,-0.38,4.02,,73.5,4.45,4.83,14.32,,
2023-11-17,,-0.44,3.99,,76.47,4.44,4.88,13.8,,
2023-11-20,,-0.47,3.92,,78.1,4.42,4.89,13.41,,
2023-11-21,,-0.45,3.95,,78.35,4.41,4.86,13.35,,
2023-11-22,,-0.47,3.9,,76.8,4.42,4.89,12.85,,
2023-11-23,,,3.9,,,,,12.8,,
2023-11-24,,-0.45,3.85,,74.83,4.47,4.92,12.46,,
2023-11-27,,-0.45,3.89,,74.46,4.39,4.84,12.69,,
2023-11-28,,-0.39,3.9,,76.09,4.34,4.73,12.69,,
2023-11-29,,-0.37,3.8,,77.56,4.27,4.64,12.98,,
2023-11-30,,-0.36,3.84,,75.66,4.37,4.73,12.92,,
2023-12-01,5.33,-0.34,3.87,,73.7,4.22,4.56,12.63,69.7,0.0
2023-12-04,,-0.36,3.8,,72.73,4.28,4.64,13.08,,
2023-12-05,,-0.39,3.8,,71.95,4.18,4.57,12.85,,
2023-12-06,,-0.48,3.79,,68.98,4.12,4.6,12.97,,
2023-12-07,,-0.44,3.77,,69.0,4.14,4.58,13.06,,
2023-12-08,,-0.48,3.75,,70.87,4.23,4.71,12.35,,
2023-12-11,,-0.48,3.79,,70.95,4.23,4.71,12.63,,
2023-12-12,,-0.53,3.76,,68.27,4.2,4.73,12.07,,
2023-12-13,,-0.42,3.79,,69.09,4.04,4.46,12.19,,
2023-12-14,,-0.45,3.47,,71.21,3.92,4.37,12.48,,
2023-12-15,,-0.53,3.51,,71.05,3.91,4.44,12.28,,
2023-12-18,,-0.48,3.51,,72.16,3.95,4.43,12.56,,
2023-12-19,,-0.48,3.46,,73.23,3.93,4.41,12.53,,
2023-12-20,,-0.48,3.43,,73.87,3.86,4.34,13.67,,
2023-12-21,,-0.44,3.41,,73.59,3.89,4.33,13.65,,
2023-12-22,,-0.41,3.39,,73.29,3.9,4.31,13.03,,
2023-12-25,,,,,,,,,,
2023-12-26,,-0.37,3.37,,75.84,3.89,4.26,12.99,,
2023-12-27,,-0.41,3.34,,74.31,3.79,4.2,12.43,,
2023-12-28,,-0.42,3.32,,72.02,3.84,4.26,12.47,,
2023-12-29,,-0.35,3.34,,71.89,3.88,4.23,12.45,,
2023-12-31,,,3.39,,,,,,,
2024-01-01,5.33,,,,,,,,79.0,0.0
2024-01-02,,-0.38,3.54,,70.62,3.95,4.33,13.2,,
2024-01-03,,-0.42,3.71,,72.97,3.91,4.33,14.04,,
2024-01-04,,-0.39,3.69,,72.38,3.99,4.38,14.13,,
2024-01-05,,-0.35,3.68,,74.0,4.05,4.4,13.35,,
2024-01-08,,-0.35,3.63,,71.06,4.01,4.36,13.08,,
2024-01-09,,-0.34,3.59,,72.43,4.02,4.36,12.76,,
2024-01-10,,-0.33,3.5,,71.57,4.04,4.37,12.69,,
2024-01-11,,-0.28,3.55,,72.15,3.98,4.26,12.44,,
2024-01-12,,-0.18,3.56,,72.94,3.96,4.14,12.7,,
2024-01-15,,,3.54,,,,,13.25,,
2024-01-16,,-0.15,3.58,,72.63,4.07,4.22,13.84,,
2024-01-17,,-0.24,3.62,,72.79,4.1,4.34,14.79,,
2024-01-18,,-0.2,3.58,,74.32,4.14,4.34,14.13,,
2024-01-19,,-0.24,3.54,,73.69,4.15,4.39,13.3,,
2024-01-22,,-0.26,3.49,,75.26,4.11,4.37,13.19,,
2024-01-23,,-0.17,3.51,,74.72,4.14,4.31,12.55,,
2024-01-24,,-0.16,3.44,,75.48,4.18,4.34,13.14,,
2024-01-25,,-0.14,3.45,,77.91,4.14,4.28,13.45,,
2024-01-26,,-0.19,3.39,,78.45,4.15,4.34,13.26,,
2024-01-29,,-0.21,3.41,,77.25,4.08,4.29,13.6,,
2024-01-30,,-0.3,3.42,,78.3,4.06,4.36,13.31,,
2024-01-31,,-0.28,3.59,,76.28,3.99,4.27,14.35,,
2024-02-01,5.33,-0.33,3.56,,74.36,3.87,4.2,13.88,76.9,0.0
2024-02-02,,-0.33,3.47,,72.72,4.03,4.36,13.85,,
2024-02-05,,-0.29,3.5,,73.21,4.17,4.46,13.67,,
2024-02-06,,-0.3,3.52,,73.83,4.09,4.39,13.06,,
2024-02-07,,-0.32,3.43,,74.26,4.09,4.41,12.83,,
2024-02-08,,-0.31,3.38,,76.67,4.15,4.46,12.79,,
2024-02-09,,-0.31,3.33,,77.26,4.17,4.48,12.93,,
2024-02-12,,-0.29,3.35,,77.34,4.17,4.46,13.93,,
2024-02-13,,-0.33,3.36,,78.28,4.31,4.64,15.85,,
2024-02-14,,-0.29,3.38,,77.09,4.27,4.56,14.38,,
2024-02-15,,-0.32,3.35,,78.47,4.24,4.56,14.01,,
2024-02-16,,-0.34,3.34,,79.65,4.3,4.64,14.24,,
2024-02-19,,,3.34,,,,,14.71,,
2024-02-20,,-0.32,3.37,,78.72,4.27,4.59,15.42,,
2024-02-21,,-0.32,3.34,,78.89,4.32,4.64,15.34,,
2024-02-22,,-0.36,3.22,,79.64,4.33,4.69,14.54,,
2024-02-23,,-0.41,3.23,,77.6,4.26,4.67,13.75,,
2024-02-26,,-0.41,3.23,,78.53,4.28,4.69,13.74,,
2024-02-27,,-0.39,3.26,,79.8,4.31,4.7,13.43,,
2024-02-28,,-0.37,3.31,,79.44,4.27,4.64,13.84,,
2024-02-29,,-0.39,3.29,,79.22,4.25,4.64,13.4,,
2024-03-01,5.33,-0.35,3.32,,80.9,4.19,4.54,13.11,79.4,0.0
2024-03-04,,-0.39,3.26,,79.67,4.22,4.61,13.49,,
2024-03-05,,-0.41,3.31,,79.11,4.13,4.54,14.46,,
2024-03-06,,-0.44,3.27,,80.08,4.11,4.55,14.5,,
2024-03-07,,-0.41,3.27,,79.81,4.09,4.5,14.44,,
2024-03-08,,-0.39,3.26,,78.96,4.09,4.48,14.74,,
2024-03-11,,-0.41,3.26,,78.87,4.1,4.51,15.22,,
2024-03-12,,-0.42,3.2,,78.51,4.16,4.58,13.84,,
2024-03-13,,-0.42,3.15,,80.67,4.19,4.61,13.75,,
2024-03-14,,-0.39,3.15,,82.16,4.29,4.68,14.4,,
2024-03-15,,-0.41,3.16,,81.94,4.31,4.72,14.41,,
2024-03-18,,-0.39,3.13,,83.68,4.34,4.73,14.33,,
2024-03-19,,-0.38,3.1,,84.39,4.3,4.68,13.82,,
2024-03-20,,-0.32,3.14,,82.79,4.27,4.59,13.04,,
2024-03-21,,-0.35,3.05,,81.99,4.27,4.62,12.92,,
2024-03-22,,-0.37,3.08,,81.1,4.22,4.59,13.06,,
2024-03-25,,-0.29,3.11,,82.41,4.25,4.54,13.19,,
2024-03-26,,-0.32,3.15,,82.41,4.24,4.56,13.24,,
2024-03-27,,-0.34,3.15,,82.15,4.2,4.54,12.78,,
2024-03-28,,-0.39,3.12,,83.96,4.2,4.59,13.01,,
2024-03-29,,,,,,,,,,
2024-03-31,,,3.15,,,,,,,
2024-04-01,5.33,-0.39,3.12,,84.54,4.33,4.72,13.65,77.2,0.0
2024-04-02,,-0.34,3.23,,85.95,4.36,4.7,14.61,,
2024-04-03,,-0.32,3.23,,86.22,4.36,4.68,14.33,,
2024-04-04,,-0.34,3.24,,87.37,4.31,4.65,16.35,,
2024-04-05,,-0.34,3.18,,87.69,4.39,4.73,16.03,,
2024-04-08,,-0.36,3.15,,87.24,4.42,4.78,15.19,,
2024-04-09,,-0.38,3.14,,86.04,4.36,4.74,14.98,,
2024-04-10,,-0.42,3.1,,86.98,4.55,4.97,15.8,,
2024-04-11,,-0.37,3.16,,85.79,4.56,4.93,14.91,,
2024-04-12,,-0.38,3.25,,86.46,4.5,4.88,17.31,,
2024-04-15,,-0.3,3.28,,86.21,4.63,4.93,19.23,,
2024-04-16,,-0.3,3.36,,86.15,4.67,4.97,18.4,,
2024-04-17,,-0.34,3.42,,83.58,4.59,4.93,18.21,,
2024-04-18,,-0.34,3.39,,83.5,4.64,4.98,18.0,,
2024-04-19,,-0.35,3.37,,83.79,4.62,4.97,18.71,,
2024-04-22,,-0.35,3.29,,83.82,4.62,4.97,16.94,,
2024-04-23,,-0.25,3.2,,84.17,4.61,4.86,15.69,,
2024-04-24,,-0.24,3.19,,84.09,4.65,4.89,15.97,,
2024-04-25,,-0.26,3.24,,84.92,4.7,4.96,15.37,,
2024-04-26,,-0.29,3.16,,85.38,4.67,4.96,15.03,,
2024-04-29,,-0.34,3.12,,84.26,4.63,4.97,14.67,,
2024-04-30,,-0.35,3.18,,83.49,4.69,5.04,15.65,,
2024-05-01,5.33,-0.33,3.21,,80.7,4.63,4.96,15.39,69.1,0.0
2024-05-02,,-0.29,3.16,,80.59,4.58,4.87,14.68,,
2024-05-03,,-0.31,3.08,,79.65,4.5,4.81,13.49,,
2024-05-06,,-0.33,3.03,,80.1,4.49,4.82,13.49,,
2024-05-07,,-0.35,3.06,,79.97,4.47,4.82,13.23,,
2024-05-08,,-0.36,3.1,,80.57,4.48,4.84,13.0,,
2024-05-09,,-0.35,3.14,,80.86,4.45,4.8,12.69,,
2024-05-10,,-0.37,3.12,,79.81,4.5,4.87,12.55,,
2024-05-13,,-0.37,3.14,,80.71,4.48,4.85,13.6,,
2024-05-14,,-0.36,3.14,,79.62,4.45,4.81,13.42,,
2024-05-15,,-0.37,3.13,,80.23,4.36,4.73,12.45,,
2024-05-16,,-0.4,3.08,,80.85,4.38,4.78,12.42,,
2024-05-17,,-0.41,3.09,,81.66,4.42,4.83,11.99,,
2024-05-20,,-0.38,3.07,,81.39,4.44,4.82,12.15,,
2024-05-21,,-0.41,3.07,,80.66,4.41,4.82,11.86,,
2024-05-22,,-0.43,3.11,,79.15,4.43,4.86,12.29,,
2024-05-23,,-0.44,3.1,,77.47,4.47,4.91,12.77,,
2024-05-24,,-0.47,3.11,,78.48,4.46,4.93,11.93,,
2024-05-27,,,3.12,,,,,12.36,,
2024-05-28,,-0.4,3.09,,80.9,4.54,4.94,12.92,,
2024-05-29,,-0.35,3.15,,80.24,4.61,4.96,14.28,,
2024-05-30,,-0.37,3.19,,78.96,4.55,4.92,14.47,,
2024-05-31,,-0.38,3.2,,77.97,4.51,4.89,12.92,,
2024-06-01,5.33,,,,,,,,68.2,0.0
2024-06-03,,-0.41,3.17,,75.26,4.41,4.82,13.11,,
2024-06-04,,-0.44,3.22,,74.27,4.33,4.77,13.16,,
2024-06-05,,-0.43,3.2,,75.08,4.29,4.72,12.63,,
2024-06-06,,-0.44,3.2,,76.52,4.28,4.72,12.58,,
2024-06-07,,-0.44,3.15,,76.53,4.43,4.87,12.22,,
2024-06-10,,-0.4,3.15,,78.75,4.47,4.87,12.74,,
2024-06-11,,-0.42,3.19,,78.88,4.39,4.81,12.85,,
2024-06-12,,-0.44,3.09,,79.56,4.31,4.75,12.04,,
2024-06-13,,-0.44,3.2,,79.61,4.24,4.68,11.94,,
2024-06-14,,-0.47,3.29,,79.41,4.2,4.67,12.66,,
2024-06-17,,-0.47,3.26,,81.33,4.28,4.75,12.75,,
2024-06-18,,-0.47,3.24,,82.67,4.22,4.69,12.3,,
2024-06-19,,,3.24,,,,,12.48,,
2024-06-20,,-0.45,3.23,,83.34,4.25,4.7,13.28,,
2024-06-21,,-0.45,3.21,,81.71,4.25,4.7,13.2,,
2024-06-24,,-0.46,3.19,,82.63,4.25,4.71,13.33,,
2024-06-25,,-0.42,3.19,,81.97,4.23,4.65,12.84,,
2024-06-26,,-0.39,3.18,,82.19,4.32,4.71,12.55,,
2024-06-27,,-0.41,3.21,,83.04,4.29,4.7,12.24,,
2024-06-28,,-0.35,3.18,,82.83,4.36,4.71,12.44,,
2024-06-30,,,3.21,,,,,,,
2024-07-01,5.33,-0.29,3.21,,84.7,4.48,4.77,12.22,66.4,0.0
2024-07-02,,-0.31,3.23,,84.09,4.43,4.74,12.03,,
2024-07-03,,-0.35,3.25,,85.19,4.36,4.71,12.09,,
2024-07-04,,,3.25,,,,,12.26,,
2024-07-05,,-0.32,3.27,,84.44,4.28,4.6,12.48,,
2024-07-08,,-0.34,3.2,,83.63,4.28,4.62,12.37,,
2024-07-09,,-0.32,3.21,,82.78,4.3,4.62,12.51,,
2024-07-10,,-0.34,3.17,,83.39,4.28,4.62,12.85,,
2024-07-11,,-0.3,3.18,,83.92,4.2,4.5,12.92,,
2024-07-12,,-0.27,3.19,,83.49,4.18,4.45,12.46,,
2024-07-15,,-0.21,3.13,,83.22,4.23,4.44,13.12,,
2024-07-16,,-0.26,3.08,,81.92,4.17,4.43,13.19,,
2024-07-17,,-0.26,3.09,,84.16,4.16,4.42,14.48,,
2024-07-18,,-0.26,3.09,,84.17,4.2,4.46,15.93,,
2024-07-19,,-0.24,3.09,,81.43,4.25,4.49,16.52,,
2024-07-22,,-0.24,3.05,,81.25,4.26,4.5,14.91,,
2024-07-23,,-0.15,3.02,,78.24,4.25,4.4,14.72,,
2024-07-24,,-0.09,3.1,,78.78,4.28,4.37,18.04,,
2024-07-25,,-0.14,3.08,,79.43,4.27,4.41,18.46,,
2024-07-26,,-0.16,3.1,,78.58,4.2,4.36,16.39,,
2024-07-29,,-0.19,3.13,,77.27,4.17,4.36,16.6,,
2024-07-30,,-0.2,3.2,,76.17,4.15,4.35,17.69,,
2024-07-31,,-0.2,3.25,,79.36,4.09,4.29,16.36,,
2024-08-01,5.33,-0.17,3.35,,77.74,3.99,4.16,18.59,67.9,0.0
2024-08-02,,-0.08,3.72,,74.99,3.8,3.88,23.39,,
2024-08-05,,-0.11,3.93,,74.46,3.78,3.89,38.57,,
2024-08-06,,-0.09,3.67,,74.6,3.9,3.99,27.71,,
2024-08-07,,-0.04,3.57,,76.68,3.96,4.0,27.85,,
2024-08-08,,-0.05,3.48,,77.64,3.99,4.04,23.79,,
2024-08-09,,-0.11,3.49,,78.28,3.94,4.05,20.37,,
2024-08-12,,-0.11,3.52,,81.45,3.9,4.01,20.71,,
2024-08-13,,-0.08,3.54,,79.81,3.85,3.93,18.12,,
2024-08-14,,-0.11,3.46,,78.47,3.83,3.94,16.19,,
2024-08-15,,-0.16,3.31,,79.66,3.92,4.08,15.23,,
2024-08-16,,-0.17,3.29,,78.05,3.89,4.06,14.8,,
2024-08-19,,-0.2,3.21,,75.82,3.86,4.06,14.65,,
2024-08-20,,-0.17,3.25,,75.27,3.82,3.99,15.88,,
2024-08-21,,-0.13,3.27,,72.76,3.79,3.92,16.27,,
2024-08-22,,-0.13,3.21,,73.72,3.86,3.99,17.55,,
2024-08-23,,-0.09,3.19,,75.82,3.81,3.9,15.86,,
2024-08-26,,-0.09,3.15,,78.4,3.82,3.91,16.15,,
2024-08-27,,0.0,3.17,,76.5,3.83,3.83,15.43,,
2024-08-28,,0.01,3.19,,75.49,3.84,3.83,17.11,,
2024-08-29,,0.0,3.15,,76.9,3.87,3.87,15.65,,
2024-08-30,,0.0,3.13,,74.52,3.91,3.91,15.0,,
2024-08-31,,,3.17,,,,,,,
2024-09-01,5.13,,,,,,,,70.1,0.0
2024-09-02,,,3.17,,,,,15.55,,
2024-09-03,,-0.04,3.31,,71.28,3.84,3.88,20.72,,
2024-09-04,,0.01,3.35,,70.11,3.77,3.76,21.32,,
2024-09-05,,-0.02,3.29,,70.09,3.73,3.75,19.9,,
2024-09-06,,0.06,3.39,,68.58,3.72,3.66,22.38,,
2024-09-09,,0.02,3.36,,69.65,3.7,3.68,19.45,,
2024-09-10,,0.06,3.46,,66.73,3.65,3.59,19.08,,
2024-09-11,,0.03,3.44,,68.25,3.65,3.62,17.69,,
2024-09-12,,0.04,3.39,,69.89,3.68,3.64,17.07,,
2024-09-13,,0.09,3.37,,69.59,3.66,3.57,16.56,,
2024-09-16,,0.07,3.32,,71.1,3.63,3.56,17.14,,
2024-09-17,,0.06,3.25,,72.16,3.65,3.59,17.61,,
2024-09-18,,0.09,3.21,,71.87,3.7,3.61,18.23,,
2024-09-19,,0.14,3.1,,72.86,3.73,3.59,16.33,,
2024-09-20,,0.18,3.15,,72.72,3.73,3.55,16.15,,
2024-09-23,,0.18,3.15,,71.33,3.75,3.57,15.89,,
2024-09-24,,0.25,3.21,,72.34,3.74,3.49,15.39,,
2024-09-25,,0.26,3.19,,70.42,3.79,3.53,15.41,,
2024-09-26,,0.19,3.14,,68.28,3.79,3.6,15.37,,
2024-09-27,,0.2,3.14,,68.72,3.75,3.55,16.96,,
2024-09-30,,0.15,3.03,,68.75,3.81,3.66,16.73,,
2024-10-01,4.83,0.13,3.07,,70.41,3.74,3.61,19.26,70.5,0.0
2024-10-02,,0.16,3.06,,70.74,3.79,3.63,18.9,,
2024-10-03,,0.15,3.04,,74.33,3.85,3.7,20.49,,
2024-10-04,,0.05,2.89,,74.93,3.98,3.93,19.21,,
2024-10-07,,0.04,2.95,,77.76,4.03,3.99,22.64,,
2024-10-08,,0.06,2.99,,74.26,4.04,3.98,21.42,,
2024-10-09,,0.07,2.94,,73.85,4.06,3.99,20.86,,
2024-10-10,,0.11,2.99,,76.46,4.09,3.98,20.93,,
2024-10-11,,0.13,2.98,,76.11,4.08,3.95,20.46,,
2024-10-14,,,2.97,,,,,19.7,,
2024-10-15,,0.08,2.93,,71.22,4.03,3.95,20.64,,
2024-10-16,,0.09,2.9,,70.97,4.02,3.93,19.58,,
2024-10-17,,0.13,2.89,,71.26,4.09,3.96,19.11,,
2024-10-18,,0.13,2.88,,69.78,4.08,3.95,18.03,,
2024-10-21,,0.17,2.88,,71.16,4.19,4.02,18.37,,
2024-10-22,,0.17,2.92,,72.84,4.2,4.03,18.2,,
2024-10-23,,0.17,2.95,,71.37,4.24,4.07,19.24,,
2024-10-24,,0.14,2.93,,70.58,4.21,4.07,19.08,,
2024-10-25,,0.14,2.89,,72.02,4.25,4.11,20.33,,
2024-10-28,,0.16,2.82,,67.65,4.28,4.12,19.8,,
2024-10-29,,0.17,2.85,,67.48,4.28,4.11,19.34,,
2024-10-30,,0.14,2.8,,68.91,4.29,4.15,20.35,,
2024-10-31,,0.12,2.88,,69.58,4.28,4.16,23.16,,
2024-11-01,4.64,0.16,2.83,,69.81,4.37,4.21,21.88,71.8,0.0
2024-11-04,,0.14,2.87,,71.83,4.31,4.17,21.98,,
2024-11-05,,0.07,2.86,,72.26,4.26,4.19,20.49,,
2024-11-06,,0.15,2.74,,71.98,4.42,4.27,16.27,,
2024-11-07,,0.1,2.73,,72.69,4.31,4.21,15.2,,
2024-11-08,,0.04,2.63,,70.69,4.3,4.26,14.94,,
2024-11-11,,,2.63,,,,,14.97,,
2024-11-12,,0.09,2.61,,68.43,4.43,4.34,14.71,,
2024-11-13,,0.17,2.64,,68.76,4.44,4.27,14.02,,
2024-11-14,,0.09,2.6,,68.99,4.43,4.34,14.31,,
2024-11-15,,0.12,2.72,,67.33,4.43,4.31,16.14,,
2024-11-18,,0.13,2.72,,69.46,4.42,4.29,15.58,,
2024-11-19,,0.12,2.69,,69.75,4.39,4.27,16.35,,
2024-11-20,,0.1,2.67,,69.25,4.41,4.31,17.16,,
2024-11-21,,0.09,2.61,,70.39,4.43,4.34,16.87,,
2024-11-22,,0.04,2.61,,71.68,4.41,4.37,15.24,,
2024-11-25,,0.06,2.64,,69.41,4.27,4.21,14.6,,
2024-11-26,,0.09,2.68,,69.05,4.3,4.21,14.1,,
2024-11-27,,0.06,2.69,,69.03,4.25,4.19,14.1,,
2024-11-28,,,2.69,,,,,13.9,,
2024-11-29,,0.05,2.72,,68.26,4.18,4.13,13.51,,
2024-11-30,,,2.74,,,,,,,
2024-12-01,4.48,,,,,,,,74.0,0.0
2024-12-02,,0.02,2.68,,68.35,4.19,4.17,13.34,,
2024-12-03,,0.06,2.66,,70.15,4.23,4.17,13.3,,
2024-12-04,,0.06,2.66,,68.81,4.19,4.13,13.45,,
2024-12-05,,0.02,2.66,,68.58,4.17,4.15,13.54,,
2024-12-06,,0.05,2.67,,68.58,4.15,4.1,12.77,,
2024-12-09,,0.07,2.67,,68.65,4.2,4.13,14.19,,
2024-12-10,,0.07,2.67,,68.85,4.22,4.15,14.18,,
2024-12-11,,0.11,2.64,,70.57,4.26,4.15,13.58,,
2024-12-12,,0.14,2.66,,70.25,4.32,4.18,13.92,,
2024-12-13,,0.15,2.68,,71.54,4.4,4.25,13.81,,
2024-12-16,,0.14,2.69,,71.03,4.39,4.25,14.69,,
2024-12-17,,0.15,2.75,,70.31,4.4,4.25,15.87,,
2024-12-18,,0.15,2.73,,70.8,4.5,4.35,27.62,,
2024-12-19,,0.25,2.91,,70.1,4.57,4.32,24.09,,
2024-12-20,,0.22,2.86,,69.71,4.52,4.3,18.36,,
2024-12-23,,0.29,2.85,,69.5,4.59,4.3,16.78,,
2024-12-24,,0.3,2.86,,70.87,4.59,4.29,14.27,,
2024-12-25,,,,,,,,,,
2024-12-26,,0.28,2.86,,70.38,4.58,4.3,14.73,,
2024-12-27,,0.31,2.84,,71.28,4.62,4.31,15.95,,
2024-12-30,,0.31,2.94,,71.73,4.55,4.24,17.4,,
2024-12-31,,0.33,2.92,,72.44,4.58,4.25,17.35,,
2025-01-01,4.33,,,,,,,,71.7,0.0
2025-01-02,,0.32,2.88,,73.79,4.57,4.25,17.93,,
2025-01-03,,0.32,2.81,,74.64,4.6,4.28,16.13,,
2025-01-06,,0.34,2.76,,74.31,4.62,4.28,16.04,,
2025-01-07,,0.37,2.79,,74.99,4.67,4.3,17.82,,
2025-01-08,,0.39,2.84,,73.99,4.67,4.28,17.7,,
2025-01-09,,0.41,2.82,,,4.68,4.27,18.07,,
2025-01-10,,0.37,2.81,,77.27,4.77,4.4,19.54,,
2025-01-13,,0.39,2.85,,79.57,4.79,4.4,19.19,,
2025-01-14,,0.41,2.8,,78.2,4.78,4.37,18.71,,
2025-01-15,,0.39,2.72,,80.73,4.66,4.27,16.12,,
2025-01-16,,0.38,2.73,,79.35,4.61,4.23,16.6,,
2025-01-17,,0.34,2.64,,78.56,4.61,4.27,15.97,,
2025-01-20,,,2.64,,,,,15.81,,
2025-01-21,,0.28,2.61,,76.79,4.57,4.29,15.06,,
2025-01-22,,0.31,2.59,,76.12,4.6,4.29,15.1,,
2025-01-23,,0.36,2.61,,75.03,4.65,4.29,15.02,,
2025-01-24,,0.36,2.6,,74.97,4.63,4.27,14.85,,
2025-01-27,,0.36,2.66,,73.51,4.53,4.17,17.9,,
2025-01-28,,0.36,2.66,,74.15,4.55,4.19,16.41,,
2025-01-29,,0.34,2.68,,72.94,4.55,4.21,16.56,,
2025-01-30,,0.34,2.67,,73.1,4.52,4.18,15.84,,
2025-01-31,,0.36,2.68,,72.84,4.58,4.22,16.43,,
2025-02-01,4.33,,,,,,,,64.7,0.0
2025-02-03,,0.28,2.73,,73.52,4.54,4.26,18.62,,
2025-02-04,,0.31,2.71,,73.04,4.52,4.21,17.21,,
2025-02-05,,0.26,2.69,,71.39,4.43,4.17,15.77,,
2025-02-06,,0.24,2.66,,70.97,4.45,4.21,15.5,,
2025-02-07,,0.2,2.67,,71.32,4.49,4.29,16.54,,
2025-02-10,,0.23,2.66,,72.73,4.51,4.28,15.81,,
2025-02-11,,0.25,2.66,,73.67,4.54,4.29,16.02,,
2025-02-12,,0.26,2.65,,71.72,4.62,4.36,15.89,,
2025-02-13,,0.21,2.65,,71.66,4.52,4.31,15.1,,
2025-02-14,,0.21,2.62,,71.05,4.47,4.26,14.77,,
2025-02-17,,,2.62,,,,,15.37,,
2025-02-18,,0.26,2.62,,72.21,4.55,4.29,15.35,,
2025-02-19,,0.25,2.68,,72.58,4.53,4.28,15.27,,
2025-02-20,,0.22,2.66,,72.88,4.5,4.28,15.66,,
2025-02-21,,0.23,2.78,,70.72,4.42,4.19,18.21,,
2025-02-24,,0.27,2.78,,71.06,4.4,4.13,18.98,,
2025-02-25,,0.23,2.84,,69.15,4.3,4.07,19.43,,
2025-02-26,,0.2,2.81,,68.87,4.25,4.05,19.1,,
2025-02-27,,0.22,2.81,,70.62,4.29,4.07,21.13,,
2025-02-28,,0.25,2.87,,69.97,4.24,3.99,19.63,,
2025-03-01,4.33,,,,,,,,57.0,0.0
2025-03-03,,0.2,2.94,,68.63,4.16,3.96,22.78,,
2025-03-04,,0.26,2.99,,68.47,4.22,3.96,23.51,,
2025-03-05,,0.29,2.88,,66.58,4.28,3.99,21.93,,
2025-03-06,,0.33,2.99,,66.62,4.29,3.96,24.87,,
2025-03-07,,0.33,2.97,,67.29,4.32,3.99,23.37,,
2025-03-10,,0.33,3.16,,66.31,4.22,3.89,27.86,,
2025-03-11,,0.34,3.22,,66.52,4.28,3.94,26.92,,
2025-03-12,,0.31,3.2,,67.65,4.32,4.01,24.23,,
2025-03-13,,0.33,3.4,,66.82,4.27,3.94,24.66,,
2025-03-14,,0.29,3.25,,67.43,4.31,4.02,21.77,,
2025-03-17,,0.25,3.18,,67.84,4.31,4.06,20.51,,
2025-03-18,,0.25,3.23,,67.49,4.29,4.04,21.7,,
2025-03-19,,0.26,3.19,,67.4,4.25,3.99,19.9,,
2025-03-20,,0.29,3.17,,68.55,4.24,3.95,19.8,,
2025-03-21,,0.31,3.21,,68.52,4.25,3.94,19.28,,
2025-03-24,,0.3,3.05,,69.46,4.34,4.04,17.48,,
2025-03-25,,0.35,3.09,,69.48,4.31,3.96,17.15,,
2025-03-26,,0.37,3.19,,70.05,4.35,3.98,18.33,,
2025-03-27,,0.41,3.27,,70.3,4.38,3.97,18.69,,
2025-03-28,,0.38,3.47,,69.74,4.27,3.89,21.65,,
2025-03-31,,0.34,3.55,,71.87,4.23,3.89,22.28,,
2025-04-01,4.33,0.3,3.5,,71.61,4.17,3.87,21.77,52.2,0.0
2025-04-02,,0.29,3.42,,72.12,4.2,3.91,21.51,,
2025-04-03,,0.35,4.01,,67.43,4.06,3.71,30.02,,
2025-04-04,,0.33,4.45,,62.42,4.01,3.68,45.31,,
2025-04-07,,0.42,4.61,,61.05,4.15,3.73,46.98,,
2025-04-08,,0.55,4.57,,60.04,4.26,3.71,52.33,,
2025-04-09,,0.43,4.37,,62.63,4.34,3.91,33.62,,
2025-04-10,,0.56,4.42,,60.57,4.4,3.84,40.72,,
2025-04-11,,0.52,4.26,,61.91,4.48,3.96,37.56,,
2025-04-14,,0.54,4.14,,61.99,4.38,3.84,30.89,,
2025-04-15,,0.51,4.09,,61.74,4.35,3.84,30.12,,
2025-04-16,,0.52,4.16,,62.88,4.29,3.77,32.64,,
2025-04-17,,0.53,4.02,,65.07,4.34,3.81,29.65,,
2025-04-18,,,,,,,,,,
2025-04-21,,0.67,4.16,,63.48,4.42,3.75,33.82,,
2025-04-22,,0.65,3.99,,64.6,4.41,3.76,30.57,,
2025-04-23,,0.59,3.75,,62.64,4.4,3.81,28.45,,
2025-04-24,,0.55,3.73,,63.55,4.32,3.77,26.47,,
2025-04-25,,0.55,3.67,,63.85,4.29,3.74,24.84,,
2025-04-28,,0.56,3.73,,63.3,4.23,3.67,25.15,,
2025-04-29,,0.54,3.74,,61.84,4.19,3.65,24.17,,
2025-04-30,,0.57,3.94,,59.55,4.17,3.6,24.7,,
2025-05-01,4.33,0.55,3.78,,60.59,4.25,3.7,24.6,52.2,0.0
2025-05-02,,0.5,3.6,,59.67,4.33,3.83,22.68,,
2025-05-05,,0.53,3.6,,58.5,4.36,3.83,23.64,,
2025-05-06,,0.52,3.66,,60.42,4.3,3.78,24.76,,
2025-05-07,,0.48,3.67,,59.42,4.26,3.78,23.55,,
2025-05-08,,0.47,3.51,,61.25,4.37,3.9,22.48,,
2025-05-09,,0.49,3.53,,62.37,4.37,3.88,21.9,,
2025-05-12,,0.47,3.15,,63.32,4.45,3.98,18.39,,
2025-05-13,,0.47,3.09,,65.04,4.49,4.02,18.22,,
2025-05-14,,0.48,3.1,,64.48,4.53,4.05,18.62,,
2025-05-15,,0.49,3.2,,63.03,4.45,3.96,17.83,,
2025-05-16,,0.45,3.16,,63.84,4.43,3.98,17.24,,
2025-05-19,,0.49,3.21,,63.98,4.46,3.97,18.14,,
2025-05-20,,0.51,3.2,,63.97,4.48,3.97,18.09,,
2025-05-21,,0.58,3.25,,62.93,4.58,4.0,20.87,,
2025-05-22,,0.54,3.32,,62.55,4.54,4.0,20.28,,
2025-05-23,,0.51,3.4,,62.89,4.51,4.0,22.29,,
2025-05-26,,,3.4,,,,,20.57,,
2025-05-27,,0.51,3.24,,61.61,4.43,3.92,18.96,,
2025-05-28,,0.51,3.23,,62.54,4.47,3.96,19.31,,
2025-05-29,,0.51,3.22,,61.66,4.43,3.92,19.18,,
2025-05-30,,0.52,3.31,,61.46,4.41,3.89,18.57,,
2025-05-31,,,3.32,,,,,,,
2025-06-01,4.33,,,,,,,,60.7,0.0
2025-06-02,,0.52,3.27,,63.27,4.46,3.94,18.36,,
2025-06-03,,0.5,3.19,,64.1,4.46,3.96,17.69,,
2025-06-04,,0.5,3.23,,63.57,4.37,3.87,17.61,,
2025-06-05,,0.48,3.18,,64.06,4.4,3.92,18.48,,
2025-06-06,,0.47,3.09,,65.3,4.51,4.04,16.77,,
2025-06-09,,0.48,3.12,,65.99,4.49,4.01,17.16,,
2025-06-10,,0.46,3.12,,65.66,4.47,4.01,16.95,,
2025-06-11,,0.47,3.12,,68.91,4.41,3.94,17.26,,
2025-06-12,,0.46,3.17,,68.73,4.36,3.9,18.02,,
2025-06-13,,0.45,3.18,,73.84,4.41,3.96,20.82,,
2025-06-16,,0.49,3.1,,72.53,4.46,3.97,19.11,,
2025-06-17,,0.45,3.17,,75.62,4.39,3.94,21.6,,
2025-06-18,,0.44,3.16,,75.89,4.38,3.94,20.14,,
2025-06-19,,,3.16,,,,,22.17,,
2025-06-20,,0.48,3.13,,75.72,4.38,3.9,20.62,,
2025-06-23,,0.5,3.12,,69.36,4.34,3.84,19.83,,
2025-06-24,,0.55,3.06,,65.45,4.3,3.75,17.48,,
2025-06-25,,0.55,3.04,,65.98,4.29,3.74,16.76,,
2025-06-26,,0.56,3.04,,66.44,4.26,3.7,16.59,,
2025-06-27,,0.56,3.02,,66.66,4.29,3.73,16.32,,
2025-06-30,,0.52,2.96,,66.3,4.24,3.72,16.73,,
2025-07-01,4.33,0.48,2.91,,66.64,4.26,3.78,16.83,61.7,0.0
2025-07-02,,0.52,2.88,,68.66,4.3,3.78,16.64,,
2025-07-03,,0.47,2.8,,68.13,4.35,3.88,16.38,,
2025-07-04,,,2.8,,,,,17.48,,
2025-07-07,,0.5,2.86,,69.16,4.4,3.9,17.79,,
2025-07-08,,0.52,2.92,,69.55,4.42,3.9,16.81,,
2025-07-09,,0.48,2.94,,69.61,4.34,3.86,15.94,,
2025-07-10,,0.49,2.92,,67.78,4.35,3.86,15.78,,
2025-07-11,,0.53,2.97,,69.63,4.43,3.9,16.4,,
2025-07-14,,0.53,2.95,,68.19,4.43,3.9,17.2,,
2025-07-15,,0.55,2.95,,67.76,4.5,3.95,17.38,,
2025-07-16,,0.58,3.0,,67.13,4.46,3.88,17.16,,
2025-07-17,,0.56,2.91,,68.76,4.47,3.91,16.52,,
2025-07-18,,0.56,2.93,,68.53,4.44,3.88,16.41,,
2025-07-21,,0.53,2.89,,68.39,4.38,3.85,16.65,,
2025-07-22,,0.52,2.9,,67.56,4.35,3.83,16.5,,
2025-07-23,,0.52,2.83,,66.05,4.4,3.88,15.37,,
2025-07-24,,0.52,2.82,,67.16,4.43,3.91,15.39,,
2025-07-25,,0.49,2.84,,66.38,4.4,3.91,14.93,,
2025-07-28,,0.51,2.82,,67.81,4.42,3.91,15.03,,
2025-07-29,,0.48,2.86,,70.27,4.34,3.86,15.98,,
2025-07-30,,0.44,2.89,,71.09,4.38,3.94,15.48,,
2025-07-31,,0.43,2.86,,70.36,4.37,3.94,16.72,,
2025-08-01,4.33,0.54,3.13,,68.39,4.23,3.69,20.38,58.2,0.0
2025-08-04,,0.53,3.02,,67.33,4.22,3.69,17.52,,
2025-08-05,,0.5,2.98,,66.2,4.22,3.72,17.85,,
2025-08-06,,0.53,2.98,,65.38,4.22,3.69,16.77,,
2025-08-07,,0.51,2.95,,64.9,4.23,3.72,16.57,,
2025-08-08,,0.51,2.94,,64.94,4.27,3.76,15.15,,
2025-08-11,,0.51,2.94,,65.03,4.27,3.76,16.25,,
2025-08-12,,0.57,2.93,,64.22,4.29,3.72,14.73,,
2025-08-13,,0.57,2.9,,63.68,4.24,3.67,14.49,,
2025-08-14,,0.55,2.89,,64.99,4.29,3.74,14.83,,
2025-08-15,,0.58,2.88,,63.78,4.33,3.75,15.09,,
2025-08-18,,0.57,2.88,,64.51,4.34,3.77,14.99,,
2025-08-19,,0.55,2.9,,63.38,4.3,3.75,15.57,,
2025-08-20,,0.55,2.94,,64.19,4.29,3.74,15.69,,
2025-08-21,,0.54,2.95,,64.56,4.33,3.79,16.6,,
2025-08-22,,0.58,2.88,,64.08,4.26,3.68,14.22,,
2025-08-25,,0.55,2.8,,65.18,4.28,3.73,14.79,,
2025-08-26,,0.65,2.78,,63.6,4.26,3.61,14.62,,
2025-08-27,,0.65,2.78,,64.49,4.24,3.59,14.85,,
2025-08-28,,0.6,2.75,,64.96,4.22,3.62,14.43,,
2025-08-29,,0.64,2.82,,64.36,4.23,3.59,15.36,,
2025-08-31,,,2.84,,,,,,,
2025-09-01,4.22,,2.84,,,,,16.12,55.1,0.0
2025-09-02,,0.62,2.92,,65.95,4.28,3.66,17.17,,
2025-09-03,,0.61,2.88,,64.36,4.22,3.61,16.35,,
2025-09-04,,0.58,2.84,,63.81,4.17,3.59,15.3,,
2025-09-05,,0.59,2.83,,62.22,4.1,3.51,15.18,,
2025-09-08,,0.56,2.84,,62.6,4.05,3.49,15.11,,
2025-09-09,,0.54,2.87,,62.97,4.08,3.54,15.04,,
2025-09-10,,0.5,2.84,,64.01,4.04,3.54,15.35,,
2025-09-11,,0.49,2.78,,62.71,4.01,3.52,14.71,,
2025-09-12,,0.5,2.79,,63.02,4.06,3.56,14.76,,
2025-09-15,,0.51,2.75,,63.66,4.05,3.54,15.69,,
2025-09-16,,0.53,2.79,,64.89,4.04,3.51,16.36,,
2025-09-17,,0.54,2.79,,64.41,4.06,3.52,15.72,,
2025-09-18,,0.54,2.71,,63.91,4.11,3.57,15.7,,
2025-09-19,,0.57,2.72,,63.02,4.14,3.57,15.45,,
2025-09-22,,0.54,2.69,,62.99,4.15,3.61,16.1,,
2025-09-23,,0.59,2.71,,63.76,4.12,3.53,16.64,,
2025-09-24,,0.59,2.7,,65.4,4.16,3.57,16.18,,
2025-09-25,,0.54,2.76,,65.51,4.18,3.64,16.74,,
2025-09-26,,0.57,2.75,,66.5,4.2,3.63,15.29,,
2025-09-29,,0.52,2.74,,64.27,4.15,3.63,16.12,,
2025-09-30,,0.56,2.8,,63.17,4.16,3.6,16.28,,
2025-10-01,4.09,0.57,2.81,,62.59,4.12,3.55,16.29,53.6,0.0
2025-10-02,,0.55,2.81,,61.28,4.1,3.55,16.63,,
2025-10-03,,0.55,2.8,,61.65,4.13,3.58,16.65,,
2025-10-06,,0.58,2.76,,62.49,4.18,3.6,16.37,,
2025-10-07,,0.57,2.82,,62.52,4.14,3.57,17.24,,
2025-10-08,,0.55,2.84,,63.37,4.13,3.58,16.3,,
2025-10-09,,0.54,2.95,,62.36,4.14,3.6,16.43,,
2025-10-10,,0.53,3.18,,59.75,4.05,3.52,21.66,,
2025-10-13,,,3.18,,,,,19.03,,
2025-10-14,,0.55,3.11,,59.52,4.03,3.48,20.81,,
2025-10-15,,0.55,2.95,,59.08,4.05,3.5,20.64,,
2025-10-16,,0.58,3.04,,58.29,3.99,3.41,25.31,,
2025-10-17,,0.56,3.04,,58.3,4.02,3.46,20.78,,
2025-10-20,,0.54,2.99,,58.34,4.0,3.46,18.23,,
2025-10-21,,0.53,2.97,,58.66,3.98,3.45,17.87,,
2025-10-22,,0.52,3.01,,59.3,3.97,3.45,18.6,,
2025-10-23,,0.53,2.96,,62.44,4.01,3.48,17.3,,
2025-10-24,,0.54,2.88,,62.27,4.02,3.48,16.37,,
2025-10-27,,0.53,2.8,,62.13,4.01,3.48,15.79,,
2025-10-28,,0.52,2.82,,60.97,3.99,3.47,16.42,,
2025-10-29,,0.49,2.76,,61.26,4.08,3.59,16.92,,
2025-10-30,,0.5,2.85,,61.36,4.11,3.61,16.91,,
2025-10-31,,0.51,2.94,,61.75,4.11,3.6,17.44,,
2025-11-01,3.88,,,,,,,,51.0,0.0
2025-11-03,,0.53,3.04,,61.79,4.13,3.6,17.17,,
2025-11-04,,0.52,3.13,,61.38,4.1,3.58,19.0,,
2025-11-05,,0.54,3.05,,60.4,4.17,3.63,18.01,,
2025-11-06,,0.54,3.13,,60.24,4.11,3.57,19.5,,
2025-11-07,,0.56,3.15,,60.54,4.11,3.55,19.08,,
2025-11-10,,0.55,3.02,,60.94,4.13,3.58,17.6,,
2025-11-11,,,3.02,,,,,17.28,,
2025-11-12,,0.52,3.02,,59.3,4.08,3.56,17.51,,
2025-11-13,,0.53,3.09,,59.54,4.11,3.58,20.0,,
2025-11-14,,0.52,3.07,,60.87,4.14,3.62,19.83,,
2025-11-17,,0.53,3.13,,60.66,4.13,3.6,22.38,,
2025-11-18,,0.54,3.2,,61.51,4.12,3.58,24.69,,
2025-11-19,,0.55,3.17,,60.27,4.13,3.58,23.66,,
2025-11-20,,0.55,3.17,,60.07,4.1,3.55,26.42,,
2025-11-21,,0.55,3.19,,58.86,4.06,3.51,23.43,,
2025-11-24,,0.58,3.15,,59.11,4.04,3.46,20.52,,
2025-11-25,,0.58,3.1,,58.25,4.01,3.43,18.56,,
2025-11-26,,0.55,3.0,,58.81,4.0,3.45,17.19,,
2025-11-27,,,3.0,,,,,17.21,,
2025-11-28,,0.55,2.95,,58.58,4.02,3.47,16.35,,
2025-11-30,,,2.92,,,,,,,
2025-12-01,3.72,0.55,2.94,,59.47,4.09,3.54,17.24,52.9,0.0
2025-12-02,,0.58,2.92,,58.81,4.09,3.51,16.59,,
2025-12-03,,0.57,2.89,,59.09,4.06,3.49,16.08,,
2025-12-04,,0.59,2.88,,59.82,4.11,3.52,15.78,,
2025-12-05,,0.58,2.85,,60.23,4.14,3.56,15.41,,
2025-12-08,,0.6,2.89,,59.04,4.17,3.57,16.66,,
2025-12-09,,0.57,2.89,,58.4,4.18,3.61,16.93,,
2025-12-10,,0.59,2.91,,58.67,4.13,3.54,15.77,,
2025-12-11,,0.62,2.88,,57.76,4.14,3.52,14.85,,
2025-12-12,,0.67,2.91,,57.61,4.19,3.52,15.74,,
2025-12-15,,0.67,2.91,,56.97,4.18,3.51,16.5,,
2025-12-16,,0.67,2.98,,55.44,4.15,3.48,16.48,,
2025-12-17,,0.67,2.99,,56.07,4.16,3.49,17.62,,
2025-12-18,,0.66,2.95,,56.22,4.12,3.46,16.87,,
2025-12-19,,0.68,2.9,,56.8,4.16,3.48,14.91,,
2025-12-22,,0.73,2.88,,58.18,4.17,3.44,14.08,,
2025-12-23,,0.7,2.83,,58.55,4.18,3.48,14.0,,
2025-12-24,,0.68,2.84,,58.72,4.15,3.47,13.47,,
2025-12-25,,,,,,,,,,
2025-12-26,,0.68,2.86,,56.6,4.14,3.46,13.6,,
2025-12-29,,0.67,2.87,,57.89,4.12,3.45,14.2,,
2025-12-30,,0.69,2.84,,57.79,4.14,3.45,14.33,,
2025-12-31,,0.71,2.81,,57.26,4.18,3.47,14.95,,
2026-01-01,3.64,,,,,,,,56.4,0.0
